Filename	Total Sequences	Total Length	Total Bases	GC Content (%)	AT Content (%)	N50	N75	N90	Median Length	Mean Length	Longest Sequence	Shortest Sequence	Ambiguous Bases (%)	Sequences with Ns	Max N-run	Homopolymers	Max Homopolymer	Duplicate Sequences	Short Sequences (<100 bp)	Long Sequences (>1M bp)	File Size (MB)	Warnings	E. coli Status	Best Species	ANI (%)	E. coli / Shigella Confirmed	Contamination Suspected
GCA_040417195.1.fna	210	4980357	4980357	50.74	49.26	94087	40466	13262	4631.5	23716	283726	221	0.00	0	0	20956	12	0	0	0	4.83	2	GC:Normal,Size:Normal	Escherichia Coli K12	99.35	Yes	No
GCA_040712465.1.fna	131	5111903	5111903	50.59	49.40	122488	58014	25293	9873	39022	263922	570	0.00	0	0	21741	10	0	0	0	4.95	0	GC:Normal,Size:Normal	Escherichia Coli K12	99.46	Yes	No
GCA_040418805.1.fna	230	5043804	5043804	50.67	49.33	58994	29707	16447	7439.0	21930	189693	208	0.00	0	0	21301	10	0	0	0	4.89	1	GC:Normal,Size:Normal	Escherichia Coli K12	99.43	Yes	No
GCA_907163765.1.fna	144	5108629	5108629	50.74	49.26	191000	109209	34463	924.0	35477	622975	114	0.00	0	0	21777	11	0	0	0	4.95	1	GC:Normal,Size:Normal	Escherichia Coli K12	96.82	Yes	No
GCA_040418845.1.fna	270	5051442	5051442	50.67	49.33	44755	22934	11464	6099.5	18709	178330	216	0.00	0	0	21368	10	0	0	0	4.90	1	GC:Normal,Size:Normal	Escherichia Coli K12	99.43	Yes	No
GCA_040418525.1.fna	185	4980378	4980378	50.74	49.26	97485	52113	19482	4347	26921	358695	226	0.00	0	0	21004	11	0	0	0	4.83	1	GC:Normal,Size:Normal	Escherichia Coli K12	99.4	Yes	No
GCA_037048945.1.fna	314	5259652	5259652	50.50	49.50	118913	53043	17808	1167.5	16750	363686	202	0.00	0	0	22682	10	0	0	0	5.11	1	GC:Normal,Size:Normal	Escherichia Coli K12	96.82	Yes	No
GCA_040417725.1.fna	257	5049567	5049567	50.70	49.30	70209	33313	12154	4611	19648	169315	205	0.00	0	0	21606	10	0	0	0	4.90	1	GC:Normal,Size:Normal	Escherichia Coli K12	99.46	Yes	No
GCA_972176215.1.fna	73	5021279	5021279	50.78	49.22	168689	111895	58044	14775	68785	602593	611	0.00	0	0	21321	10	0	0	0	4.86	0	GC:Normal,Size:Normal	Escherichia Coli K12	96.75	Yes	No
GCA_040418245.1.fna	143	5052242	5052242	50.69	49.31	141400	61051	36818	4570	35330	359452	225	0.00	0	0	21345	12	0	0	0	4.89	1	GC:Normal,Size:Normal	Escherichia Coli K12	99.39	Yes	No
GCA_040417445.1.fna	274	5026580	5026580	50.68	49.32	46438	24116	10668	6229.0	18345	157858	208	0.00	0	0	21158	10	0	0	0	4.88	1	GC:Normal,Size:Normal	Escherichia Coli K12	99.36	Yes	No
GCA_970664135.1.fna	102	5152786	5152786	50.70	49.30	239930	115326	41651	5619.5	50518	607041	502	0.00	0	0	21896	10	0	0	0	4.99	0	GC:Normal,Size:Normal	Escherichia Coli K12	96.78	Yes	No
GCA_040417985.1.fna	278	5035631	5035631	50.70	49.30	45239	27434	11464	5941.0	18114	160573	226	0.00	0	0	21181	10	0	0	0	4.89	1	GC:Normal,Size:Normal	Escherichia Coli K12	99.41	Yes	No
GCA_037048165.1.fna	131	4887246	4887246	50.70	49.30	112598	53662	24794	11271	37307	228171	222	0.00	0	0	20583	11	0	0	0	4.73	1	GC:Normal,Size:Normal	Escherichia Coli K12	99.38	Yes	No
GCA_040416625.1.fna	195	5059118	5059118	50.63	49.37	83692	40250	19272	5875	25944	226022	208	0.00	0	0	21417	10	0	0	0	4.90	0	GC:Normal,Size:Normal	Escherichia Coli K12	99.46	Yes	No
GCA_040416615.1.fna	194	5064267	5064267	50.63	49.37	70607	41152	19272	5946.5	26104	269033	202	0.00	0	0	21459	10	0	0	0	4.91	0	GC:Normal,Size:Normal	Escherichia Coli K12	99.42	Yes	No
GCA_009900285.1.fna	130	4993602	4993602	50.87	49.13	155603	75993	42425	2609.5	38412	347390	204	0.00	0	0	21108	10	0	0	0	4.84	0	GC:Normal,Size:Normal	Escherichia Coli K12	99.42	Yes	No
GCA_964006685.1.fna	173	5045427	5045427	50.63	49.37	147205	89243	26763	2095	29164	339771	219	0.00	0	0	21375	10	0	0	0	4.89	0	GC:Normal,Size:Normal	Escherichia Coli K12	96.81	Yes	No
GCA_964205945.1.fna	192	5182265	5182265	50.68	49.32	112718	66974	29820	2214.0	26991	335827	200	0.00	0	0	22095	10	0	0	0	5.03	0	GC:Normal,Size:Normal	Escherichia Coli K12	96.84	Yes	No
GCA_040417365.1.fna	144	5043952	5043952	50.69	49.31	133332	61051	37545	4524.5	35027	358694	225	0.00	0	0	21270	12	0	0	0	4.88	1	GC:Normal,Size:Normal	Escherichia Coli K12	99.34	Yes	No
GCA_037049305.1.fna	298	5370277	5370277	50.63	49.37	99499	46978	13576	1471.0	18021	228186	201	0.00	0	0	23151	10	0	0	0	5.22	1	GC:Normal,Size:Normal	Escherichia Coli K12	96.78	Yes	No
GCA_964205785.1.fna	81	5175442	5175442	50.60	49.40	206849	117167	56411	10543	63894	389144	293	0.00	0	0	22275	10	0	0	0	5.01	0	GC:Normal,Size:Normal	Escherichia Coli K12	96.77	Yes	No
GCA_040416035.1.fna	153	5048355	5048355	50.68	49.32	137372	61551	37545	3811	32996	361323	221	0.00	0	0	21331	11	0	0	0	4.89	1	GC:Normal,Size:Normal	Escherichia Coli K12	99.39	Yes	No
GCA_040713875.1.fna	170	5192672	5192672	50.44	49.56	110706	47953	21759	6201.5	30545	223904	509	0.01	0	0	22350	12	0	0	0	5.03	1	GC:Normal,Size:Normal	Escherichia Coli K12	99.65	Yes	No
GCA_040415855.1.fna	188	5047172	5047172	50.62	49.38	91118	41152	24898	5275.5	26847	269033	208	0.00	0	0	21380	10	0	0	0	4.89	0	GC:Normal,Size:Normal	Escherichia Coli K12	99.46	Yes	No
GCA_040416095.1.fna	276	5046760	5046760	50.71	49.29	66642	24326	9704	5020.5	18285	238240	205	0.00	0	0	21553	11	0	0	0	4.90	2	GC:Normal,Size:Normal	Escherichia Coli K12	99.48	Yes	No
GCA_964006905.1.fna	2412	5578439	5578439	50.29	49.71	6878	2132	877	864.0	2313	46371	200	0.00	0	0	24565	10	0	0	0	5.69	2	GC:Normal,Size:Atypical	Escherichia Coli K12	96.78	Yes	No
GCA_040415455.1.fna	264	5021719	5021719	50.72	49.28	73574	31744	11003	4592.0	19022	203726	209	0.00	0	0	21414	127	0	0	0	4.87	2	GC:Normal,Size:Normal	Escherichia Coli K12	99.5	Yes	No
GCA_040415475.1.fna	208	5005678	5005678	50.71	49.29	99994	50381	15564	2946.0	24066	358315	225	0.00	0	0	21104	12	0	0	0	4.85	2	GC:Normal,Size:Normal	Escherichia Coli K12	99.39	Yes	No
GCA_040416505.1.fna	222	5037942	5037942	50.71	49.29	76287	37681	13826	5141.5	22693	196640	207	0.00	0	0	21246	12	0	0	0	4.88	2	GC:Normal,Size:Normal	Escherichia Coli K12	99.38	Yes	No
GCA_907163635.1.fna	180	5215489	5215489	50.74	49.26	164040	109215	39536	607.5	28975	622885	112	0.00	0	0	22334	10	0	0	0	5.06	0	GC:Normal,Size:Normal	Escherichia Coli K12	96.81	Yes	No
GCA_964205435.1.fna	1754	5944057	5944057	50.42	49.58	13004	3411	1204	1020.0	3389	108959	200	0.00	0	0	26132	10	0	0	0	5.97	2	GC:Normal,Size:Atypical	Escherichia Coli K12	96.69	Yes	No
GCA_040416265.1.fna	191	5041899	5041899	50.69	49.31	119275	53381	22467	3523	26397	337132	226	0.00	0	0	21276	10	0	0	0	4.89	0	GC:Normal,Size:Normal	Escherichia Coli K12	99.4	Yes	No
GCA_907163815.1.fna	141	5110065	5110065	50.74	49.26	246470	124115	59003	740	36242	834595	112	0.00	0	0	21778	11	0	0	0	4.95	1	GC:Normal,Size:Normal	Escherichia Coli K12	96.83	Yes	No
GCA_966591305.1.fna	272	5044739	5044739	50.78	49.22	54307	28251	11841	4941.0	18547	242027	507	0.00	0	0	21905	11	0	0	0	4.91	2	GC:Normal,Size:Normal	Escherichia Coli K12	99.29	Yes	No
GCA_009793215.1.fna	99	4743072	4743072	50.70	49.30	188117	121741	88390	1702	47910	706842	237	0.00	0	0	19748	10	0	0	0	4.59	0	GC:Normal,Size:Normal	Escherichia Coli K12	99.51	Yes	No
GCA_964006295.1.fna	166	5112343	5112343	50.65	49.35	124102	74851	18657	4858.0	30797	259053	204	0.00	0	0	21947	10	0	0	0	4.96	0	GC:Normal,Size:Normal	Escherichia Coli K12	96.78	Yes	No
GCA_964006615.1.fna	250	5283595	5283595	50.65	49.35	87879	36443	13988	4297.5	21134	236183	253	0.00	0	0	22755	10	0	0	0	5.13	1	GC:Normal,Size:Normal	Escherichia Coli K12	96.83	Yes	No
GCA_009793635.1.fna	108	4786391	4786391	50.72	49.28	169883	116740	79194	1326.5	44318	706866	220	0.00	0	0	19951	10	0	0	0	4.63	0	GC:Normal,Size:Normal	Escherichia Coli K12	99.54	Yes	No
GCA_037047685.1.fna	237	5241275	5241275	50.74	49.26	112923	52187	16321	1966	22115	230264	200	0.00	0	0	22552	10	0	0	0	5.09	1	GC:Normal,Size:Normal	Escherichia Coli K12	96.78	Yes	No
GCA_011763275.1.fna	174	4704788	4704788	50.74	49.26	90929	44695	26168	2809.0	27039	242372	206	0.00	0	0	19753	11	0	0	0	4.56	1	GC:Normal,Size:Normal	Escherichia Coli K12	99.55	Yes	No
GCA_964006655.1.fna	145	5063706	5063706	49.80	50.20	120003	58145	21676	8873	34922	292994	343	0.00	0	0	23189	11	0	0	0	4.91	1	GC:Normal,Size:Normal	Escherichia Coli K12	99.56	Yes	No
GCA_037046935.1.fna	241	5250905	5250905	50.77	49.23	130866	51901	15101	2602	21788	256678	200	0.00	0	0	22524	10	0	0	0	5.10	1	GC:Normal,Size:Normal	Escherichia Coli K12	96.77	Yes	No
GCA_040713755.1.fna	172	5308062	5308062	50.38	49.61	106922	51843	24267	6498.0	30861	255765	516	0.00	0	0	22671	12	0	0	0	5.14	1	GC:Normal,Size:Normal	Escherichia Coli K12	99.66	Yes	No
GCA_030025055.1.fna	193	5154594	5154594	50.74	49.26	243624	117678	25893	1056	26708	404044	200	0.00	3	76	21806	11	0	0	0	4.99	2	GC:Normal,Size:Normal	Escherichia Coli K12	96.8	Yes	No
GCA_040416105.1.fna	231	5034905	5034905	50.66	49.34	56294	30836	14077	7705	21796	203365	216	0.00	0	0	21234	10	0	0	0	4.88	1	GC:Normal,Size:Normal	Escherichia Coli K12	99.42	Yes	No
GCA_964006635.1.fna	126	4999078	4999078	50.75	49.25	192138	91858	27056	6502.0	39675	355467	237	0.00	0	0	21199	10	0	0	0	4.84	0	GC:Normal,Size:Normal	Escherichia Coli K12	96.78	Yes	No
GCA_009824335.1.fna	165	4870603	4870603	50.73	49.27	174322	106493	39783	641	29519	665936	206	0.00	0	0	20468	9	0	0	0	4.72	0	GC:Normal,Size:Normal	Escherichia Coli K12	99.51	Yes	No
GCA_966555485.1.fna	112	4909871	4909871	50.74	49.26	123989	59408	23781	19227.0	43838	303387	502	0.00	0	0	20641	22	0	0	0	4.76	1	GC:Normal,Size:Normal	Escherichia Coli K12	99.54	Yes	No
GCA_040417745.1.fna	221	5023298	5023298	50.73	49.27	80167	39190	14658	4570	22730	219752	221	0.00	0	0	21139	13	0	0	0	4.87	2	GC:Normal,Size:Normal	Escherichia Coli K12	99.36	Yes	No
GCA_964205535.1.fna	146	4953403	4953403	50.69	49.31	172963	74881	27440	3277.5	33927	452011	202	0.00	0	0	20980	10	0	0	0	4.80	0	GC:Normal,Size:Normal	Escherichia Coli K12	96.79	Yes	No
GCA_040417335.1.fna	170	5044499	5044499	50.70	49.30	106566	57769	22467	4261.0	29674	358694	226	0.00	0	0	21262	12	0	0	0	4.89	1	GC:Normal,Size:Normal	Escherichia Coli K12	99.37	Yes	No
GCA_964205425.1.fna	131	5158804	5158804	50.60	49.40	124139	69351	27547	9350	39380	301506	303	0.00	0	0	22191	10	0	0	0	5.00	0	GC:Normal,Size:Normal	Escherichia Coli K12	96.86	Yes	No
GCA_040419105.1.fna	212	5028461	5028461	50.71	49.29	95504	45230	19330	2927.5	23719	339583	218	0.00	0	0	21199	11	0	0	0	4.87	2	GC:Normal,Size:Normal	Escherichia Coli K12	99.37	Yes	No
GCA_009793505.1.fna	92	4747631	4747631	50.68	49.32	167571	119141	79194	2692.5	51605	706683	204	0.00	0	0	19806	10	0	0	0	4.59	0	GC:Normal,Size:Normal	Escherichia Coli K12	99.55	Yes	No
GCA_964206355.1.fna	130	5165652	5165652	50.56	49.44	190889	80442	25195	6061.0	39736	484459	285	0.00	0	0	22120	10	0	0	0	5.00	0	GC:Normal,Size:Normal	Escherichia Coli K12	96.82	Yes	No
GCA_037048925.1.fna	246	4890566	4890566	50.63	49.37	63488	33901	13988	4102.5	19880	178702	207	0.00	0	0	20517	10	0	0	0	4.75	1	GC:Normal,Size:Normal	Escherichia Coli K12	99.45	Yes	No
GCA_040417485.1.fna	253	4924580	4924580	50.79	49.21	69753	36134	12633	3287	19465	209592	218	0.00	0	0	20588	9	0	0	0	4.78	1	GC:Normal,Size:Normal	Escherichia Coli K12	99.36	Yes	No
GCA_964006795.1.fna	278	5137350	5137350	50.69	49.31	51427	26220	12110	5872.5	18480	265003	231	0.00	0	0	21893	10	0	0	0	4.99	1	GC:Normal,Size:Normal	Escherichia Coli K12	96.8	Yes	No
GCA_025544835.1.fna	365	4736055	4736055	50.65	49.33	34390	21862	9334	3485	12975	109553	201	0.02	8	100	19900	27	0	0	0	4.61	3	GC:Normal,Size:Normal	Escherichia Coli K12	99.25	Yes	No
GCA_009824835.1.fna	81	4680920	4680920	50.73	49.27	163188	121741	88935	2935	57789	550854	206	0.00	0	0	19430	10	0	0	0	4.53	0	GC:Normal,Size:Normal	Escherichia Coli K12	99.54	Yes	No
GCA_037047175.1.fna	192	5123945	5123945	50.73	49.27	123599	61928	21045	3462.5	26687	273958	207	0.00	0	0	21939	10	0	0	0	4.97	0	GC:Normal,Size:Normal	Escherichia Coli K12	96.82	Yes	No
GCA_907163735.1.fna	182	5290876	5290876	50.70	49.30	205093	132429	41614	542.5	29071	511563	115	0.00	0	0	22575	10	0	0	0	5.13	0	GC:Normal,Size:Normal	Escherichia Coli K12	96.76	Yes	No
GCA_040418745.1.fna	208	5060439	5060439	50.64	49.36	65440	35798	16679	6111.0	24329	269033	216	0.00	0	0	21419	10	0	0	0	4.91	1	GC:Normal,Size:Normal	Escherichia Coli K12	99.4	Yes	No
GCA_964205725.1.fna	143	5419730	5419730	50.60	49.40	169607	82810	29503	5064	37900	466203	281	0.00	0	0	23507	10	0	0	0	5.25	0	GC:Normal,Size:Normal	Escherichia Coli K12	96.76	Yes	No
GCA_009823945.1.fna	128	4765907	4765907	50.77	49.23	134452	76800	37830	2641.5	37234	345269	213	0.00	0	0	19899	11	0	0	0	4.62	1	GC:Normal,Size:Normal	Escherichia Coli K12	99.45	Yes	No
GCA_022488185.1.fna	1	4640960	4640960	50.79	49.20	4640960	4640960	4640960	4640960	4640960	4640960	4640960	0.01	1	4	19225	11	0	0	1	4.48	2	GC:Normal,Size:Normal	Escherichia Coli K12	99.67	Yes	No
GCA_040415685.1.fna	190	5051624	5051624	50.67	49.33	107457	52108	19270	4151.5	26587	369840	214	0.00	0	0	21638	11	0	0	0	4.89	1	GC:Normal,Size:Normal	Escherichia Coli K12	99.45	Yes	No
GCA_964206385.1.fna	371	4830810	4830810	50.70	49.30	30229	16546	7900	6053	13021	132412	202	0.00	0	0	20299	11	0	0	0	4.71	2	GC:Normal,Size:Normal	Escherichia Coli K12	99.42	Yes	No
GCA_040416355.1.fna	219	5059086	5059086	50.68	49.32	97518	33353	15632	4909	23101	229052	209	0.00	0	0	21684	9	0	0	0	4.90	1	GC:Normal,Size:Normal	Escherichia Coli K12	99.52	Yes	No
GCA_040416565.1.fna	192	5062208	5062208	50.64	49.36	83692	40193	22440	5376.0	26366	279227	208	0.00	0	0	21414	10	0	0	0	4.91	0	GC:Normal,Size:Normal	Escherichia Coli K12	99.44	Yes	No
GCA_040416405.1.fna	243	5032176	5032176	50.68	49.32	48922	31136	14424	6879	20709	203345	208	0.00	0	0	21225	10	0	0	0	4.88	1	GC:Normal,Size:Normal	Escherichia Coli K12	99.44	Yes	No
GCA_040507365.1.fna	211	5052775	5052775	50.65	49.35	70607	37725	17933	5638	23947	269033	226	0.00	0	0	21356	10	0	0	0	4.90	1	GC:Normal,Size:Normal	Escherichia Coli K12	99.45	Yes	No
GCA_040418945.1.fna	259	5045485	5045485	50.67	49.33	49922	29985	12434	6097	19481	213816	202	0.00	0	0	21291	10	0	0	0	4.90	1	GC:Normal,Size:Normal	Escherichia Coli K12	99.42	Yes	No
GCA_964006405.1.fna	99	5168098	5168098	50.60	49.40	190971	120746	42198	9336	52203	389134	293	0.00	0	0	22233	10	0	0	0	5.00	0	GC:Normal,Size:Normal	Escherichia Coli K12	96.75	Yes	No
GCA_964205545.1.fna	90	5167449	5167449	50.60	49.40	180617	117061	41504	10937.0	57416	389139	344	0.00	0	0	22232	10	0	0	0	5.00	0	GC:Normal,Size:Normal	Escherichia Coli K12	96.8	Yes	No
GCA_009795595.1.fna	121	4748624	4748624	50.69	49.31	188117	119371	85011	988	39245	706730	206	0.00	0	0	19796	10	0	0	0	4.60	0	GC:Normal,Size:Normal	Escherichia Coli K12	99.51	Yes	No
GCA_037047235.1.fna	243	5201573	5201573	50.48	49.52	103614	70696	21298	1395	21406	303172	200	0.00	0	0	22375	10	0	0	0	5.05	1	GC:Normal,Size:Normal	Escherichia Coli K12	96.82	Yes	No
GCA_050112975.1.fna	9	5174040	5174040	50.62	49.38	4910838	4910838	4910838	18886	574893	4910838	527	0.00	0	0	21877	10	0	0	1	5.00	1	GC:Normal,Size:Normal	Escherichia Coli K12	99.42	Yes	No
GCA_964006315.1.fna	96	5172482	5172482	50.60	49.40	192026	120746	61275	7616.5	53880	410042	258	0.00	0	0	22250	10	0	0	0	5.01	0	GC:Normal,Size:Normal	Escherichia Coli K12	96.78	Yes	No
GCA_964006545.1.fna	167	5140705	5140705	50.67	49.33	137798	84375	32691	2237	30783	308169	243	0.00	0	0	22094	10	0	0	0	4.98	0	GC:Normal,Size:Normal	Escherichia Coli K12	96.8	Yes	No
GCA_964206505.1.fna	127	5135813	5135813	50.68	49.32	190971	84375	34920	4278	40439	319572	243	0.00	0	0	22046	10	0	0	0	4.97	0	GC:Normal,Size:Normal	Escherichia Coli K12	96.78	Yes	No
GCA_040417765.1.fna	165	4963188	4963188	50.73	49.27	141400	61551	31136	2969	30080	357160	221	0.00	0	0	20960	11	0	0	0	4.81	1	GC:Normal,Size:Normal	Escherichia Coli K12	99.37	Yes	No
GCA_040713425.1.fna	61	5222927	5222927	50.52	49.47	365153	247197	86841	6896	85622	864831	522	0.00	0	0	22457	11	0	0	0	5.05	1	GC:Normal,Size:Normal	Escherichia Coli K12	96.72	Yes	No
GCA_907163515.1.fna	162	5208592	5208592	50.74	49.26	163437	109215	39536	817.5	32152	623007	114	0.00	0	0	22323	10	0	0	0	5.05	0	GC:Normal,Size:Normal	Escherichia Coli K12	96.77	Yes	No
GCA_000713235.1.fna	140	5264612	5264612	50.69	49.31	119519	58909	30251	7019.0	37604	435645	301	0.00	0	0	22799	38	0	0	0	5.10	1	GC:Normal,Size:Normal	Escherichia Coli K12	99.47	Yes	No
GCA_964006855.1.fna	131	5291131	5291131	50.66	49.34	156627	89750	32102	5733	40390	267794	267	0.00	0	0	22673	10	0	0	0	5.13	0	GC:Normal,Size:Normal	Escherichia Coli K12	96.78	Yes	No
GCA_040712435.1.fna	132	5128423	5128423	50.60	49.39	120937	58014	23187	11528.0	38852	263940	505	0.00	0	0	21865	10	0	0	0	4.96	0	GC:Normal,Size:Normal	Escherichia Coli K12	99.45	Yes	No
GCA_964007215.1.fna	139	5367337	5367337	50.51	49.49	190971	89750	29616	4980	38614	406675	292	0.00	0	0	23356	10	0	0	0	5.20	0	GC:Normal,Size:Normal	Escherichia Coli K12	96.78	Yes	No
GCA_968938235.1.fna	3137	7647159	7647159	51.05	48.95	47043	1210	700	766	2438	241417	500	0.00	0	0	32530	10	0	0	0	7.81	3	GC:Atypical,Size:Atypical	Escherichia Coli K12	99.54	Yes	No
GCA_964006175.1.fna	84	5197050	5197050	50.66	49.34	191964	123855	41804	10558.5	61870	434786	357	0.00	0	0	22432	10	0	0	0	5.03	0	GC:Normal,Size:Normal	Escherichia Coli K12	96.72	Yes	No
GCA_040716695.1.fna	109	5559193	5559193	50.38	49.61	248065	124065	35989	6320	51002	604899	530	0.01	0	0	24115	10	0	0	0	5.38	1	GC:Normal,Size:Atypical	Escherichia Coli K12	96.69	Yes	No
GCA_040418485.1.fna	181	5045061	5045061	50.69	49.31	89012	52113	18378	5608	27873	272604	225	0.00	0	0	21304	12	0	0	0	4.89	1	GC:Normal,Size:Normal	Escherichia Coli K12	99.34	Yes	No
GCA_964205355.1.fna	176	4873183	4873183	50.79	49.21	77638	40106	20154	7310.0	27689	247740	299	0.00	0	0	20471	11	0	0	0	4.73	1	GC:Normal,Size:Normal	Escherichia Coli K12	99.41	Yes	No
GCA_040418125.1.fna	274	5032750	5032750	50.72	49.28	42337	23781	11561	8110.0	18368	129468	202	0.00	0	0	21139	10	0	0	0	4.88	1	GC:Normal,Size:Normal	Escherichia Coli K12	99.46	Yes	No
GCA_040418705.1.fna	197	5047265	5047265	50.70	49.30	97759	43638	16299	4480	25621	358315	218	0.00	0	0	21302	12	0	0	0	4.89	1	GC:Normal,Size:Normal	Escherichia Coli K12	99.39	Yes	No
GCA_037048805.1.fna	327	5129514	5129514	50.75	49.25	85879	34355	14882	1610	15687	300228	201	0.00	0	0	21827	13	0	0	0	4.99	2	GC:Normal,Size:Normal	Escherichia Coli K12	99.45	Yes	No
GCA_040418605.1.fna	234	5059175	5059175	50.66	49.34	58240	32121	15061	6782.0	21620	179016	208	0.00	0	0	21414	10	0	0	0	4.91	1	GC:Normal,Size:Normal	Escherichia Coli K12	99.49	Yes	No
GCA_037049365.1.fna	192	4931766	4931766	50.73	49.27	75086	41349	24125	4633.0	25686	311753	201	0.00	0	0	20719	11	0	0	0	4.78	1	GC:Normal,Size:Normal	Escherichia Coli K12	99.44	Yes	No
GCA_964007035.1.fna	154	5365599	5365599	50.61	49.39	191909	83387	30715	2605.5	34842	341817	243	0.00	0	0	23073	10	0	0	0	5.20	0	GC:Normal,Size:Normal	Escherichia Coli K12	96.78	Yes	No
GCA_040418305.1.fna	202	5049913	5049913	50.62	49.38	102505	41150	17169	5231.5	25000	269033	216	0.00	0	0	21373	10	0	0	0	4.89	1	GC:Normal,Size:Normal	Escherichia Coli K12	99.4	Yes	No
GCA_907163485.1.fna	237	5098953	5098953	50.45	49.55	101506	57739	29047	820	21515	273880	112	0.00	0	0	21949	12	0	0	0	4.95	2	GC:Normal,Size:Normal	Escherichia Coli K12	99.33	Yes	No
GCA_037047485.1.fna	312	5257382	5257382	50.49	49.51	130639	54358	17269	991.5	16851	363684	212	0.00	0	0	22659	11	0	0	0	5.11	2	GC:Normal,Size:Normal	Escherichia Coli K12	96.78	Yes	No
GCA_040712355.1.fna	119	5023931	5023931	50.59	49.41	120938	62580	24284	14243	42218	289484	501	0.01	0	0	21295	13	0	0	0	4.86	1	GC:Normal,Size:Normal	Escherichia Coli K12	99.42	Yes	No
GCA_011763135.1.fna	104	4743936	4743936	50.70	49.30	168393	121741	85008	1506.0	45615	706958	227	0.00	0	0	19752	10	0	0	0	4.59	0	GC:Normal,Size:Normal	Escherichia Coli K12	99.55	Yes	No
GCA_009901125.1.fna	122	4971573	4971573	50.57	49.43	158502	95010	46824	1952.5	40751	466918	209	0.00	0	0	21469	11	0	0	0	4.81	1	GC:Normal,Size:Normal	Escherichia Coli K12	99.44	Yes	No
GCA_040419125.1.fna	225	5091633	5091633	50.52	49.48	56826	35962	16317	6720	22629	160483	202	0.00	0	0	21669	10	0	0	0	4.94	1	GC:Normal,Size:Normal	Escherichia Coli K12	99.44	Yes	No
GCA_964206585.1.fna	118	5268811	5268811	50.61	49.39	190796	96178	35050	5088.0	44651	709982	266	0.00	0	0	22644	10	0	0	0	5.10	0	GC:Normal,Size:Normal	Escherichia Coli K12	96.76	Yes	No
GCA_964007395.1.fna	151	5304328	5304328	50.63	49.37	177347	104405	34029	3819	35128	466162	233	0.00	0	0	22858	10	0	0	0	5.14	0	GC:Normal,Size:Normal	Escherichia Coli K12	96.75	Yes	No
GCA_966556535.1.fna	315	5136392	5136392	50.76	49.24	125352	54983	16450	727	16306	288610	500	0.00	0	0	21926	20	0	0	0	5.00	2	GC:Normal,Size:Normal	Escherichia Coli K12	99.5	Yes	No
GCA_907163665.1.fna	242	5087018	5087018	50.46	49.54	121519	62399	28202	614.0	21021	255134	113	0.00	0	0	21879	11	0	0	0	4.94	2	GC:Normal,Size:Normal	Escherichia Coli K12	99.36	Yes	No
GCA_040418145.1.fna	235	5050120	5050120	50.67	49.33	55402	29854	15061	6722	21490	189693	208	0.00	0	0	21322	10	0	0	0	4.90	1	GC:Normal,Size:Normal	Escherichia Coli K12	99.42	Yes	No
GCA_040417945.1.fna	268	5033732	5033732	50.72	49.28	45239	23087	13354	7827.5	18783	269033	208	0.00	0	0	21168	10	0	0	0	4.88	1	GC:Normal,Size:Normal	Escherichia Coli K12	99.4	Yes	No
GCA_009901145.1.fna	153	4766290	4766290	50.91	49.09	148554	70576	37846	2134	31152	463301	209	0.00	0	0	19667	10	0	0	0	4.62	0	GC:Normal,Size:Normal	Escherichia Coli K12	99.51	Yes	No
GCA_009795645.1.fna	97	4741736	4741736	50.69	49.31	187823	119371	88390	1708	48884	352506	206	0.00	0	0	19736	10	0	0	0	4.59	0	GC:Normal,Size:Normal	Escherichia Coli K12	99.52	Yes	No
GCA_040419165.1.fna	241	5052679	5052679	50.66	49.34	52227	31136	14307	6326	20965	188158	202	0.00	0	0	21357	10	0	0	0	4.90	1	GC:Normal,Size:Normal	Escherichia Coli K12	99.43	Yes	No
GCA_037049005.1.fna	203	4821598	4821598	50.58	49.42	82497	35720	19194	6384	23752	178700	203	0.00	0	0	20237	10	0	0	0	4.68	1	GC:Normal,Size:Normal	Escherichia Coli K12	99.45	Yes	No
GCA_009900425.1.fna	169	4631696	4631696	50.87	49.13	124709	60685	35931	1106	27406	463303	205	0.00	0	0	19116	10	0	0	0	4.49	0	GC:Normal,Size:Normal	Escherichia Coli K12	99.53	Yes	No
GCA_040415465.1.fna	321	5086485	5086485	50.80	49.20	44256	21511	8804	5135	15846	141327	225	0.00	0	0	21346	13	0	0	0	4.94	2	GC:Normal,Size:Normal	Escherichia Coli K12	99.38	Yes	No
GCA_022968555.1.fna	181	5067872	5067872	50.54	49.46	89215	34222	14999	10181	27999	187302	357	0.00	0	0	21472	10	0	0	0	4.91	0	GC:Normal,Size:Normal	Escherichia Coli K12	99.45	Yes	No
GCA_009824475.1.fna	126	4851314	4851314	50.76	49.24	135316	105482	44659	1837.0	38502	430326	204	0.00	0	0	20293	9	0	0	0	4.70	0	GC:Normal,Size:Normal	Escherichia Coli K12	99.53	Yes	No
GCA_040418205.1.fna	258	5004521	5004521	50.74	49.26	67320	38662	10367	3667.5	19397	203990	207	0.00	0	0	21024	11	0	0	0	4.86	2	GC:Normal,Size:Normal	Escherichia Coli K12	99.37	Yes	No
GCA_907163495.1.fna	239	5085967	5085967	50.45	49.55	86245	55422	25935	1257	21280	273582	112	0.00	0	0	21875	11	0	0	0	4.94	2	GC:Normal,Size:Normal	Escherichia Coli K12	99.36	Yes	No
GCA_037047645.1.fna	252	5344393	5344393	50.55	49.45	122649	58884	16320	1961.0	21208	252106	203	0.00	0	0	23135	10	0	0	0	5.19	1	GC:Normal,Size:Normal	Escherichia Coli K12	96.75	Yes	No
GCA_040416205.1.fna	178	4999389	4999389	50.64	49.36	119275	45104	17811	4588.0	28086	369853	205	0.00	0	0	21456	11	0	0	0	4.84	1	GC:Normal,Size:Normal	Escherichia Coli K12	99.49	Yes	No
GCA_052072985.1.fna	148	4920799	4920799	50.77	49.23	150168	70943	40379	1921.0	33249	358695	206	0.00	0	0	20593	11	0	0	0	4.77	1	GC:Normal,Size:Normal	Escherichia Coli K12	99.37	Yes	No
GCA_964007325.1.fna	317	4998312	4998312	50.63	49.37	32165	17632	9344	8635	15768	130071	202	0.00	0	0	21132	11	0	0	0	4.86	2	GC:Normal,Size:Normal	Escherichia Coli K12	96.71	Yes	No
GCA_030024465.1.fna	531	5278227	5278227	50.42	49.58	156210	62861	19949	327	9940	297028	201	0.01	6	191	22473	11	0	0	0	5.14	3	GC:Normal,Size:Normal	Escherichia Coli K12	96.79	Yes	No
GCA_040415995.1.fna	294	5066758	5066758	50.77	49.23	59907	28355	9317	4269.0	17234	218343	221	0.00	0	0	21270	11	0	0	0	4.92	2	GC:Normal,Size:Normal	Escherichia Coli K12	99.34	Yes	No
GCA_964006055.1.fna	129	5223309	5223309	50.81	49.19	178568	107489	33756	4867	40491	466193	234	0.00	0	0	22351	10	0	0	0	5.06	0	GC:Normal,Size:Normal	Escherichia Coli K12	96.76	Yes	No
GCA_040419025.1.fna	240	5042928	5042928	50.72	49.28	90857	32454	12309	4812.5	21012	278887	205	0.00	0	0	21535	13	0	0	0	4.89	2	GC:Normal,Size:Normal	Escherichia Coli K12	99.53	Yes	No
GCA_964006675.1.fna	108	5142893	5142893	50.68	49.32	191513	96565	41793	5999.5	47619	347999	298	0.00	0	0	22087	10	0	0	0	4.98	0	GC:Normal,Size:Normal	Escherichia Coli K12	96.81	Yes	No
GCA_964006015.1.fna	163	5219721	5219721	50.58	49.42	134640	85211	21939	3572	32023	359493	254	0.00	0	0	22333	10	0	0	0	5.06	0	GC:Normal,Size:Normal	Escherichia Coli K12	96.76	Yes	No
GCA_037047805.1.fna	206	4879953	4879953	50.69	49.31	73229	40060	20282	4463.0	23689	289518	212	0.00	0	0	20572	10	0	0	0	4.73	1	GC:Normal,Size:Normal	Escherichia Coli K12	99.36	Yes	No
GCA_037048425.1.fna	218	5154194	5154194	50.69	49.31	128387	67991	21216	1932.5	23643	239076	200	0.00	0	0	22285	11	0	0	0	5.00	2	GC:Normal,Size:Normal	Escherichia Coli K12	96.77	Yes	No
GCA_040415665.1.fna	256	5051479	5051479	50.66	49.34	51730	27225	13105	6258.0	19732	187200	202	0.00	0	0	21335	10	0	0	0	4.90	1	GC:Normal,Size:Normal	Escherichia Coli K12	99.49	Yes	No
GCA_040415675.1.fna	296	5004818	5004818	50.76	49.24	50367	26206	8938	5093.5	16908	190682	218	0.00	0	0	20993	10	0	0	0	4.86	1	GC:Normal,Size:Normal	Escherichia Coli K12	99.36	Yes	No
GCA_040418325.1.fna	201	5054565	5054565	50.63	49.37	83692	40265	18482	5465	25147	201581	216	0.00	0	0	21410	10	0	0	0	4.90	1	GC:Normal,Size:Normal	Escherichia Coli K12	99.41	Yes	No
GCA_011763315.1.fna	302	4973003	4973003	50.39	49.61	109496	67474	31354	669.0	16467	397029	207	0.00	0	0	21373	12	0	0	0	4.83	2	GC:Normal,Size:Normal	Escherichia Coli K12	99.33	Yes	No
GCA_050113155.1.fna	11	5181058	5181058	50.64	49.36	4908279	4908279	4908279	10326	471005	4908279	2101	0.00	0	0	21889	10	0	0	1	5.00	1	GC:Normal,Size:Normal	Escherichia Coli K12	99.39	Yes	No
GCA_040416975.1.fna	226	5042180	5042180	50.68	49.32	68092	31226	16458	6316.0	22311	179463	226	0.00	0	0	21249	10	0	0	0	4.89	1	GC:Normal,Size:Normal	Escherichia Coli K12	99.46	Yes	No
GCA_040417215.1.fna	170	4987759	4987759	50.72	49.28	134513	61051	28118	2697.5	29340	358694	226	0.00	0	0	20969	12	0	0	0	4.83	1	GC:Normal,Size:Normal	Escherichia Coli K12	99.4	Yes	No
GCA_040417235.1.fna	290	4935387	4935387	50.82	49.18	52113	29607	9685	4043.0	17019	170690	218	0.00	0	0	20619	9	0	0	0	4.79	1	GC:Normal,Size:Normal	Escherichia Coli K12	99.35	Yes	No
GCA_966512345.1.fna	167	5032996	5032996	50.71	49.29	114910	54420	17378	5254	30138	368800	525	0.00	0	0	21491	16	0	0	0	4.88	1	GC:Normal,Size:Normal	Escherichia Coli K12	99.47	Yes	No
GCA_024330145.2.fna	4	4780349	4780349	50.97	49.03	4689650	4689650	4689650	44299.5	1195087	4689650	2100	0.00	0	0	19674	10	0	0	1	4.62	1	GC:Normal,Size:Normal	Escherichia Coli K12	99.25	Yes	No
GCA_011318395.1.fna	644	4995943	4995943	50.31	49.69	112242	50826	27942	462.5	7758	370962	204	0.00	0	0	21407	9	0	0	0	4.89	1	GC:Normal,Size:Normal	Escherichia Coli K12	99.69	Yes	No
GCA_040416845.1.fna	520	5596348	5596348	50.49	49.51	69294	30804	5730	1433.5	10762	261949	205	0.00	0	0	23943	12	0	0	0	5.45	3	GC:Normal,Size:Atypical	Escherichia Coli K12	99.4	Yes	No
GCA_009793445.1.fna	96	4744257	4744257	50.69	49.31	179595	119371	79868	1667.0	49419	707048	206	0.00	0	0	19775	10	0	0	0	4.59	0	GC:Normal,Size:Normal	Escherichia Coli K12	99.54	Yes	No
GCA_964006225.1.fna	164	5310506	5310506	50.62	49.38	138707	87093	21234	4669.5	32381	466245	253	0.00	0	0	22923	10	0	0	0	5.15	0	GC:Normal,Size:Normal	Escherichia Coli K12	96.76	Yes	No
GCA_964206175.1.fna	180	5125557	5125557	50.56	49.44	132603	68290	20022	2362.5	28475	360284	245	0.00	0	0	21925	10	0	0	0	4.97	0	GC:Normal,Size:Normal	Escherichia Coli K12	96.83	Yes	No
GCA_009793615.1.fna	80	4743119	4743119	50.70	49.30	188117	112663	79194	6470.0	59289	706866	245	0.00	0	0	19763	10	0	0	0	4.59	0	GC:Normal,Size:Normal	Escherichia Coli K12	99.53	Yes	No
GCA_040416475.1.fna	262	4960536	4960536	50.66	49.34	45239	28163	12070	6680.0	18933	188158	208	0.00	0	0	20854	10	0	0	0	4.81	1	GC:Normal,Size:Normal	Escherichia Coli K12	99.44	Yes	No
GCA_964206405.1.fna	134	4993219	4993219	50.75	49.25	136617	103763	21201	7233.0	37263	417492	263	0.00	0	0	21177	10	0	0	0	4.84	0	GC:Normal,Size:Normal	Escherichia Coli K12	96.8	Yes	No
GCA_052072795.1.fna	107	5001907	5001907	50.74	49.26	178383	110639	45230	3015	46747	585332	225	0.00	0	0	20935	255	0	0	0	4.84	1	GC:Normal,Size:Normal	Escherichia Coli K12	99.41	Yes	No
GCA_964205925.1.fna	102	5168567	5168567	50.60	49.40	175045	106317	41606	9383.0	50672	389144	293	0.00	0	0	22238	10	0	0	0	5.00	0	GC:Normal,Size:Normal	Escherichia Coli K12	96.75	Yes	No
GCA_009900585.1.fna	104	4744654	4744654	50.84	49.16	149971	108449	59891	1392.5	45622	449833	205	0.00	0	0	19734	10	0	0	0	4.59	0	GC:Normal,Size:Normal	Escherichia Coli K12	99.55	Yes	No
GCA_050113055.1.fna	10	5217691	5217691	50.65	49.35	4905741	4905741	4905741	21521.0	521769	4905741	1934	0.00	0	0	22166	10	0	0	1	5.04	1	GC:Normal,Size:Normal	Escherichia Coli K12	99.41	Yes	No
GCA_040415795.1.fna	241	5034938	5034938	50.66	49.34	56402	32270	15479	5465	20892	203353	201	0.00	0	0	21223	10	0	0	0	4.88	1	GC:Normal,Size:Normal	Escherichia Coli K12	99.45	Yes	No
GCA_037048265.1.fna	193	5106782	5106782	50.71	49.29	123594	52095	19086	3788	26460	275149	212	0.00	0	0	21787	10	0	0	0	4.95	0	GC:Normal,Size:Normal	Escherichia Coli K12	96.83	Yes	No
GCA_037047605.1.fna	215	4924057	4924057	50.77	49.23	114170	61825	18975	1918	22903	318083	203	0.00	0	0	20862	10	0	0	0	4.78	1	GC:Normal,Size:Normal	Escherichia Coli K12	96.76	Yes	No
GCA_025536555.1.fna	193	4582499	4582499	50.68	49.28	88455	39837	22034	2963	23744	305986	201	0.04	15	100	19066	35	0	0	0	4.45	2	GC:Normal,Size:Normal	Escherichia Coli K12	99.33	Yes	No
GCA_040415575.1.fna	277	4916610	4916610	50.85	49.15	46480	22648	10364	6022	17749	163271	218	0.00	0	0	20522	9	0	0	0	4.77	1	GC:Normal,Size:Normal	Escherichia Coli K12	99.38	Yes	No
GCA_040713295.1.fna	191	5492320	5492320	50.39	49.60	119748	65690	19339	4210	28756	368098	505	0.01	0	0	24117	10	0	0	0	5.32	0	GC:Normal,Size:Normal	Escherichia Coli K12	99.43	Yes	No
GCA_964206045.1.fna	125	5000167	5000167	50.73	49.27	124089	69597	26291	10243	40001	304543	230	0.00	0	0	21311	10	0	0	0	4.84	0	GC:Normal,Size:Normal	Escherichia Coli K12	96.8	Yes	No
GCA_964206185.1.fna	193	5112531	5112531	50.66	49.34	90842	42636	21309	4429	26490	242675	239	0.00	0	0	21971	10	0	0	0	4.96	0	GC:Normal,Size:Normal	Escherichia Coli K12	96.81	Yes	No
GCA_964206255.1.fna	144	5368697	5368697	50.62	49.38	162868	77768	31053	3597.0	37283	361659	267	0.00	0	0	23081	10	0	0	0	5.20	0	GC:Normal,Size:Normal	Escherichia Coli K12	96.83	Yes	No
GCA_907163715.1.fna	224	5087201	5087201	50.46	49.54	108365	66003	32578	623.5	22711	273880	112	0.00	0	0	21875	11	0	0	0	4.94	2	GC:Normal,Size:Normal	Escherichia Coli K12	99.34	Yes	No
GCA_964205555.1.fna	142	5159374	5159374	50.60	49.40	117753	74598	27424	7698.0	36334	308038	219	0.00	0	0	22180	10	0	0	0	5.00	0	GC:Normal,Size:Normal	Escherichia Coli K12	96.77	Yes	No
GCA_050113115.1.fna	11	5179137	5179137	50.64	49.36	4908281	4908281	4908281	5376	470831	4908281	2101	0.00	0	0	21857	10	0	0	1	5.00	1	GC:Normal,Size:Normal	Escherichia Coli K12	99.42	Yes	No
GCA_025630975.1.fna	124	4711974	4711974	50.83	49.17	118922	54562	25209	11457.0	38000	254392	340	0.00	0	0	19711	11	0	0	0	4.56	1	GC:Normal,Size:Normal	Escherichia Coli K12	99.45	Yes	No
GCA_040416045.1.fna	224	5034676	5034676	50.68	49.32	90842	40378	14219	4180.0	22476	369726	205	0.00	0	0	21538	11	0	0	0	4.88	2	GC:Normal,Size:Normal	Escherichia Coli K12	99.5	Yes	No
GCA_964205675.1.fna	235	5146446	5146446	50.60	49.40	58918	27263	12134	8495	21900	247935	216	0.00	0	0	22113	10	0	0	0	5.00	1	GC:Normal,Size:Normal	Escherichia Coli K12	96.74	Yes	No
GCA_040418985.1.fna	229	5147962	5147962	50.59	49.41	61158	31136	15399	6879	22480	205002	208	0.00	0	0	21845	10	0	0	0	4.99	1	GC:Normal,Size:Normal	Escherichia Coli K12	99.49	Yes	No
GCA_040415435.1.fna	190	5054051	5054051	50.63	49.37	83692	39024	19482	6469.0	26600	232196	208	0.00	0	0	21389	10	0	0	0	4.90	0	GC:Normal,Size:Normal	Escherichia Coli K12	99.44	Yes	No
GCA_040712345.1.fna	153	5164455	5164455	50.63	49.36	119519	55697	20362	7155	33755	254891	509	0.01	0	0	21852	10	0	0	0	5.00	0	GC:Normal,Size:Normal	Escherichia Coli K12	99.42	Yes	No
GCA_040712335.1.fna	118	5137068	5137068	50.69	49.30	119517	59332	36076	12618.0	43534	382168	502	0.00	0	0	21857	11	0	0	0	4.97	1	GC:Normal,Size:Normal	Escherichia Coli K12	99.49	Yes	No
GCA_964206005.1.fna	237	4860022	4860022	50.70	49.30	56515	29717	12059	6913	20506	183986	354	0.00	0	0	20434	10	0	0	0	4.72	1	GC:Normal,Size:Normal	Escherichia Coli K12	96.82	Yes	No
GCA_009798605.1.fna	155	4657336	4657336	50.61	49.39	167959	113124	52292	584	30047	341059	245	0.00	0	0	19480	10	0	0	0	4.51	0	GC:Normal,Size:Normal	Escherichia Coli K12	99.4	Yes	No
GCA_964006945.1.fna	123	5271024	5271024	50.62	49.38	190796	104444	32146	5825	42854	655536	259	0.00	0	0	22649	10	0	0	0	5.10	0	GC:Normal,Size:Normal	Escherichia Coli K12	96.78	Yes	No
GCA_037048485.1.fna	201	5145754	5145754	50.69	49.31	117678	72315	22602	1826	25601	303209	203	0.00	0	0	22194	11	0	0	0	4.99	2	GC:Normal,Size:Normal	Escherichia Coli K12	96.78	Yes	No
GCA_037049065.1.fna	216	5243916	5243916	50.72	49.28	111125	55922	20233	2857.0	24277	269386	209	0.00	0	0	22435	10	0	0	0	5.09	1	GC:Normal,Size:Normal	Escherichia Coli K12	96.77	Yes	No
GCA_040416635.1.fna	179	5064339	5064339	50.63	49.37	88711	41150	24898	6304	28292	279227	216	0.00	0	0	21444	10	0	0	0	4.91	0	GC:Normal,Size:Normal	Escherichia Coli K12	99.43	Yes	No
GCA_964205655.1.fna	249	5281882	5281882	50.63	49.37	135410	50675	16909	1797	21212	319139	203	0.00	0	0	22809	10	0	0	0	5.13	1	GC:Normal,Size:Normal	Escherichia Coli K12	96.81	Yes	No
GCA_907163575.1.fna	174	5215304	5215304	50.74	49.26	173342	136587	39536	627.5	29973	623002	112	0.00	0	0	22337	10	0	0	0	5.06	0	GC:Normal,Size:Normal	Escherichia Coli K12	96.78	Yes	No
GCA_966518725.1.fna	221	5214762	5214762	50.72	49.28	95121	56306	18472	2387	23596	328094	500	0.00	0	0	22691	16	0	0	0	5.07	2	GC:Normal,Size:Normal	Escherichia Coli K12	99.5	Yes	No
GCA_964007195.1.fna	133	4887378	4887378	50.62	49.38	101279	57514	24791	12702	36747	246816	324	0.00	0	0	20614	10	0	0	0	4.74	0	GC:Normal,Size:Normal	Escherichia Coli K12	99.46	Yes	No
GCA_964006025.1.fna	110	5278524	5278524	50.64	49.36	190647	94340	53277	4720.5	47987	650670	263	0.00	0	0	22629	10	0	0	0	5.11	0	GC:Normal,Size:Normal	Escherichia Coli K12	96.81	Yes	No
GCA_040416215.1.fna	182	5055575	5055575	50.64	49.36	87677	40588	20341	5933.5	27778	226248	208	0.00	0	0	21395	10	0	0	0	4.90	0	GC:Normal,Size:Normal	Escherichia Coli K12	99.42	Yes	No
GCA_907164365.1.fna	140	5148220	5148220	50.75	49.25	222782	135945	53582	925.5	36773	623107	112	0.00	0	0	21957	10	0	0	0	4.99	0	GC:Normal,Size:Normal	Escherichia Coli K12	96.77	Yes	No
GCA_040416865.1.fna	174	5060737	5060737	50.63	49.37	83573	43180	20759	7134.5	29085	226022	216	0.00	0	0	21433	10	0	0	0	4.90	0	GC:Normal,Size:Normal	Escherichia Coli K12	99.46	Yes	No
GCA_009824195.1.fna	176	4874590	4874590	50.74	49.26	138048	95225	38008	758.0	27697	665709	204	0.00	0	0	20406	9	0	0	0	4.73	0	GC:Normal,Size:Normal	Escherichia Coli K12	99.5	Yes	No
GCA_964205905.1.fna	112	5236702	5236702	50.63	49.37	240327	123858	68354	3941.5	46756	359582	202	0.00	0	0	22371	10	0	0	0	5.07	0	GC:Normal,Size:Normal	Escherichia Coli K12	96.78	Yes	No
GCA_040415875.1.fna	204	5033423	5033423	50.70	49.30	82002	42163	13764	5219.5	24674	226987	226	0.00	0	0	21248	12	0	0	0	4.88	2	GC:Normal,Size:Normal	Escherichia Coli K12	99.31	Yes	No
GCA_037048405.1.fna	244	5096937	5096937	50.76	49.24	97499	58783	15822	2498.5	20889	222636	200	0.00	0	0	21762	10	0	0	0	4.95	1	GC:Normal,Size:Normal	Escherichia Coli K12	96.79	Yes	No
GCA_040417585.1.fna	223	5222949	5222949	50.48	49.52	64229	33032	18134	5944	23421	226022	208	0.00	0	0	22291	10	0	0	0	5.06	1	GC:Normal,Size:Normal	Escherichia Coli K12	99.39	Yes	No
GCA_040417135.1.fna	230	5050053	5050053	50.67	49.33	67488	30021	13126	6763.5	21957	186520	208	0.00	0	0	21348	10	0	0	0	4.90	1	GC:Normal,Size:Normal	Escherichia Coli K12	99.45	Yes	No
GCA_969779115.1.fna	157	5016328	5016328	50.52	49.48	79934	47332	22312	8736	31951	303786	501	0.00	0	0	21773	60	0	0	0	4.87	1	GC:Normal,Size:Normal	Escherichia Coli K12	99.44	Yes	No
GCA_040507325.1.fna	197	5041256	5041256	50.71	49.29	72174	42937	18564	7508	25590	203990	218	0.00	0	0	21239	11	0	0	0	4.89	1	GC:Normal,Size:Normal	Escherichia Coli K12	99.36	Yes	No
GCA_040419185.1.fna	242	5044587	5044587	50.66	49.34	56826	30838	12551	5893.5	20845	203353	208	0.00	0	0	21293	10	0	0	0	4.89	1	GC:Normal,Size:Normal	Escherichia Coli K12	99.36	Yes	No
GCA_964205585.1.fna	107	5110451	5110451	50.54	49.46	222419	94016	32027	8945	47761	424352	407	0.00	0	0	21891	11	0	0	0	4.95	1	GC:Normal,Size:Normal	Escherichia Coli K12	96.82	Yes	No
GCA_053164725.1.fna	3	5142182	5142182	50.83	49.17	4985772	4985772	4985772	79563	1714061	4985772	76847	0.00	1	100	22211	11	0	0	1	4.97	3	GC:Normal,Size:Normal	Escherichia Coli K12	99.45	Yes	No
GCA_964205495.1.fna	97	5159455	5159455	50.60	49.40	152216	103763	36047	11626	53190	307951	416	0.00	0	0	22193	10	0	0	0	4.99	0	GC:Normal,Size:Normal	Escherichia Coli K12	96.82	Yes	No
GCA_052072855.1.fna	117	4934622	4934622	50.70	49.30	203660	94114	44607	1723	42176	554485	210	0.00	0	0	20821	255	0	0	0	4.78	1	GC:Normal,Size:Normal	Escherichia Coli K12	99.44	Yes	No
GCA_040416705.1.fna	309	4991288	4991288	50.72	49.28	43671	22648	8625	5438	16153	121327	201	0.00	0	0	20901	10	0	0	0	4.85	1	GC:Normal,Size:Normal	Escherichia Coli K12	99.43	Yes	No
GCA_040417665.1.fna	263	4959165	4959165	50.77	49.23	69296	34579	12554	3465	18856	196055	202	0.00	0	0	20862	12	0	0	0	4.81	2	GC:Normal,Size:Normal	Escherichia Coli K12	99.38	Yes	No
GCA_964006995.1.fna	141	5341217	5341217	50.63	49.37	172957	96764	28060	4374	37881	611068	303	0.00	0	0	23109	10	0	0	0	5.17	0	GC:Normal,Size:Normal	Escherichia Coli K12	96.79	Yes	No
GCA_040417035.1.fna	200	5060940	5060940	50.66	49.34	81138	35852	20269	5802.0	25305	279227	202	0.00	0	0	21434	10	0	0	0	4.90	0	GC:Normal,Size:Normal	Escherichia Coli K12	99.44	Yes	No
GCA_024700835.2.fna	4	4628945	4628945	50.71	49.29	4603416	4603416	4603416	10130.0	1157236	4603416	5269	0.00	0	0	19221	9	0	0	1	4.47	1	GC:Normal,Size:Normal	Escherichia Coli K12	99.56	Yes	No
GCA_964007255.1.fna	162	5210761	5210761	50.48	49.52	191691	116868	41799	1213.0	32165	330770	265	0.00	0	0	22595	10	0	0	0	5.05	0	GC:Normal,Size:Normal	Escherichia Coli K12	96.8	Yes	No
GCA_009825195.1.fna	164	4865441	4865441	50.79	49.21	138048	95180	38008	769.0	29667	640163	204	0.00	0	0	20347	9	0	0	0	4.72	0	GC:Normal,Size:Normal	Escherichia Coli K12	99.49	Yes	No
GCA_040418585.1.fna	179	4936712	4936712	50.73	49.27	118802	54338	21855	3305	27579	359452	225	0.00	0	0	20766	10	0	0	0	4.78	0	GC:Normal,Size:Normal	Escherichia Coli K12	99.32	Yes	No
GCA_964205365.1.fna	110	5166731	5166731	50.60	49.40	162945	97004	43996	9006.5	46970	344288	313	0.00	0	0	22231	10	0	0	0	5.00	0	GC:Normal,Size:Normal	Escherichia Coli K12	96.76	Yes	No
GCA_964206535.1.fna	146	5471606	5471606	50.30	49.70	181151	109320	30509	4376.0	37477	650067	253	0.00	0	0	23686	10	0	0	0	5.30	0	GC:Normal,Size:Normal	Escherichia Coli K12	96.77	Yes	No
GCA_019355495.1.fna	5	5392098	5392098	50.79	49.21	5216726	5216726	5216726	4073	1078420	5216726	1459	0.00	0	0	23033	10	0	0	1	5.21	1	GC:Normal,Size:Normal	Escherichia Coli K12	96.75	Yes	No
GCA_045801095.1.fna	191	4934362	4934362	50.80	49.20	137035	57952	36840	1053	25834	353951	208	0.00	0	0	20645	111	0	0	0	4.78	1	GC:Normal,Size:Normal	Escherichia Coli K12	99.36	Yes	No
GCA_964205975.1.fna	168	5402000	5402000	50.56	49.44	94423	47580	24029	8343.0	32155	277399	261	0.00	0	0	23275	10	0	0	0	5.24	0	GC:Normal,Size:Normal	Escherichia Coli K12	96.84	Yes	No
GCA_964205635.1.fna	92	5167731	5167731	50.60	49.40	190992	111579	43996	11306.5	56171	341816	391	0.00	0	0	22234	10	0	0	0	5.00	0	GC:Normal,Size:Normal	Escherichia Coli K12	96.72	Yes	No
GCA_040417175.1.fna	213	5027196	5027196	50.71	49.29	99994	46465	13826	3966	23602	242413	221	0.00	0	0	21179	9	0	0	0	4.87	1	GC:Normal,Size:Normal	Escherichia Coli K12	99.37	Yes	No
GCA_040419085.1.fna	184	5057945	5057945	50.64	49.36	79414	42813	18707	7350.5	27489	226248	208	0.00	0	0	21387	10	0	0	0	4.90	0	GC:Normal,Size:Normal	Escherichia Coli K12	99.45	Yes	No
GCA_040417965.1.fna	210	5056554	5056554	50.65	49.35	63801	34345	18470	6654.5	24079	269033	208	0.00	0	0	21386	10	0	0	0	4.90	1	GC:Normal,Size:Normal	Escherichia Coli K12	99.45	Yes	No
GCA_009793665.1.fna	98	4742791	4742791	50.70	49.30	179595	119371	85011	1665.5	48396	706865	206	0.00	0	0	19750	10	0	0	0	4.59	0	GC:Normal,Size:Normal	Escherichia Coli K12	99.55	Yes	No
GCA_964007015.1.fna	247	5036002	5036002	50.71	49.29	71815	42654	16321	2149	20389	269147	200	0.00	0	0	21398	11	0	0	0	4.89	2	GC:Normal,Size:Normal	Escherichia Coli K12	99.48	Yes	No
GCA_040418385.1.fna	250	5028769	5028769	50.74	49.26	61447	28157	13528	5376.0	20115	297307	225	0.00	0	0	21133	9	0	0	0	4.88	1	GC:Normal,Size:Normal	Escherichia Coli K12	99.34	Yes	No
GCA_964205995.1.fna	136	5443303	5443303	50.27	49.73	212464	109323	29789	4926.0	40024	525729	252	0.00	0	0	24397	10	0	0	0	5.27	0	GC:Normal,Size:Normal	Escherichia Coli K12	96.76	Yes	No
GCA_009824745.1.fna	1419	6077196	6077196	50.39	49.61	13544	4968	1564	1177	4283	145957	202	0.00	0	0	26063	10	0	0	0	6.02	2	GC:Normal,Size:Atypical	Escherichia Coli K12	99.28	Yes	No
GCA_025536675.1.fna	17	4858794	4858794	50.75	49.24	2889031	1254774	701383	570	285811	2889031	215	0.01	1	322	20326	12	0	0	2	4.69	3	GC:Normal,Size:Normal	Escherichia Coli K12	99.24	Yes	No
GCA_009900645.1.fna	1121	5286776	5286776	51.33	48.67	227174	109161	972	468	4716	626484	205	0.00	0	0	21639	10	0	0	0	5.23	2	GC:Atypical,Size:Normal	Escherichia Coli K12	99.57	Yes	No
GCA_037047345.1.fna	186	5106604	5106604	50.71	49.29	112353	43029	20677	4443.5	27455	302951	202	0.00	0	0	21762	10	0	0	0	4.95	0	GC:Normal,Size:Normal	Escherichia Coli K12	96.82	Yes	No
GCA_009824205.1.fna	93	4806058	4806058	50.89	49.11	211001	147396	59891	1222	51678	558883	238	0.00	0	0	19958	10	0	0	0	4.65	0	GC:Normal,Size:Normal	Escherichia Coli K12	99.55	Yes	No
GCA_018972205.1.fna	2	5202633	5202633	50.66	49.34	5085697	5085697	5085697	2601316.5	2601316	5085697	116936	0.00	0	0	22261	10	0	0	1	5.02	1	GC:Normal,Size:Normal	Escherichia Coli K12	96.75	Yes	No
GCA_018972245.1.fna	4	5190273	5190273	50.77	49.23	5052030	5052030	5052030	68348.5	1297568	5052030	1546	0.00	0	0	22060	10	0	0	1	5.01	1	GC:Normal,Size:Normal	Escherichia Coli K12	96.84	Yes	No
GCA_964206545.1.fna	196	5092607	5092607	50.61	49.39	145314	93289	25371	1439.0	25983	335844	200	0.00	0	0	21693	10	0	0	0	4.94	0	GC:Normal,Size:Normal	Escherichia Coli K12	96.73	Yes	No
GCA_964006865.1.fna	84	5172696	5172696	50.60	49.40	191306	109284	44037	11476.0	61580	390679	313	0.00	0	0	22264	10	0	0	0	5.01	0	GC:Normal,Size:Normal	Escherichia Coli K12	96.79	Yes	No
GCA_009793945.1.fna	707	5530902	5530902	50.29	49.71	118540	39763	2974	785	7823	331420	242	0.00	0	0	24321	13	0	0	0	5.42	3	GC:Normal,Size:Atypical	Escherichia Coli K12	99.29	Yes	No
GCA_040415535.1.fna	192	5062805	5062805	50.63	49.37	83572	39114	18504	6132.5	26369	319025	216	0.00	0	0	21402	10	0	0	0	4.91	0	GC:Normal,Size:Normal	Escherichia Coli K12	99.47	Yes	No
GCA_040418265.1.fna	184	5053012	5053012	50.63	49.37	88705	43677	23776	5376.0	27462	269033	229	0.00	0	0	21383	10	0	0	0	4.90	0	GC:Normal,Size:Normal	Escherichia Coli K12	99.43	Yes	No
GCA_040416295.1.fna	184	5063670	5063670	50.63	49.37	88711	44072	22872	5793.5	27520	226022	208	0.00	0	0	21439	10	0	0	0	4.91	0	GC:Normal,Size:Normal	Escherichia Coli K12	99.43	Yes	No
GCA_964006915.1.fna	194	5404737	5404737	50.36	49.64	159034	80832	21415	2098.0	27859	391243	206	0.00	0	0	23915	10	0	0	0	5.25	0	GC:Normal,Size:Normal	Escherichia Coli K12	96.76	Yes	No
GCA_050955345.1.fna	197	4916907	4916907	50.56	49.43	106886	62337	22822	2550	24959	304541	208	0.01	4	100	20899	16	0	0	0	4.77	2	GC:Normal,Size:Normal	Escherichia Coli K12	99.42	Yes	No
GCA_966573225.1.fna	368	5494619	5494619	50.39	49.61	93841	34378	7341	2038.5	14931	255260	500	0.00	0	0	23991	10	0	0	0	5.36	1	GC:Normal,Size:Normal	Escherichia Coli K12	99.45	Yes	No
GCA_964206275.1.fna	423	5105881	5105881	50.48	49.52	32554	17417	8381	4441	12071	137059	229	0.00	0	0	22057	11	0	0	0	4.98	2	GC:Normal,Size:Normal	Escherichia Coli K12	99.48	Yes	No
GCA_964206525.1.fna	135	5293706	5293706	50.64	49.36	159797	84215	32234	4068	39213	650670	202	0.00	0	0	22503	10	0	0	0	5.13	0	GC:Normal,Size:Normal	Escherichia Coli K12	96.78	Yes	No
GCA_040415975.1.fna	176	5043166	5043166	50.67	49.33	119229	51299	19270	4899.5	28654	335606	209	0.00	0	0	21614	11	0	0	0	4.89	1	GC:Normal,Size:Normal	Escherichia Coli K12	99.51	Yes	No
GCA_964206265.1.fna	146	4889974	4889974	50.62	49.38	96566	57514	24791	9935.5	33493	246816	254	0.00	0	0	20629	10	0	0	0	4.74	0	GC:Normal,Size:Normal	Escherichia Coli K12	99.48	Yes	No
GCA_966502205.1.fna	87	5064064	5064064	50.75	49.25	217772	124147	54498	8984	58208	623328	519	0.00	0	0	21596	10	0	0	0	4.90	0	GC:Normal,Size:Normal	Escherichia Coli K12	96.8	Yes	No
GCA_009824425.1.fna	131	4856387	4856387	50.78	49.22	137955	95180	38008	1702	37072	665935	206	0.00	0	0	20293	9	0	0	0	4.70	0	GC:Normal,Size:Normal	Escherichia Coli K12	99.5	Yes	No
GCA_050113075.1.fna	8	5133047	5133047	50.74	49.26	4891485	4891485	4891485	4198.5	641631	4891485	748	0.00	0	0	21557	12	0	0	1	4.96	2	GC:Normal,Size:Normal	Escherichia Coli K12	99.42	Yes	No
GCA_966573385.1.fna	212	5211297	5211297	50.72	49.28	94905	54792	17675	2986.0	24582	290979	509	0.00	0	0	22659	16	0	0	0	5.06	2	GC:Normal,Size:Normal	Escherichia Coli K12	99.5	Yes	No
GCA_022488205.1.fna	1	4641599	4641599	50.79	49.21	4641599	4641599	4641599	4641599	4641599	4641599	4641599	0.00	0	0	19245	10	0	0	1	4.48	1	GC:Normal,Size:Normal	Escherichia Coli K12	99.99	Yes	No
GCA_964006475.1.fna	121	5166343	5166343	50.60	49.40	158933	103674	34736	8044	42697	389133	230	0.00	0	0	22224	10	0	0	0	5.00	0	GC:Normal,Size:Normal	Escherichia Coli K12	96.76	Yes	No
GCA_050113135.1.fna	6	5175508	5175508	50.71	49.29	4835724	4835724	4835724	66861.0	862585	4835724	6200	0.00	0	0	22212	10	0	0	1	5.00	1	GC:Normal,Size:Normal	Escherichia Coli K12	99.46	Yes	No
GCA_040418105.1.fna	258	5032918	5032918	50.73	49.27	58101	30485	11154	5348.5	19507	189384	209	0.00	0	0	21490	9	0	0	0	4.88	1	GC:Normal,Size:Normal	Escherichia Coli K12	99.54	Yes	No
GCA_011317975.1.fna	160	4778956	4778956	50.89	49.11	197175	106448	41509	904.0	29868	499848	201	0.00	0	0	19752	10	0	0	0	4.63	0	GC:Normal,Size:Normal	Escherichia Coli K12	99.52	Yes	No
GCA_037047925.1.fna	230	5159952	5159952	50.73	49.27	117473	68187	20487	1762.5	22435	260635	205	0.00	0	0	22091	10	0	0	0	5.01	1	GC:Normal,Size:Normal	Escherichia Coli K12	96.85	Yes	No
GCA_040419205.1.fna	195	5043279	5043279	50.70	49.30	94329	43418	18036	5097	25863	227327	221	0.00	0	0	21278	9	0	0	0	4.89	0	GC:Normal,Size:Normal	Escherichia Coli K12	99.37	Yes	No
GCA_040417095.1.fna	246	4939295	4939295	50.80	49.20	66646	33098	11003	4704.0	20078	209642	226	0.00	0	0	20615	12	0	0	0	4.79	2	GC:Normal,Size:Normal	Escherichia Coli K12	99.36	Yes	No
GCA_040415445.1.fna	299	5027788	5027788	50.73	49.27	42170	20506	9591	6685	16815	194463	208	0.00	0	0	21080	10	0	0	0	4.88	1	GC:Normal,Size:Normal	Escherichia Coli K12	99.38	Yes	No
GCA_964006505.1.fna	96	5047947	5047947	50.74	49.26	190971	109235	34555	10372.5	52583	391239	313	0.00	0	0	21469	10	0	0	0	4.89	0	GC:Normal,Size:Normal	Escherichia Coli K12	96.8	Yes	No
GCA_964007055.1.fna	154	5314563	5314563	50.61	49.39	173684	85382	30715	2787.5	34510	365909	228	0.00	0	0	22749	10	0	0	0	5.15	0	GC:Normal,Size:Normal	Escherichia Coli K12	96.75	Yes	No
GCA_009824215.1.fna	121	4519544	4519544	50.85	49.15	101803	61214	31065	11722	37352	199513	218	0.00	0	0	18642	10	0	0	0	4.38	0	GC:Normal,Size:Normal	Escherichia Coli K12	99.5	Yes	No
GCA_040416005.1.fna	162	5038196	5038196	50.68	49.32	105884	52113	31136	4059.5	31100	281991	226	0.00	0	0	21291	9	0	0	0	4.88	0	GC:Normal,Size:Normal	Escherichia Coli K12	99.38	Yes	No
GCA_011763075.1.fna	156	4700115	4700115	50.77	49.23	90929	44695	26447	4808.5	30129	242372	229	0.00	0	0	19668	11	0	0	0	4.56	1	GC:Normal,Size:Normal	Escherichia Coli K12	99.55	Yes	No
GCA_037047155.1.fna	238	5310713	5310713	50.51	49.49	110251	41253	18475	2720.5	22314	291190	205	0.00	0	0	23245	12	0	0	0	5.15	2	GC:Normal,Size:Normal	Escherichia Coli K12	99.45	Yes	No
GCA_964205875.1.fna	117	4775540	4775540	50.79	49.21	101283	55554	32120	16688	40817	255187	299	0.00	0	0	19946	11	0	0	0	4.63	1	GC:Normal,Size:Normal	Escherichia Coli K12	99.42	Yes	No
GCA_964205715.1.fna	93	5174052	5174052	50.60	49.40	206849	119417	43996	10167	55635	389138	263	0.00	0	0	22254	10	0	0	0	5.01	0	GC:Normal,Size:Normal	Escherichia Coli K12	96.75	Yes	No
GCA_964006265.1.fna	166	5309796	5309796	50.61	49.39	165543	75759	27327	3441.5	31987	611128	233	0.00	0	0	22983	10	0	0	0	5.15	0	GC:Normal,Size:Normal	Escherichia Coli K12	96.73	Yes	No
GCA_040416955.1.fna	154	5052450	5052450	50.69	49.31	147693	59735	31136	2891.5	32808	361323	218	0.00	0	0	21345	12	0	0	0	4.89	1	GC:Normal,Size:Normal	Escherichia Coli K12	99.36	Yes	No
GCA_040418825.1.fna	260	5065820	5065820	50.59	49.41	56487	25610	10999	6483.5	19484	202757	226	0.00	0	0	21460	10	0	0	0	4.92	1	GC:Normal,Size:Normal	Escherichia Coli K12	99.44	Yes	No
GCA_050113015.1.fna	9	5170585	5170585	50.70	49.30	4891497	4891497	4891497	16667	574509	4891497	558	0.00	0	0	21902	12	0	0	1	4.99	2	GC:Normal,Size:Normal	Escherichia Coli K12	99.38	Yes	No
GCA_040418565.1.fna	221	5024845	5024845	50.67	49.33	61556	30836	14306	6879	22737	222944	208	0.00	0	0	21142	10	0	0	0	4.87	1	GC:Normal,Size:Normal	Escherichia Coli K12	99.42	Yes	No
GCA_050113195.1.fna	10	5193595	5193595	50.64	49.36	4909618	4909618	4909618	18347.0	519360	4909618	2101	0.00	0	0	21959	17	0	0	1	5.02	2	GC:Normal,Size:Normal	Escherichia Coli K12	99.4	Yes	No
GCA_964006965.1.fna	98	5370905	5370905	50.59	49.41	173573	95362	47702	10462.5	54805	712189	309	0.00	0	0	23101	11	0	0	0	5.20	1	GC:Normal,Size:Normal	Escherichia Coli K12	96.79	Yes	No
GCA_040415915.1.fna	235	4977366	4977366	50.72	49.28	83699	43418	17483	2955	21180	358695	207	0.00	0	0	20969	12	0	0	0	4.83	2	GC:Normal,Size:Normal	Escherichia Coli K12	99.35	Yes	No
GCA_964007355.1.fna	110	5169030	5169030	50.60	49.40	178338	111184	41540	7073.5	46991	389139	230	0.00	0	0	22230	10	0	0	0	5.00	0	GC:Normal,Size:Normal	Shigella Flexneri	96.73	Yes	No
GCA_966652735.1.fna	69	4760149	4760149	50.60	49.40	148156	95180	58401	26582	68988	511190	527	0.00	0	0	20069	10	0	0	0	4.61	0	GC:Normal,Size:Normal	Escherichia Coli K12	99.55	Yes	No
GCA_040417905.1.fna	272	5040267	5040267	50.69	49.31	42060	24898	13679	6279.0	18530	147076	208	0.00	0	0	21234	10	0	0	0	4.89	1	GC:Normal,Size:Normal	Escherichia Coli K12	99.41	Yes	No
GCA_040417385.1.fna	212	5058666	5058666	50.67	49.33	93410	40579	18150	3941.0	23862	318355	209	0.00	0	0	21686	10	0	0	0	4.90	1	GC:Normal,Size:Normal	Escherichia Coli K12	99.49	Yes	No
GCA_964205455.1.fna	178	5208825	5208825	50.59	49.41	225457	91858	26109	2028.0	29263	582843	243	0.00	0	0	22441	10	0	0	0	5.05	0	GC:Normal,Size:Normal	Escherichia Coli K12	96.85	Yes	No
GCA_040417625.1.fna	254	5034940	5034940	50.72	49.28	49124	29763	13654	6732.5	19823	160537	219	0.00	0	0	21157	10	0	0	0	4.88	1	GC:Normal,Size:Normal	Escherichia Coli K12	99.42	Yes	No
GCA_040416435.1.fna	166	5057400	5057400	50.63	49.37	94653	44638	26535	6527.0	30466	279227	216	0.00	0	0	21421	10	0	0	0	4.90	0	GC:Normal,Size:Normal	Escherichia Coli K12	99.45	Yes	No
GCA_040417525.1.fna	217	5044569	5044569	50.64	49.36	72914	39967	16534	5465	23247	226022	208	0.00	0	0	21318	10	0	0	0	4.89	1	GC:Normal,Size:Normal	Escherichia Coli K12	99.46	Yes	No
GCA_040419045.1.fna	157	5045184	5045184	50.69	49.31	110334	57769	27940	3831	32135	358695	226	0.00	0	0	21299	12	0	0	0	4.89	1	GC:Normal,Size:Normal	Escherichia Coli K12	99.38	Yes	No
GCA_040416885.1.fna	296	5032944	5032944	50.62	49.38	58996	31136	11472	2913.0	17003	222697	202	0.00	0	0	21184	59	0	0	0	4.89	2	GC:Normal,Size:Normal	Escherichia Coli K12	99.49	Yes	No
GCA_040415585.1.fna	220	5046793	5046793	50.64	49.36	63630	31145	15014	6126.5	22940	228344	208	0.00	0	0	21340	10	0	0	0	4.89	1	GC:Normal,Size:Normal	Escherichia Coli K12	99.44	Yes	No
GCA_964205825.1.fna	92	5173875	5173875	50.60	49.40	203380	120746	43748	10198.5	56238	389143	297	0.00	0	0	22259	10	0	0	0	5.01	0	GC:Normal,Size:Normal	Escherichia Coli K12	96.77	Yes	No
GCA_037049145.1.fna	198	5105196	5105196	50.72	49.28	110620	56015	20487	2560.5	25784	307707	202	0.00	0	0	21748	10	0	0	0	4.95	0	GC:Normal,Size:Normal	Escherichia Coli K12	96.79	Yes	No
GCA_964007025.1.fna	99	5265170	5265170	50.58	49.42	228236	136363	65912	5064	53184	709728	266	0.00	0	0	22605	10	0	0	0	5.10	0	GC:Normal,Size:Normal	Escherichia Coli K12	96.77	Yes	No
GCA_022488345.1.fna	1	4641178	4641178	50.79	49.21	4641178	4641178	4641178	4641178	4641178	4641178	4641178	0.00	0	0	19256	10	0	0	1	4.48	1	GC:Normal,Size:Normal	Escherichia Coli K12	99.99	Yes	No
GCA_966570365.1.fna	221	5209574	5209574	50.72	49.28	94893	54684	19246	2528	23573	208708	505	0.00	0	0	22668	16	0	0	0	5.06	2	GC:Normal,Size:Normal	Escherichia Coli K12	99.47	Yes	No
GCA_966562275.1.fna	152	5046523	5046523	50.64	49.36	90795	46257	18704	11964.5	33201	238181	516	0.00	0	0	21612	10	0	0	0	4.89	0	GC:Normal,Size:Normal	Escherichia Coli K12	99.42	Yes	No
GCA_964006555.1.fna	147	5164255	5164255	50.67	49.33	154594	107558	26608	4113	35131	355451	211	0.00	0	0	21912	10	0	0	0	5.00	0	GC:Normal,Size:Normal	Escherichia Coli K12	96.81	Yes	No
GCA_040415655.1.fna	217	4988242	4988242	50.72	49.28	89003	52113	18499	3184	22987	276303	202	0.00	0	0	21014	12	0	0	0	4.84	2	GC:Normal,Size:Normal	Escherichia Coli K12	99.4	Yes	No
GCA_040416495.1.fna	243	5055696	5055696	50.65	49.35	53549	31119	14964	5547	20805	269033	208	0.00	0	0	21362	10	0	0	0	4.90	1	GC:Normal,Size:Normal	Escherichia Coli K12	99.43	Yes	No
GCA_907163365.1.fna	262	4903977	4903977	50.87	49.13	89733	48565	28964	504.5	18717	263342	112	0.00	0	0	20518	10	0	0	0	4.77	1	GC:Normal,Size:Normal	Escherichia Coli K12	99.4	Yes	No
GCA_966562775.1.fna	338	5273959	5273959	50.74	49.26	95119	54721	16985	883.0	15603	282122	500	0.00	0	0	22932	16	0	0	0	5.14	2	GC:Normal,Size:Normal	Escherichia Coli K12	99.53	Yes	No
GCA_040415815.1.fna	267	4946469	4946469	50.78	49.22	63693	32164	10561	4324	18526	183284	207	0.00	0	0	20722	9	0	0	0	4.80	1	GC:Normal,Size:Normal	Escherichia Coli K12	99.42	Yes	No
GCA_040418545.1.fna	226	5073393	5073393	50.63	49.37	61159	35799	18501	5255.0	22449	269336	201	0.00	0	0	21537	10	0	0	0	4.92	1	GC:Normal,Size:Normal	Escherichia Coli K12	99.43	Yes	No
GCA_049380025.1.fna	107	5209738	5209738	50.45	49.55	210167	108879	41609	5552	48689	537917	1002	0.00	0	0	22907	10	0	0	0	5.04	0	GC:Normal,Size:Normal	Escherichia Coli K12	99.39	Yes	No
GCA_964006105.1.fna	103	5249461	5249461	50.55	49.45	190889	103452	30018	13801	50966	377861	285	0.00	0	0	22458	10	0	0	0	5.08	0	GC:Normal,Size:Normal	Escherichia Coli K12	96.71	Yes	No
GCA_009900075.1.fna	132	4909482	4909482	50.79	49.21	138257	79258	38874	1337.0	37193	453375	205	0.00	0	0	20510	9	0	0	0	4.75	0	GC:Normal,Size:Normal	Escherichia Coli K12	99.37	Yes	No
GCA_964206025.1.fna	89	5190166	5190166	50.60	49.40	206850	124126	56684	9336	58316	411392	293	0.00	0	0	22357	10	0	0	0	5.02	0	GC:Normal,Size:Normal	Escherichia Coli K12	96.76	Yes	No
GCA_907163805.1.fna	146	5148998	5148998	50.76	49.24	222782	124838	52723	1020.5	35267	622978	112	0.00	0	0	21958	10	0	0	0	4.99	0	GC:Normal,Size:Normal	Escherichia Coli K12	96.75	Yes	No
GCA_907163625.1.fna	165	5213250	5213250	50.74	49.26	172022	111661	38700	706	31595	622765	112	0.00	0	0	22325	10	0	0	0	5.05	0	GC:Normal,Size:Normal	Escherichia Coli K12	96.82	Yes	No
GCA_009825065.1.fna	2207	6654516	6654516	52.00	48.00	87300	8157	694	588	3015	468014	209	0.00	0	0	26487	13	0	0	0	6.66	4	GC:Atypical,Size:Atypical	Escherichia Coli K12	99.44	Yes	No
GCA_964006355.1.fna	84	5168908	5168908	50.60	49.40	190971	116950	56375	10676.5	61535	389138	326	0.00	0	0	22253	10	0	0	0	5.00	0	GC:Normal,Size:Normal	Escherichia Coli K12	96.77	Yes	No
GCA_040417925.1.fna	306	5022439	5022439	50.74	49.26	40460	22649	9710	5848.5	16413	127700	202	0.00	0	0	21032	10	0	0	0	4.88	1	GC:Normal,Size:Normal	Escherichia Coli K12	99.41	Yes	No
GCA_907164245.1.fna	157	5055383	5055383	50.75	49.25	209851	124115	46198	515	32200	622988	112	0.00	0	0	21470	10	0	0	0	4.90	0	GC:Normal,Size:Normal	Escherichia Coli K12	96.81	Yes	No
GCA_964206375.1.fna	138	5166587	5166587	50.67	49.33	180816	109261	22280	4384.0	37439	437787	211	0.00	0	0	21916	10	0	0	0	5.01	0	GC:Normal,Size:Normal	Escherichia Coli K12	96.74	Yes	No
GCA_009793715.1.fna	151	4979234	4979234	50.68	49.32	186024	88409	41741	1221	32975	354968	219	0.00	0	0	20845	10	0	0	0	4.82	0	GC:Normal,Size:Normal	Escherichia Coli K12	99.45	Yes	No
GCA_964007285.1.fna	94	5170483	5170483	50.60	49.40	191839	107091	46842	10392.0	55005	389135	267	0.00	0	0	22242	10	0	0	0	5.01	0	GC:Normal,Size:Normal	Shigella Flexneri	96.76	Yes	No
GCA_966555405.1.fna	186	5165058	5165058	50.75	49.25	243760	131472	34401	526.5	27769	492404	128	0.00	0	0	22333	128	0	0	0	5.01	1	GC:Normal,Size:Normal	Escherichia Coli K12	96.76	Yes	No
GCA_040416375.1.fna	216	5035188	5035188	50.71	49.29	87179	41423	13826	4447.0	23311	272494	221	0.00	0	0	21221	127	0	0	0	4.88	2	GC:Normal,Size:Normal	Escherichia Coli K12	99.36	Yes	No
GCA_030024825.1.fna	204	4676559	4676559	50.92	49.08	124632	55079	30687	964.5	22924	459656	202	0.00	2	70	19381	23	0	0	0	4.53	3	GC:Normal,Size:Normal	Escherichia Coli K12	99.56	Yes	No
GCA_009824615.1.fna	540	5273025	5273025	50.50	49.50	105398	48937	4126	1071.5	9765	416642	207	0.00	1	1	22528	10	0	0	0	5.15	1	GC:Normal,Size:Normal	Escherichia Coli K12	99.5	Yes	No
GCA_966576395.1.fna	316	5591535	5591535	50.38	49.62	85887	34030	10862	2231.5	17695	205692	502	0.00	0	0	24458	12	0	0	0	5.44	3	GC:Normal,Size:Atypical	Escherichia Coli K12	99.46	Yes	No
GCA_037049325.1.fna	275	4878542	4878542	50.81	49.19	70083	39228	16853	1528	17740	211959	201	0.00	0	0	20555	11	0	0	0	4.74	2	GC:Normal,Size:Normal	Escherichia Coli K12	99.47	Yes	No
GCA_964007265.1.fna	100	4746996	4746996	50.73	49.27	125776	76928	33972	16146.5	47470	263496	356	0.00	0	0	19932	12	0	0	0	4.60	1	GC:Normal,Size:Normal	Escherichia Coli K12	99.45	Yes	No
GCA_907163915.1.fna	179	5287108	5287108	50.70	49.30	225267	124012	33152	596	29537	711464	112	0.00	0	0	22571	10	0	0	0	5.13	0	GC:Normal,Size:Normal	Escherichia Coli K12	96.77	Yes	No
GCA_964205745.1.fna	103	5193195	5193195	50.53	49.47	239476	94203	31661	11977	50419	463697	404	0.00	0	0	22333	11	0	0	0	5.03	1	GC:Normal,Size:Normal	Escherichia Coli K12	96.84	Yes	No
GCA_966572575.1.fna	620	5347564	5347564	50.60	49.40	125353	41011	10737	664.0	8625	288862	500	0.00	0	0	23050	10	0	0	0	5.25	1	GC:Normal,Size:Normal	Escherichia Coli K12	99.5	Yes	No
GCA_040417455.1.fna	259	5087683	5087683	50.63	49.37	53549	29117	12567	5866	19644	189279	226	0.00	0	0	21494	10	0	0	0	4.94	1	GC:Normal,Size:Normal	Escherichia Coli K12	99.38	Yes	No
GCA_040418505.1.fna	275	5032414	5032414	50.67	49.33	51762	27453	11850	5219	18300	203188	208	0.00	0	0	21182	10	0	0	0	4.88	1	GC:Normal,Size:Normal	Escherichia Coli K12	99.36	Yes	No
GCA_040416135.1.fna	197	5054892	5054892	50.68	49.32	103217	41423	20191	4203	25659	369840	209	0.00	0	0	21662	11	0	0	0	4.90	1	GC:Normal,Size:Normal	Escherichia Coli K12	99.52	Yes	No
GCA_050113175.1.fna	12	5292591	5292591	50.57	49.43	4682528	4682528	228307	20763.0	441049	4682528	3516	0.00	0	0	22803	10	0	0	1	5.11	1	GC:Normal,Size:Normal	Escherichia Coli K12	99.4	Yes	No
GCA_907163825.1.fna	147	5149936	5149936	50.76	49.24	217740	153660	53582	813	35034	622985	112	0.00	0	0	21955	10	0	0	0	4.99	0	GC:Normal,Size:Normal	Escherichia Coli K12	96.85	Yes	No
GCA_037049045.1.fna	303	5368490	5368490	50.63	49.37	110753	55641	13925	1246	17718	252105	203	0.00	0	0	23142	10	0	0	0	5.22	1	GC:Normal,Size:Normal	Escherichia Coli K12	96.74	Yes	No
GCA_964007175.1.fna	89	5053179	5053179	50.75	49.25	190971	123785	35232	11265	56777	393211	293	0.00	0	0	21486	10	0	0	0	4.89	0	GC:Normal,Size:Normal	Escherichia Coli K12	96.8	Yes	No
GCA_040417865.1.fna	255	5030618	5030618	50.73	49.27	61357	29632	11588	5320	19728	172835	218	0.00	0	0	21176	12	0	0	0	4.88	2	GC:Normal,Size:Normal	Escherichia Coli K12	99.38	Yes	No
GCA_964007445.1.fna	157	5283258	5283258	50.62	49.38	172016	89929	19845	4780	33651	368100	278	0.00	0	0	22661	10	0	0	0	5.12	0	GC:Normal,Size:Normal	Escherichia Coli K12	96.7	Yes	No
GCA_037047245.1.fna	293	5284994	5284994	50.76	49.24	107471	55111	14614	1417	18038	273951	202	0.00	0	0	22708	10	0	0	0	5.13	1	GC:Normal,Size:Normal	Escherichia Coli K12	96.79	Yes	No
GCA_040419145.1.fna	217	4951157	4951157	50.75	49.25	81719	35964	14136	4666	22816	327182	226	0.00	0	0	20819	11	0	0	0	4.80	2	GC:Normal,Size:Normal	Escherichia Coli K12	99.35	Yes	No
GCA_009823885.1.fna	110	4642120	4642120	50.76	49.24	133408	81303	40558	3095.5	42201	312467	255	0.00	0	0	19405	15	0	0	0	4.49	1	GC:Normal,Size:Normal	Escherichia Coli K12	99.63	Yes	No
GCA_966516095.1.fna	103	4747246	4747246	50.79	49.21	147725	85407	33717	10056	46090	565436	528	0.00	0	0	19668	12	0	0	0	4.60	1	GC:Normal,Size:Normal	Escherichia Coli K12	99.28	Yes	No
GCA_050112935.1.fna	13	5155252	5155252	50.72	49.28	934963	625023	205284	172507	396558	1654970	6200	0.00	0	0	22103	10	0	0	1	4.98	1	GC:Normal,Size:Normal	Escherichia Coli K12	99.46	Yes	No
GCA_050112895.1.fna	13	5212812	5212812	50.62	49.38	4910842	4910842	4910842	12378	400986	4910842	410	0.00	0	0	22167	10	0	0	1	5.03	1	GC:Normal,Size:Normal	Escherichia Coli K12	99.38	Yes	No
GCA_040416815.1.fna	245	4867994	4867994	50.68	49.32	43671	28537	14423	7444	19869	143424	226	0.00	0	0	20330	10	0	0	0	4.72	1	GC:Normal,Size:Normal	Escherichia Coli K12	99.44	Yes	No
GCA_964206415.1.fna	155	5119835	5119835	50.67	49.33	126051	74810	29800	4634	33031	307840	234	0.00	0	0	21999	10	0	0	0	4.96	0	GC:Normal,Size:Normal	Escherichia Coli K12	96.8	Yes	No
GCA_040416595.1.fna	241	5048439	5048439	50.69	49.31	52304	28775	14639	7717	20948	151654	208	0.00	0	0	21282	127	0	0	0	4.90	2	GC:Normal,Size:Normal	Escherichia Coli K12	99.44	Yes	No
GCA_040418625.1.fna	318	4995062	4995062	50.72	49.28	39220	21523	9035	6231.0	15708	129586	216	0.00	0	0	21000	10	0	0	0	4.85	1	GC:Normal,Size:Normal	Escherichia Coli K12	99.36	Yes	No
GCA_040417305.1.fna	233	5039814	5039814	50.66	49.34	55856	31145	16534	5465	21630	195163	208	0.00	0	0	21252	10	0	0	0	4.89	1	GC:Normal,Size:Normal	Escherichia Coli K12	99.47	Yes	No
GCA_907164375.1.fna	162	5193590	5193590	50.76	49.24	191839	153660	53582	689.5	32059	622964	112	0.00	0	0	22146	10	0	0	0	5.03	0	GC:Normal,Size:Normal	Escherichia Coli K12	96.81	Yes	No
GCA_040418965.1.fna	200	5057965	5057965	50.63	49.37	84699	39782	18504	5376.0	25290	226248	208	0.00	0	0	21424	10	0	0	0	4.90	0	GC:Normal,Size:Normal	Escherichia Coli K12	99.42	Yes	No
GCA_011317875.1.fna	151	4782945	4782945	50.89	49.11	291116	88076	39351	1106	31675	475761	200	0.00	0	0	19765	10	0	0	0	4.63	0	GC:Normal,Size:Normal	Escherichia Coli K12	99.49	Yes	No
GCA_964206565.1.fna	148	5162148	5162148	50.56	49.44	180780	72161	21347	4209.0	34879	402196	285	0.00	0	0	22104	10	0	0	0	5.00	0	GC:Normal,Size:Normal	Escherichia Coli K12	96.78	Yes	No
GCA_009901185.1.fna	124	4871864	4871864	50.86	49.14	210717	95112	41583	1261.5	39289	547912	234	0.00	0	0	20351	9	0	0	0	4.72	0	GC:Normal,Size:Normal	Escherichia Coli K12	99.33	Yes	No
GCA_037047525.1.fna	263	5192561	5192561	50.72	49.28	114982	62762	20217	1262	19744	346710	203	0.00	0	0	22445	10	0	0	0	5.04	1	GC:Normal,Size:Normal	Escherichia Coli K12	96.73	Yes	No
GCA_040416525.1.fna	208	4872882	4872882	50.66	49.34	54859	32616	18563	8017.5	23427	285461	226	0.00	0	0	20384	10	0	0	0	4.72	1	GC:Normal,Size:Normal	Escherichia Coli K12	99.44	Yes	No
GCA_040418915.1.fna	215	5057235	5057235	50.63	49.37	69330	35855	17288	5913	23522	204268	202	0.00	0	0	21406	10	0	0	0	4.90	1	GC:Normal,Size:Normal	Escherichia Coli K12	99.42	Yes	No
GCA_025536495.1.fna	153	4693095	4693095	50.67	49.29	106394	46052	31480	3085	30674	362168	208	0.04	12	100	19681	31	0	0	0	4.55	2	GC:Normal,Size:Normal	Escherichia Coli K12	99.28	Yes	No
GCA_964205595.1.fna	98	5170891	5170891	50.60	49.40	166206	109231	43748	9748.5	52764	309416	266	0.00	0	0	22252	10	0	0	0	5.00	0	GC:Normal,Size:Normal	Escherichia Coli K12	96.77	Yes	No
GCA_040417645.1.fna	278	5024345	5024345	50.75	49.25	46646	25269	9893	5886.5	18073	203514	225	0.00	0	0	21106	9	0	0	0	4.88	1	GC:Normal,Size:Normal	Escherichia Coli K12	99.38	Yes	No
GCA_040417055.1.fna	312	5078209	5078209	50.77	49.23	40217	20450	9546	5955.0	16276	175181	208	0.00	0	0	21318	10	0	0	0	4.93	1	GC:Normal,Size:Normal	Escherichia Coli K12	99.45	Yes	No
GCA_009900625.1.fna	113	4752528	4752528	50.86	49.14	227174	119486	62615	884	42058	626710	205	0.00	0	0	19767	10	0	0	0	4.60	0	GC:Normal,Size:Normal	Escherichia Coli K12	99.57	Yes	No
GCA_040418025.1.fna	260	4887106	4887106	50.82	49.18	59277	27678	11692	5014.5	18797	153129	218	0.00	0	0	20443	127	0	0	0	4.74	2	GC:Normal,Size:Normal	Escherichia Coli K12	99.43	Yes	No
GCA_964206105.1.fna	347	4831753	4831753	50.74	49.26	37318	18346	8207	5693	13924	113517	200	0.00	0	0	20363	11	0	0	0	4.71	2	GC:Normal,Size:Normal	Escherichia Coli K12	99.48	Yes	No
GCA_018972265.1.fna	4	5337095	5337095	50.71	49.29	5181038	5181038	5181038	75986.5	1334274	5181038	4084	0.00	0	0	22882	10	0	0	1	5.15	1	GC:Normal,Size:Normal	Escherichia Coli K12	96.77	Yes	No
GCA_972176395.1.fna	100	4988814	4988814	50.70	49.30	244181	137712	34906	7820.0	49888	452474	504	0.00	0	0	21158	127	0	0	0	4.83	1	GC:Normal,Size:Normal	Escherichia Coli K12	96.71	Yes	No
GCA_964205485.1.fna	114	5295069	5295069	50.58	49.42	170603	86907	34636	8301.0	46448	363294	293	0.00	0	0	22741	10	0	0	0	5.13	0	GC:Normal,Size:Normal	Escherichia Coli K12	96.79	Yes	No
GCA_040416395.1.fna	402	4902111	4902111	50.83	49.17	27509	14464	6968	5581.0	12194	95583	208	0.00	0	0	20299	10	0	0	0	4.77	1	GC:Normal,Size:Normal	Escherichia Coli K12	99.46	Yes	No
GCA_040417825.1.fna	172	5063471	5063471	50.63	49.37	83692	43497	25725	7075.5	29439	269033	208	0.00	0	0	21457	10	0	0	0	4.90	0	GC:Normal,Size:Normal	Escherichia Coli K12	99.44	Yes	No
GCA_964007295.1.fna	342	4942211	4942211	50.67	49.33	61396	40332	16302	842.0	14451	255101	260	0.00	0	0	20905	11	0	0	0	4.81	2	GC:Normal,Size:Normal	Escherichia Coli K12	99.46	Yes	No
GCA_040418725.1.fna	234	5051434	5051434	50.67	49.33	55497	31900	14464	6763.0	21587	269033	208	0.00	0	0	21352	10	0	0	0	4.90	1	GC:Normal,Size:Normal	Escherichia Coli K12	99.4	Yes	No
GCA_018972225.1.fna	4	5212963	5212963	50.75	49.25	5099831	5099831	5099831	55746.0	1303241	5099831	1640	0.00	0	0	22202	10	0	0	1	5.03	1	GC:Normal,Size:Normal	Escherichia Coli K12	96.71	Yes	No
GCA_037047365.1.fna	427	5356699	5356699	50.70	49.30	70084	31270	10780	1219	12545	171684	202	0.00	0	0	23078	10	0	0	0	5.22	1	GC:Normal,Size:Normal	Escherichia Coli K12	99.44	Yes	No
GCA_009901165.1.fna	284	4830382	4830382	50.88	49.12	129948	59034	31145	648.5	17008	463303	225	0.00	0	0	19984	10	0	0	0	4.69	1	GC:Normal,Size:Normal	Escherichia Coli K12	99.54	Yes	No
GCA_037047825.1.fna	220	5152953	5152953	50.76	49.24	110982	57421	18608	2832.0	23423	307937	202	0.00	0	0	22030	10	0	0	0	5.00	1	GC:Normal,Size:Normal	Escherichia Coli K12	96.78	Yes	No
GCA_907163995.1.fna	205	5065702	5065702	50.55	49.45	176029	76037	37815	647	24711	441557	112	0.00	0	0	21361	26	0	0	0	4.91	2	GC:Normal,Size:Normal	Escherichia Coli K12	99.52	Yes	No
GCA_040418405.1.fna	205	4960376	4960376	50.65	49.35	58997	34054	18942	7189	24197	222944	208	0.00	0	0	20862	10	0	0	0	4.81	1	GC:Normal,Size:Normal	Escherichia Coli K12	99.48	Yes	No
GCA_040417875.1.fna	241	5090477	5090477	50.64	49.36	54201	29760	13846	8217	21122	203358	208	0.00	0	0	21514	10	0	0	0	4.94	1	GC:Normal,Size:Normal	Escherichia Coli K12	99.39	Yes	No
GCA_040416775.1.fna	168	5048645	5048645	50.69	49.31	106008	49460	22972	4759.5	30051	340613	226	0.00	0	0	21310	9	0	0	0	4.89	0	GC:Normal,Size:Normal	Escherichia Coli K12	99.36	Yes	No
GCA_009720065.1.fna	208	5245824	5245824	50.79	49.21	173083	106208	23491	1347.5	25220	362435	203	0.00	0	0	22516	26	0	0	0	5.09	2	GC:Normal,Size:Normal	Escherichia Coli K12	96.77	Yes	No
GCA_964007225.1.fna	190	5093830	5093830	50.74	49.26	191367	96376	23938	1913.5	26810	374911	211	0.00	0	0	21715	10	0	0	0	4.94	0	GC:Normal,Size:Normal	Escherichia Coli K12	96.79	Yes	No
GCA_040418885.1.fna	264	5038268	5038268	50.69	49.31	51269	28003	12980	5810.0	19084	157865	216	0.00	0	0	21262	10	0	0	0	4.89	1	GC:Normal,Size:Normal	Escherichia Coli K12	99.43	Yes	No
GCA_040417015.1.fna	275	4951263	4951263	50.81	49.19	52239	26707	10944	5125	18005	153666	202	0.00	0	0	20707	9	0	0	0	4.81	1	GC:Normal,Size:Normal	Escherichia Coli K12	99.37	Yes	No
GCA_964206225.1.fna	298	5242293	5242293	50.74	49.26	135410	75312	23073	796.5	17592	466161	200	0.00	0	0	22480	10	0	0	0	5.10	1	GC:Normal,Size:Normal	Escherichia Coli K12	96.79	Yes	No
GCA_040416995.1.fna	270	4962681	4962681	50.80	49.20	55949	31084	12572	4198.5	18380	181408	202	0.00	0	0	20752	9	0	0	0	4.82	1	GC:Normal,Size:Normal	Escherichia Coli K12	99.39	Yes	No
GCA_037049765.1.fna	154	5018786	5018786	50.68	49.32	123597	69915	29666	4092.0	32590	253041	200	0.00	0	0	21417	10	0	0	0	4.86	0	GC:Normal,Size:Normal	Escherichia Coli K12	96.79	Yes	No
GCA_040419065.1.fna	220	5031679	5031679	50.75	49.25	69299	41018	17328	4617.5	22871	242470	226	0.00	0	0	21207	11	0	0	0	4.88	2	GC:Normal,Size:Normal	Escherichia Coli K12	99.38	Yes	No
GCA_025544715.1.fna	524	5228989	5228989	49.17	50.79	88266	41427	17243	476.0	9979	362593	201	0.04	12	100	22680	11	0	0	0	5.11	3	GC:Normal,Size:Normal	Escherichia Coli K12	99.23	Yes	No
GCA_964006185.1.fna	252	5384683	5384683	50.63	49.37	103884	48176	14123	2576.0	21368	324640	208	0.00	0	0	23329	10	0	0	0	5.23	1	GC:Normal,Size:Normal	Escherichia Coli K12	96.81	Yes	No
GCA_040418905.1.fna	224	5037329	5037329	50.71	49.29	78205	38329	14609	4569.0	22488	254214	218	0.00	0	0	21223	11	0	0	0	4.88	2	GC:Normal,Size:Normal	Escherichia Coli K12	99.38	Yes	No
GCA_040416695.1.fna	180	5050882	5050882	50.69	49.31	87179	45230	22467	5459.0	28060	203740	221	0.00	0	0	21338	12	0	0	0	4.89	1	GC:Normal,Size:Normal	Escherichia Coli K12	99.35	Yes	No
GCA_964006725.1.fna	136	5167159	5167159	50.57	49.43	168045	105902	25937	4736.0	37994	402196	211	0.00	0	0	22116	10	0	0	0	5.01	0	GC:Normal,Size:Normal	Escherichia Coli K12	96.75	Yes	No
GCA_964006755.1.fna	141	5158886	5158886	50.76	49.24	144771	78459	28404	5257	36588	344288	263	0.00	0	0	22162	10	0	0	0	5.00	0	GC:Normal,Size:Normal	Escherichia Coli K12	96.73	Yes	No
GCA_040415565.1.fna	207	5014607	5014607	50.72	49.28	87145	42909	15384	4299	24225	238231	226	0.00	0	0	21121	9	0	0	0	4.86	1	GC:Normal,Size:Normal	Escherichia Coli K12	99.37	Yes	No
GCA_964205375.1.fna	171	4846137	4846137	50.76	49.24	122320	49574	21960	4603	28340	434968	210	0.00	0	0	20423	11	0	0	0	4.70	1	GC:Normal,Size:Normal	Escherichia Coli K12	99.48	Yes	No
GCA_040418645.1.fna	212	5058706	5058706	50.64	49.36	71806	39116	18146	5615.5	23862	203515	202	0.00	0	0	21388	10	0	0	0	4.90	1	GC:Normal,Size:Normal	Escherichia Coli K12	99.41	Yes	No
GCA_907163605.1.fna	163	5214376	5214376	50.74	49.26	190820	147216	39536	693	31990	622765	112	0.00	0	0	22341	10	0	0	0	5.05	0	GC:Normal,Size:Normal	Escherichia Coli K12	96.79	Yes	No
GCA_040417785.1.fna	245	5037755	5037755	50.69	49.31	49922	28214	12982	7935	20562	203274	208	0.00	0	0	21211	10	0	0	0	4.89	1	GC:Normal,Size:Normal	Escherichia Coli K12	99.35	Yes	No
GCA_964006435.1.fna	236	5124923	5124923	50.72	49.28	118816	57034	17023	2124.0	21716	288487	211	0.00	0	0	21901	10	0	0	0	4.98	1	GC:Normal,Size:Normal	Escherichia Coli K12	99.49	Yes	No
GCA_964006325.1.fna	579	5415111	5415111	50.71	49.29	138704	44177	10250	683	9353	393121	291	0.00	0	0	23088	10	0	0	0	5.30	1	GC:Normal,Size:Normal	Escherichia Coli K12	96.74	Yes	No
GCA_040712505.1.fna	151	5189579	5189579	50.58	49.42	119519	55924	21658	8997	34368	254891	526	0.00	0	0	22051	10	0	0	0	5.02	0	GC:Normal,Size:Normal	Escherichia Coli K12	99.42	Yes	No
GCA_040415905.1.fna	183	5050005	5050005	50.69	49.31	94295	52113	25543	3305	27596	322509	219	0.00	0	0	21359	14	0	0	0	4.89	1	GC:Normal,Size:Normal	Escherichia Coli K12	99.35	Yes	No
GCA_040419005.1.fna	225	5050944	5050944	50.64	49.36	66474	36662	14951	5552	22449	222944	202	0.00	0	0	21331	10	0	0	0	4.90	1	GC:Normal,Size:Normal	Escherichia Coli K12	99.42	Yes	No
GCA_040417685.1.fna	183	5061303	5061303	50.63	49.37	91118	40442	22872	5465	27657	269033	216	0.00	0	0	21429	10	0	0	0	4.90	0	GC:Normal,Size:Normal	Escherichia Coli K12	99.43	Yes	No
GCA_037048185.1.fna	218	5262842	5262842	50.62	49.38	103649	46583	22792	1896.0	24141	256692	209	0.00	0	0	22658	10	0	0	0	5.10	1	GC:Normal,Size:Normal	Escherichia Coli K12	96.74	Yes	No
GCA_009824295.1.fna	122	4866211	4866211	50.41	49.59	203721	110031	34093	2970.0	39887	521170	215	0.00	0	0	20906	13	0	0	0	4.71	1	GC:Normal,Size:Normal	Escherichia Coli K12	99.47	Yes	No
GCA_966564195.1.fna	270	5042619	5042619	50.78	49.22	54318	26398	12421	4996.0	18676	241547	507	0.00	0	0	21888	11	0	0	0	4.91	2	GC:Normal,Size:Normal	Escherichia Coli K12	99.31	Yes	No
GCA_964006875.1.fna	130	5164508	5164508	50.57	49.43	213027	109381	25937	5120.5	39727	402196	288	0.00	0	0	22114	10	0	0	0	5.00	0	GC:Normal,Size:Normal	Escherichia Coli K12	96.81	Yes	No
GCA_964006445.1.fna	200	5096069	5096069	50.67	49.33	90056	41317	16950	5489.5	25480	280286	317	0.00	0	0	21932	11	0	0	0	4.95	1	GC:Normal,Size:Normal	Escherichia Coli K12	99.37	Yes	No
GCA_040418685.1.fna	197	5051992	5051992	50.64	49.36	81857	38440	17169	5944	25645	226248	201	0.00	0	0	21369	10	0	0	0	4.90	0	GC:Normal,Size:Normal	Escherichia Coli K12	99.46	Yes	No
GCA_052072695.1.fna	153	5035872	5035872	50.74	49.26	190831	83209	42397	1111	32914	361323	200	0.00	0	0	21210	255	0	0	0	4.88	1	GC:Normal,Size:Normal	Escherichia Coli K12	99.37	Yes	No
GCA_009794485.1.fna	117	5030893	5030893	50.81	49.19	186028	109185	42150	1447	42999	643051	219	0.00	0	0	21370	11	0	0	0	4.87	1	GC:Normal,Size:Normal	Escherichia Coli K12	99.53	Yes	No
GCA_009793645.1.fna	103	4740544	4740544	50.69	49.31	179841	119371	85011	1702	46025	706549	206	0.00	0	0	19743	10	0	0	0	4.59	0	GC:Normal,Size:Normal	Escherichia Coli K12	99.53	Yes	No
GCA_040416195.1.fna	209	5050988	5050988	50.65	49.35	62906	36085	18482	5944	24167	269033	202	0.00	0	0	21354	10	0	0	0	4.90	1	GC:Normal,Size:Normal	Escherichia Coli K12	99.4	Yes	No
GCA_049379945.1.fna	111	5351129	5351129	50.44	49.56	173158	108879	41172	6230	48208	565641	1005	0.00	0	0	23460	10	0	0	0	5.18	0	GC:Normal,Size:Normal	Escherichia Coli K12	99.37	Yes	No
GCA_037049385.1.fna	193	4834879	4834879	50.79	49.21	82497	38331	19211	5789	25051	211726	200	0.00	0	0	20350	11	0	0	0	4.69	1	GC:Normal,Size:Normal	Escherichia Coli K12	99.46	Yes	No
GCA_040416335.1.fna	218	5057207	5057207	50.67	49.33	82500	41423	16719	4240.5	23198	286369	209	0.00	0	0	21684	127	0	0	0	4.90	2	GC:Normal,Size:Normal	Escherichia Coli K12	99.47	Yes	No
GCA_040416795.1.fna	288	4886223	4886223	50.80	49.20	52239	26020	10060	4722.0	16966	194460	218	0.00	0	0	20413	9	0	0	0	4.74	1	GC:Normal,Size:Normal	Escherichia Coli K12	99.38	Yes	No
GCA_964206575.1.fna	154	5292527	5292527	50.63	49.37	145245	86947	29465	4337.5	34367	266499	261	0.00	0	0	22818	10	0	0	0	5.13	0	GC:Normal,Size:Normal	Escherichia Coli K12	96.76	Yes	No
GCA_009825265.1.fna	166	4843141	4843141	50.75	49.25	104447	61612	28186	2277.5	29176	317785	209	0.00	0	0	20259	10	0	0	0	4.69	0	GC:Normal,Size:Normal	Escherichia Coli K12	99.47	Yes	No
GCA_964006205.1.fna	280	5095753	5095753	50.72	49.28	48789	27144	9016	5260.5	18199	198867	367	0.00	0	0	21733	10	0	0	0	4.95	1	GC:Normal,Size:Normal	Escherichia Coli K12	96.74	Yes	No
GCA_049546825.1.fna	9	5051904	5051904	50.79	49.21	4891645	4891645	4891645	4074	561323	4891645	1577	0.00	0	0	21166	14	0	0	1	4.88	2	GC:Normal,Size:Normal	Escherichia Coli K12	99.39	Yes	No
GCA_009824555.1.fna	128	4851959	4851959	50.77	49.23	138048	101116	41509	2224.0	37906	665936	204	0.00	0	0	20302	9	0	0	0	4.70	0	GC:Normal,Size:Normal	Escherichia Coli K12	99.55	Yes	No
GCA_964006395.1.fna	133	5324155	5324155	50.60	49.40	158934	90070	27518	9097	40031	291796	260	0.00	0	0	23045	10	0	0	0	5.16	0	GC:Normal,Size:Normal	Escherichia Coli K12	96.77	Yes	No
GCA_040713795.1.fna	138	5161348	5161348	50.46	49.54	99992	53204	27905	11587.5	37401	216121	503	0.00	0	0	22061	12	0	0	0	5.00	1	GC:Normal,Size:Normal	Escherichia Coli K12	99.59	Yes	No
GCA_964006385.1.fna	102	5193690	5193690	50.64	49.36	159109	116919	33604	9746.5	50919	393211	363	0.00	0	0	22350	10	0	0	0	5.03	0	GC:Normal,Size:Normal	Escherichia Coli K12	96.78	Yes	No
GCA_040417405.1.fna	254	5020378	5020378	50.77	49.23	69015	34587	12965	3579.0	19765	201720	202	0.00	0	0	21098	127	0	0	0	4.87	2	GC:Normal,Size:Normal	Escherichia Coli K12	99.37	Yes	No
GCA_964205855.1.fna	95	5166346	5166346	50.60	49.40	165542	109317	43077	10522	54383	389132	329	0.00	0	0	22225	10	0	0	0	5.00	0	GC:Normal,Size:Normal	Escherichia Coli K12	96.74	Yes	No
GCA_040416515.1.fna	163	5046745	5046745	50.69	49.31	119275	61051	35291	3811	30962	338498	221	0.00	0	0	21329	11	0	0	0	4.89	1	GC:Normal,Size:Normal	Escherichia Coli K12	99.39	Yes	No
GCA_037049825.1.fna	116	5329880	5329880	50.68	49.32	213911	109215	46366	1973.5	45947	615206	203	0.00	0	0	22942	111	0	0	0	5.16	1	GC:Normal,Size:Normal	Escherichia Coli K12	96.78	Yes	No
GCA_024331345.2.fna	2	5024058	5024058	50.79	49.21	4930547	4930547	4930547	2512029.0	2512029	4930547	93511	0.00	0	0	24020	239	0	0	1	4.85	2	GC:Normal,Size:Normal	Escherichia Coli K12	99.22	Yes	No
GCA_009795575.1.fna	119	4744757	4744757	50.68	49.32	179841	119371	79194	1624	39872	706683	204	0.00	0	0	19788	10	0	0	0	4.59	0	GC:Normal,Size:Normal	Escherichia Coli K12	99.51	Yes	No
GCA_040416415.1.fna	194	5045278	5045278	50.70	49.30	96715	42966	18378	4187.5	26007	310428	202	0.00	0	0	21291	11	0	0	0	4.89	1	GC:Normal,Size:Normal	Escherichia Coli K12	99.35	Yes	No
GCA_964205505.1.fna	93	5169281	5169281	50.60	49.40	191981	116868	41474	10522	55584	312219	317	0.00	0	0	22238	10	0	0	0	5.00	0	GC:Normal,Size:Normal	Escherichia Coli K12	96.78	Yes	No
GCA_040415955.1.fna	215	5052230	5052230	50.65	49.35	61158	31332	16534	6685	23499	279227	216	0.00	0	0	21352	10	0	0	0	4.90	1	GC:Normal,Size:Normal	Escherichia Coli K12	99.42	Yes	No
GCA_030520165.1.fna	3	5088163	5088163	50.72	49.28	4795870	4795870	4795870	186751	1696054	4795870	105542	0.00	0	0	21466	132	0	0	1	4.91	2	GC:Normal,Size:Normal	Escherichia Coli K12	99.28	Yes	No
GCA_964206605.1.fna	172	5373479	5373479	50.65	49.35	156275	74853	27979	3147.0	31241	466255	225	0.00	0	0	23207	10	0	0	0	5.21	0	GC:Normal,Size:Normal	Escherichia Coli K12	96.76	Yes	No
GCA_040418755.1.fna	292	5023856	5023856	50.71	49.29	48757	22558	9568	5563.5	17205	142900	208	0.00	0	0	21142	10	0	0	0	4.88	1	GC:Normal,Size:Normal	Escherichia Coli K12	99.39	Yes	No
GCA_964007005.1.fna	131	5144565	5144565	50.57	49.43	191640	109633	27805	3822	39271	484457	234	0.00	0	0	22009	10	0	0	0	4.98	0	GC:Normal,Size:Normal	Escherichia Coli K12	96.82	Yes	No
GCA_964205705.1.fna	77	5174409	5174409	50.60	49.40	191342	116868	45563	13529	67200	344485	384	0.00	0	0	22256	10	0	0	0	5.01	0	GC:Normal,Size:Normal	Shigella Flexneri	96.79	Yes	No
GCA_964205525.1.fna	102	5096181	5096181	50.82	49.18	190935	109036	39239	7227.0	49963	341582	313	0.00	0	0	21704	10	0	0	0	4.93	0	GC:Normal,Size:Normal	Escherichia Coli K12	96.76	Yes	No
GCA_907163705.1.fna	159	5113558	5113558	50.74	49.26	173821	111655	59003	639	32161	623097	114	0.00	0	0	21789	11	0	0	0	4.96	1	GC:Normal,Size:Normal	Escherichia Coli K12	96.82	Yes	No
GCA_049379845.1.fna	115	5259944	5259944	50.42	49.58	174506	119251	42283	4303	45739	537737	1002	0.00	0	0	23229	10	0	0	0	5.09	0	GC:Normal,Size:Normal	Escherichia Coli K12	99.39	Yes	No
GCA_040417845.1.fna	203	5047132	5047132	50.66	49.34	65440	38875	17955	6041	24863	279227	219	0.00	0	0	21306	127	0	0	0	4.89	2	GC:Normal,Size:Normal	Escherichia Coli K12	99.48	Yes	No
GCA_040415755.1.fna	178	4955139	4955139	50.74	49.26	135304	61051	24153	3309.5	27838	344352	218	0.00	0	0	20865	12	0	0	0	4.80	1	GC:Normal,Size:Normal	Escherichia Coli K12	99.35	Yes	No
GCA_964205385.1.fna	168	4879366	4879366	50.79	49.21	83352	46113	22305	7573.0	29044	255057	319	0.00	0	0	20500	11	0	0	0	4.73	1	GC:Normal,Size:Normal	Escherichia Coli K12	99.45	Yes	No
GCA_011763295.1.fna	110	4685269	4685269	50.73	49.27	155629	119371	85008	1361.5	42593	550855	204	0.00	0	0	19445	10	0	0	0	4.54	0	GC:Normal,Size:Normal	Escherichia Coli K12	99.54	Yes	No
GCA_040416915.1.fna	227	5004577	5004577	50.74	49.26	76185	40265	14753	3716	22047	216758	225	0.00	0	0	21030	12	0	0	0	4.85	2	GC:Normal,Size:Normal	Escherichia Coli K12	99.34	Yes	No
GCA_966565785.1.fna	321	5074055	5074055	50.78	49.22	48515	26395	10335	3059	15807	241837	500	0.00	0	0	22015	11	0	0	0	4.94	2	GC:Normal,Size:Normal	Escherichia Coli K12	99.28	Yes	No
GCA_037048105.1.fna	179	5293638	5293638	50.63	49.37	142556	74825	28695	2059	29573	393252	205	0.00	0	0	22800	10	0	0	0	5.13	0	GC:Normal,Size:Normal	Escherichia Coli K12	96.74	Yes	No
GCA_964205565.1.fna	99	5171148	5171148	50.60	49.40	190806	109496	41799	7876	52234	457345	261	0.00	0	0	22249	10	0	0	0	5.01	0	GC:Normal,Size:Normal	Shigella Flexneri	96.75	Yes	No
GCA_040415805.1.fna	171	5051775	5051775	50.68	49.32	138816	57769	25024	3385	29543	309671	205	0.00	0	0	21349	12	0	0	0	4.89	1	GC:Normal,Size:Normal	Escherichia Coli K12	99.36	Yes	No
GCA_040418225.1.fna	186	4950668	4950668	50.74	49.26	110339	49460	18005	4032.0	26616	339585	218	0.00	0	0	20841	9	0	0	0	4.80	0	GC:Normal,Size:Normal	Escherichia Coli K12	99.39	Yes	No
