Assembly	BioProject	Country	MLST	Serotype	O_Type	H_Type	CH_Type	Phylogroup	N50	GC_Content	Total_Length
GCA_052072985.1	PRJNA1298299	Egypt	ST167	O101:H5	O101	H5	fumC11:Unknown	A	150168	50.77	4920799
GCA_052072855.1	PRJNA1298299	Egypt	ST167	O101:H5	O101	H5	fumC11:Unknown	A	203660	50.7	4934622
GCA_052072795.1	PRJNA1298299	Egypt	ST167	O8:H9	O8	H9	fumC11:Unknown	A	178383	50.74	5001907
GCA_052072695.1	PRJNA1298299	Egypt	ST167	O101:H5	O101	H5	fumC11:Unknown	A	190831	50.74	5035872
GCA_966555485.1	PRJEB73590	Ethiopia	ST10	O101:H4	O101	H4	fumC11:Unknown	A	123989	50.74	4909871
GCA_966564195.1	PRJEB73590	Ethiopia	ST10	O29:H4	O29	H4	fumC11:fimH25	A	54318	50.78	5042619
GCA_966562275.1	PRJEB73590	Ethiopia	ST10	O12:H4	O12	H4	fumC11:fimH27	A	90795	50.64	5046523
GCA_966565785.1	PRJEB73590	Ethiopia	ST10	O29:H4	O29	H4	fumC11:fimH25	A	48515	50.78	5074055
GCA_966576395.1	PRJEB73590	Ethiopia	ST10	O12:H4	O12	H4	fumC11:fimH27	A	85887	50.38	5591535
GCA_966562775.1	PRJEB73590	Ethiopia	ST10	O27:H37	O27	H37	fumC11:fimH215	A	95119	50.74	5273959
GCA_966518725.1	PRJEB73590	Ethiopia	ST10	O27:H37	O27	H37	fumC11:fimH215	A	95121	50.72	5214762
GCA_966573385.1	PRJEB73590	Ethiopia	ST10	O27:H37	O27	H37	fumC11:fimH215	A	94905	50.72	5211297
GCA_966573225.1	PRJEB73590	Ethiopia	ST10	O12:H4	O12	H4	fumC11:fimH27	A	93841	50.39	5494619
GCA_966572575.1	PRJEB73590	Ethiopia	ST10	O12:H4	O12	H4	fumC11:fimH27	A	125353	50.6	5347564
GCA_966591305.1	PRJEB73590	Ethiopia	ST10	O29:H4	O29	H4	fumC11:fimH25	A	54307	50.78	5044739
GCA_966556535.1	PRJEB73590	Ethiopia	ST10	O12:H4	O12	H4	fumC11:fimH27	A	125352	50.76	5136392
GCA_966570365.1	PRJEB73590	Ethiopia	ST10	O27:H37	O27	H37	fumC11:fimH215	A	94893	50.72	5209574
GCA_966512345.1	PRJEB73590	Ethiopia	ST10	O12:H4	O12	H4	fumC11:fimH27	A	114910	50.71	5032996
GCA_018972265.1	PRJNA737575	Ethiopia	ST131	O25:H4	O25	H4	fumC40:fimH30	B2	5181038	50.71	5337095
GCA_018972245.1	PRJNA737575	Ethiopia	ST131	O25:H4	O25	H4	fumC40:fimH30	B2	5052030	50.77	5190273
GCA_018972225.1	PRJNA737575	Ethiopia	ST131	O25:H4	O25	H4	fumC40:fimH22	B2	5099831	50.75	5212963
GCA_018972205.1	PRJNA737575	Ethiopia	ST131	O25:H4	O25	H4	fumC40:fimH22	B2	5085697	50.66	5202633
GCA_049380025.1	PRJNA473419	Ghana	ST10	O38:H26	O38	H26	fumC11:fimH24	A	210167	50.45	5209738
GCA_049379945.1	PRJNA473419	Ghana	ST10	O38:H26	O38	H26	fumC11:fimH24	A	173158	50.44	5351129
GCA_049379845.1	PRJNA473419	Ghana	ST10	O38:H26	O38	H26	fumC11:fimH24	A	174506	50.42	5259944
GCA_022968555.1	PRJNA823741	Ghana	ST10	O101:H10	O101	H10	fumC11:fimH54	A	89215	50.54	5067872
GCA_019355495.1	PRJNA473419	Ghana	ST131	O25:H4	O25	H4	fumC40:fimH30	B2	5216726	50.79	5392098
GCA_025630975.1	PRJNA823741	Ghana	ST167	O101:H10	O101	H10	fumC11:fimH54	A	118922	50.83	4711974
GCA_037047155.1	PRJNA1076681	Jordan	ST10	Unknown	ND	ND	fumC11:fimH54	A	110251	50.51	5310713
GCA_037049005.1	PRJNA1076681	Jordan	ST10	O101:H10	O101	H10	fumC11:fimH54	A	82497	50.58	4821598
GCA_037048925.1	PRJNA1076681	Jordan	ST10	O101:H10	O101	H10	fumC11:fimH54	A	63488	50.63	4890566
GCA_037048805.1	PRJNA1076681	Jordan	ST10	O45:H4	O45	H4	fumC11:fimH215	A	85879	50.75	5129514
GCA_037048165.1	PRJNA1076681	Jordan	ST10	O101:H10	O101	H10	fumC11:fimH54	A	112598	50.7	4887246
GCA_037047365.1	PRJNA1076681	Jordan	ST10	O12:H4	O12	H4	fumC11:fimH27	A	70084	50.7	5356699
GCA_000713235.1	PRJNA233787	Jordan	ST10	O128ac:H10	O128ac	H10	fumC11:fimH54	A	119519	50.69	5264612
GCA_040713875.1	PRJNA828150	Jordan	ST10	O51:H48	O51	H48	fumC11:fimH54	A	110706	50.44	5192672
GCA_040713795.1	PRJNA828150	Jordan	ST10	Unknown	ND	ND	fumC11:fimH54	A	99992	50.46	5161348
GCA_040713755.1	PRJNA828150	Jordan	ST10	O132:H21	O132	H21	fumC11:fimH54	A	106922	50.38	5308062
GCA_040713295.1	PRJNA828150	Jordan	ST10	O51:H40	O51	H40	fumC11:fimH24	A	119748	50.39	5492320
GCA_040712505.1	PRJNA828150	Jordan	ST10	O101:H10	O101	H10	fumC11:fimH54	A	119519	50.58	5189579
GCA_040712465.1	PRJNA828150	Jordan	ST10	O101:H10	O101	H10	fumC11:fimH54	A	122488	50.59	5111903
GCA_040712435.1	PRJNA828150	Jordan	ST10	Unknown	ND	ND	fumC11:fimH54	A	120937	50.6	5128423
GCA_040712345.1	PRJNA828150	Jordan	ST10	Unknown	ND	ND	fumC11:fimH54	A	119519	50.63	5164455
GCA_040712355.1	PRJNA828150	Jordan	ST10	O101:H10	O101	H10	fumC11:fimH54	A	120938	50.59	5023931
GCA_037047175.1	PRJNA1076681	Jordan	ST131	O25:H4	O25	H4	fumC40:fimH30	B2	123599	50.73	5123945
GCA_037049825.1	PRJNA1076681	Jordan	ST131	O25:H4	O25	H4	fumC40:fimH30	B2	213911	50.68	5329880
GCA_037049765.1	PRJNA1076681	Jordan	ST131	O25:H4	O25	H4	fumC40:fimH30	B2	123597	50.68	5018786
GCA_037046935.1	PRJNA1076681	Jordan	ST131	O25:H4	O25	H4	fumC40:fimH30	B2	130866	50.77	5250905
GCA_037049305.1	PRJNA1076681	Jordan	ST131	O25:H4	O25	H4	fumC40:fimH30	B2	99499	50.63	5370277
GCA_037049145.1	PRJNA1076681	Jordan	ST131	O25:H4	O25	H4	fumC40:fimH30	B2	110620	50.72	5105196
GCA_037049065.1	PRJNA1076681	Jordan	ST131	O25:H4	O25	H4	fumC40:fimH30	B2	111125	50.72	5243916
GCA_037049045.1	PRJNA1076681	Jordan	ST131	O25:H4	O25	H4	fumC40:fimH30	B2	110753	50.63	5368490
GCA_037048945.1	PRJNA1076681	Jordan	ST131	O16:H5	O16	H5	fumC40:fimH41	B2	118913	50.5	5259652
GCA_037048485.1	PRJNA1076681	Jordan	ST131	O25:H4	O25	H4	fumC40:fimH30	B2	117678	50.69	5145754
GCA_037048425.1	PRJNA1076681	Jordan	ST131	O25:H4	O25	H4	fumC40:fimH30	B2	128387	50.69	5154194
GCA_037048405.1	PRJNA1076681	Jordan	ST131	O25:H4	O25	H4	fumC40:fimH30	B2	97499	50.76	5096937
GCA_037048265.1	PRJNA1076681	Jordan	ST131	O25:H4	O25	H4	fumC40:fimH30	B2	123594	50.71	5106782
GCA_037048185.1	PRJNA1076681	Jordan	ST131	O25:H4	O25	H4	fumC40:fimH30	B2	103649	50.62	5262842
GCA_037048105.1	PRJNA1076681	Jordan	ST131	O25:H4	O25	H4	fumC40:fimH30	B2	142556	50.63	5293638
GCA_037047925.1	PRJNA1076681	Jordan	ST131	O25:H4	O25	H4	fumC40:fimH30	B2	117473	50.73	5159952
GCA_037047825.1	PRJNA1076681	Jordan	ST131	O25:H4	O25	H4	fumC40:fimH30	B2	110982	50.76	5152953
GCA_037047685.1	PRJNA1076681	Jordan	ST131	O25:H4	O25	H4	fumC40:fimH30	B2	112923	50.74	5241275
GCA_037047645.1	PRJNA1076681	Jordan	ST131	O25:H4	O25	H4	fumC40:fimH30	B2	122649	50.55	5344393
GCA_037047605.1	PRJNA1076681	Jordan	ST131	O16:H5	O16	H5	fumC40:fimH41	B2	114170	50.77	4924057
GCA_037047525.1	PRJNA1076681	Jordan	ST131	O25:H4	O25	H4	fumC40:fimH30	B2	114982	50.72	5192561
GCA_037047485.1	PRJNA1076681	Jordan	ST131	O16:H5	O16	H5	fumC40:fimH41	B2	130639	50.49	5257382
GCA_037047345.1	PRJNA1076681	Jordan	ST131	O25:H4	O25	H4	fumC40:fimH30	B2	112353	50.71	5106604
GCA_037047245.1	PRJNA1076681	Jordan	ST131	O25:H4	O25	H4	fumC40:fimH30	B2	107471	50.76	5284994
GCA_040716695.1	PRJNA828150	Jordan	ST131	O25:H4	O25	H4	fumC40:fimH22	B2	248065	50.38	5559193
GCA_040713425.1	PRJNA828150	Jordan	ST131	O25:H4	O25	H4	fumC40:fimH22	B2	365153	50.52	5222927
GCA_037047235.1	PRJNA828150	Jordan	ST131	O16:H5	O17	H5	fumC40:fimH41	B2	103614	50.5	5201573
GCA_037049385.1	PRJNA1076681	Jordan	ST167	O101:H21	O101	H21	fumC11:fimH54	A	82497	50.79	4834879
GCA_037049365.1	PRJNA1076681	Jordan	ST167	O8:H9	O8	H9	fumC11:fimH5	A	75086	50.73	4931766
GCA_037049325.1	PRJNA1076681	Jordan	ST167	O101:H21	O101	H21	fumC11:fimH54	A	70083	50.81	4878542
GCA_037047805.1	PRJNA1076681	Jordan	ST167	O101:H10	O101	H10	fumC11:Unknown	A	73229	50.69	4879953
GCA_040712335.1	PRJNA828150	Jordan	ST167	O101:H9	O101	H9	fumC11:fimH31	A	119517	50.69	5137068
GCA_050955345.1	PRJNA1192017	kenya	ST10	O101:H5	O101	H5	fumC11:Unknown	A	106886	50.56	4916907
GCA_045801095.1	PRJNA1192017	kenya	ST167	Unknown	ND	ND	fumC11:Unknown	A	137035	50.8	4934362
GCA_053164725.1	PRJNA1121524	Malawi	ST10	Unknown	ND	ND	fumC11:fimH54	A	4985772	50.83	5142182
GCA_024331345.2	PRJNA856486	Mali	ST10	O92:H11	O92	H11	fumC11:fimH54	A	4930547	50.79	5024058
GCA_024700835.2	PRJNA856486	Mali	ST10	O101:H9	O101	H9	fumC11:fimH54	A	4603416	50.71	4628945
GCA_024330145.2	PRJNA856486	Mali	ST10	O166:H10	O166	H10	fumC11:fimH54	A	4689650	50.97	4780349
GCA_966516095.1	PRJEB73590	Mozambique	ST10	O107:H27	O107	H27	fumC11:fimH23	A	147725	50.79	4747246
GCA_966652735.1	PRJEB73590	Mozambique	ST10	O9a:H9	O9a	H9	fumC11:fimH54	A	148156	50.6	4760149
GCA_966502205.1	PRJEB73590	Mozambique	ST131	O25:H4	O25	H4	fumC40:fimH30	B2	217772	50.75	5064064
GCA_050113195.1	PRJNA1096457	Niger	ST167	O101:H9	O101	H9	fumC11:Unknown	A	4909618	50.64	5193595
GCA_050113175.1	PRJNA1096457	Niger	ST167	O101:H9	O101	H9	fumC11:Unknown	A	4682528	50.57	5292591
GCA_050113155.1	PRJNA1096457	Niger	ST167	O101:H9	O101	H9	fumC11:Unknown	A	4908279	50.64	5181058
GCA_050113135.1	PRJNA1096457	Niger	ST167	O101:H17	O101	H17	fumC11:Unknown	A	4835724	50.71	5175508
GCA_050113115.1	PRJNA1096457	Niger	ST167	O101:H9	O101	H9	fumC11:Unknown	A	4908281	50.64	5179137
GCA_050113075.1	PRJNA1096457	Niger	ST167	O101:H5	O101	H5	fumC11:Unknown	A	4891485	50.74	5133047
GCA_050113055.1	PRJNA1096457	Niger	ST167	O101:H9	O101	H9	fumC11:Unknown	A	4905741	50.65	5217691
GCA_050113015.1	PRJNA1096457	Niger	ST167	O101:H5	O101	H5	fumC11:Unknown	A	4891497	50.7	5170585
GCA_050112975.1	PRJNA1096457	Niger	ST167	O101:H9	O101	H9	fumC11:Unknown	A	4910838	50.62	5174040
GCA_050112935.1	PRJNA1096457	Niger	ST167	O101:H17	O101	H17	fumC11:Unknown	A	934963	50.72	5155252
GCA_050112895.1	PRJNA1096457	Niger	ST167	O101:H9	O101	H9	fumC11:Unknown	A	4910842	50.62	5212812
GCA_049546825.1	PRJNA1096457	Niger	ST167	O101:H5	O101	H5	fumC11:Unknown	A	4891645	50.79	5051904
GCA_040507365.1	PRJNA1096457	Niger	ST167	O101:H9	O101	H9	fumC11:Unknown	A	70607	50.65	5052775
GCA_040507325.1	PRJNA1096457	Niger	ST167	O101:H5	O101	H5	fumC11:Unknown	A	72174	50.71	5041256
GCA_040416705.1	PRJNA1096457	Niger	ST167	O101:H9	O101	H9	fumC11:Unknown	A	43671	50.72	4991288
GCA_040415955.1	PRJNA1096457	Niger	ST167	O101:H9	O101	H9	fumC11:Unknown	A	61158	50.65	5052230
GCA_040415975.1	PRJNA1096457	Niger	ST167	O101:H17	O101	H17	fumC11:Unknown	A	119229	50.67	5043166
GCA_040415915.1	PRJNA1096457	Niger	ST167	O101:H5	O101	H5	fumC11:Unknown	A	83699	50.72	4977366
GCA_040417825.1	PRJNA1096457	Niger	ST167	O101:H9	O101	H9	fumC11:Unknown	A	83692	50.63	5063471
GCA_040417765.1	PRJNA1096457	Niger	ST167	O101:H5	O101	H5	fumC11:Unknown	A	141400	50.73	4963188
GCA_040417785.1	PRJNA1096457	Niger	ST167	O101:H9	O101	H9	fumC11:Unknown	A	49922	50.69	5037755
GCA_040417745.1	PRJNA1096457	Niger	ST167	O101:H5	O101	H5	fumC11:Unknown	A	80167	50.73	5023298
GCA_040417925.1	PRJNA1096457	Niger	ST167	O101:H9	O101	H9	fumC11:Unknown	A	40460	50.74	5022439
GCA_040417905.1	PRJNA1096457	Niger	ST167	O101:H9	O101	H9	fumC11:Unknown	A	42060	50.69	5040267
GCA_040417875.1	PRJNA1096457	Niger	ST167	O101:H9	O101	H9	fumC11:Unknown	A	54201	50.64	5090477
GCA_040417845.1	PRJNA1096457	Niger	ST167	O101:H9	O101	H9	fumC11:Unknown	A	65440	50.66	5047132
GCA_040417865.1	PRJNA1096457	Niger	ST167	O101:H5	O101	H5	fumC11:Unknown	A	61357	50.73	5030618
GCA_040415905.1	PRJNA1096457	Niger	ST167	O101:H5	O101	H5	fumC11:Unknown	A	94295	50.69	5050005
GCA_040415875.1	PRJNA1096457	Niger	ST167	O101:H5	O101	H5	fumC11:Unknown	A	82002	50.7	5033423
GCA_040415855.1	PRJNA1096457	Niger	ST167	O101:H9	O101	H9	fumC11:Unknown	A	91118	50.62	5047172
GCA_040415815.1	PRJNA1096457	Niger	ST167	O101:H5	O101	H5	fumC11:Unknown	A	63693	50.78	4946469
GCA_040415805.1	PRJNA1096457	Niger	ST167	O101:H5	O101	H5	fumC11:Unknown	A	138816	50.68	5051775
GCA_040415795.1	PRJNA1096457	Niger	ST167	O101:H9	O101	H9	fumC11:Unknown	A	56402	50.66	5034938
GCA_040415755.1	PRJNA1096457	Niger	ST167	O101:H5	O101	H5	fumC11:Unknown	A	135304	50.74	4955139
GCA_040415685.1	PRJNA1096457	Niger	ST167	O101:H17	O101	H17	fumC11:Unknown	A	107457	50.67	5051624
GCA_040415675.1	PRJNA1096457	Niger	ST167	O101:H5	O101	H5	fumC11:Unknown	A	50367	50.76	5004818
GCA_040415665.1	PRJNA1096457	Niger	ST167	O101:H9	O101	H9	fumC11:Unknown	A	51730	50.66	5051479
GCA_040415655.1	PRJNA1096457	Niger	ST167	O101:H5	O101	H5	fumC11:Unknown	A	89003	50.72	4988242
GCA_040415585.1	PRJNA1096457	Niger	ST167	O101:H9	O101	H9	fumC11:Unknown	A	63630	50.64	5046793
GCA_040415565.1	PRJNA1096457	Niger	ST167	O101:H5	O101	H5	fumC11:Unknown	A	87145	50.72	5014607
GCA_040415575.1	PRJNA1096457	Niger	ST167	O101:H5	O101	H5	fumC11:Unknown	A	46480	50.85	4916610
GCA_040415535.1	PRJNA1096457	Niger	ST167	O101:H9	O101	H9	fumC11:Unknown	A	83572	50.63	5062805
GCA_040415475.1	PRJNA1096457	Niger	ST167	O101:H5	O101	H5	fumC11:Unknown	A	99994	50.71	5005678
GCA_040415455.1	PRJNA1096457	Niger	ST167	O101:H17	O101	H17	fumC11:Unknown	A	73574	50.72	5021719
GCA_040415445.1	PRJNA1096457	Niger	ST167	O101:H9	O101	H9	fumC11:Unknown	A	42170	50.73	5027788
GCA_040415465.1	PRJNA1096457	Niger	ST167	O101:H5	O101	H5	fumC11:Unknown	A	44256	50.8	5086485
GCA_040415435.1	PRJNA1096457	Niger	ST167	O101:H9	O101	H9	fumC11:Unknown	A	83692	50.63	5054051
GCA_040418025.1	PRJNA1096457	Niger	ST167	O101:H5	O101	H5	fumC11:Unknown	A	59277	50.82	4887106
GCA_040417985.1	PRJNA1096457	Niger	ST167	O101:H9	O101	H9	fumC11:Unknown	A	45239	50.7	5035631
GCA_040417945.1	PRJNA1096457	Niger	ST167	O101:H9	O101	H9	fumC11:Unknown	A	45239	50.72	5033732
GCA_040417965.1	PRJNA1096457	Niger	ST167	O101:H9	O101	H9	fumC11:Unknown	A	63801	50.65	5056554
GCA_040419185.1	PRJNA1096457	Niger	ST167	O101:H9	O101	H9	fumC11:Unknown	A	56826	50.66	5044587
GCA_040419205.1	PRJNA1096457	Niger	ST167	O101:H5	O101	H5	fumC11:Unknown	A	94329	50.7	5043279
GCA_040419165.1	PRJNA1096457	Niger	ST167	O101:H9	O101	H9	fumC11:Unknown	A	52227	50.66	5052679
GCA_040419125.1	PRJNA1096457	Niger	ST167	O101:H9	O101	H9	fumC11:Unknown	A	56826	50.52	5091633
GCA_040419145.1	PRJNA1096457	Niger	ST167	O101:H5	O101	H5	fumC11:Unknown	A	81719	50.75	4951157
GCA_040419105.1	PRJNA1096457	Niger	ST167	O101:H5	O101	H5	fumC11:Unknown	A	95504	50.71	5028461
GCA_040419065.1	PRJNA1096457	Niger	ST167	O101:H5	O101	H5	fumC11:Unknown	A	69299	50.75	5031679
GCA_040419085.1	PRJNA1096457	Niger	ST167	O101:H9	O101	H9	fumC11:Unknown	A	79414	50.64	5057945
GCA_040419045.1	PRJNA1096457	Niger	ST167	O101:H5	O101	H5	fumC11:Unknown	A	110334	50.69	5045184
GCA_040419025.1	PRJNA1096457	Niger	ST167	O101:H17	O101	H17	fumC11:Unknown	A	90857	50.72	5042928
GCA_040419005.1	PRJNA1096457	Niger	ST167	O101:H9	O101	H9	fumC11:Unknown	A	66474	50.64	5050944
GCA_040418985.1	PRJNA1096457	Niger	ST167	O101:H9	O101	H9	fumC11:Unknown	A	61158	50.59	5147962
GCA_040418945.1	PRJNA1096457	Niger	ST167	O101:H9	O101	H9	fumC11:Unknown	A	49922	50.67	5045485
GCA_040418965.1	PRJNA1096457	Niger	ST167	O101:H9	O101	H9	fumC11:Unknown	A	84699	50.63	5057965
GCA_040418915.1	PRJNA1096457	Niger	ST167	O101:H9	O101	H9	fumC11:Unknown	A	69330	50.63	5057235
GCA_040418905.1	PRJNA1096457	Niger	ST167	O101:H5	O101	H5	fumC11:Unknown	A	78205	50.71	5037329
GCA_040418885.1	PRJNA1096457	Niger	ST167	O101:H9	O101	H9	fumC11:Unknown	A	51269	50.69	5038268
GCA_040418845.1	PRJNA1096457	Niger	ST167	O101:H9	O101	H9	fumC11:Unknown	A	44755	50.67	5051442
GCA_040418825.1	PRJNA1096457	Niger	ST167	O101:H9	O101	H9	fumC11:Unknown	A	56487	50.59	5065820
GCA_040418805.1	PRJNA1096457	Niger	ST167	O101:H9	O101	H9	fumC11:Unknown	A	58994	50.67	5043804
GCA_040418755.1	PRJNA1096457	Niger	ST167	O101:H9	O101	H9	fumC11:Unknown	A	48757	50.71	5023856
GCA_040418745.1	PRJNA1096457	Niger	ST167	O101:H9	O101	H9	fumC11:Unknown	A	65440	50.64	5060439
GCA_040418725.1	PRJNA1096457	Niger	ST167	O101:H9	O101	H9	fumC11:Unknown	A	55497	50.67	5051434
GCA_040418705.1	PRJNA1096457	Niger	ST167	O101:H5	O101	H5	fumC11:Unknown	A	97759	50.7	5047265
GCA_040418685.1	PRJNA1096457	Niger	ST167	O101:H9	O101	H9	fumC11:Unknown	A	81857	50.64	5051992
GCA_040418645.1	PRJNA1096457	Niger	ST167	O101:H9	O101	H9	fumC11:Unknown	A	71806	50.64	5058706
GCA_040418625.1	PRJNA1096457	Niger	ST167	O101:H9	O101	H9	fumC11:Unknown	A	39220	50.72	4995062
GCA_040418605.1	PRJNA1096457	Niger	ST167	O101:H9	O101	H9	fumC11:Unknown	A	58240	50.66	5059175
GCA_040418585.1	PRJNA1096457	Niger	ST167	O101:H5	O101	H5	fumC11:Unknown	A	118802	50.73	4936712
GCA_040418565.1	PRJNA1096457	Niger	ST167	O101:H9	O101	H9	fumC11:Unknown	A	61556	50.67	5024845
GCA_040418545.1	PRJNA1096457	Niger	ST167	O101:H9	O101	H9	fumC11:Unknown	A	61159	50.63	5073393
GCA_040418525.1	PRJNA1096457	Niger	ST167	O101:H5	O101	H5	fumC11:Unknown	A	97485	50.74	4980378
GCA_040418505.1	PRJNA1096457	Niger	ST167	O101:H9	O101	H9	fumC11:Unknown	A	51762	50.67	5032414
GCA_040418485.1	PRJNA1096457	Niger	ST167	O101:H5	O101	H5	fumC11:Unknown	A	89012	50.69	5045061
GCA_040418405.1	PRJNA1096457	Niger	ST167	O101:H9	O101	H9	fumC11:Unknown	A	58997	50.65	4960376
GCA_040418385.1	PRJNA1096457	Niger	ST167	O101:H5	O101	H5	fumC11:Unknown	A	61447	50.74	5028769
GCA_040418325.1	PRJNA1096457	Niger	ST167	O101:H9	O101	H9	fumC11:Unknown	A	83692	50.63	5054565
GCA_040418305.1	PRJNA1096457	Niger	ST167	O101:H9	O101	H9	fumC11:Unknown	A	102505	50.62	5049913
GCA_040418265.1	PRJNA1096457	Niger	ST167	O101:H9	O101	H9	fumC11:Unknown	A	88705	50.63	5053012
GCA_040418245.1	PRJNA1096457	Niger	ST167	O101:H5	O101	H5	fumC11:Unknown	A	141400	50.69	5052242
GCA_040418225.1	PRJNA1096457	Niger	ST167	O101:H5	O101	H5	fumC11:Unknown	A	110339	50.74	4950668
GCA_040418205.1	PRJNA1096457	Niger	ST167	O101:H5	O101	H5	fumC11:Unknown	A	67320	50.74	5004521
GCA_040418125.1	PRJNA1096457	Niger	ST167	O101:H9	O101	H9	fumC11:Unknown	A	42337	50.72	5032750
GCA_040418145.1	PRJNA1096457	Niger	ST167	O101:H9	O101	H9	fumC11:Unknown	A	55402	50.67	5050120
GCA_040418105.1	PRJNA1096457	Niger	ST167	O101:H17	O101	H17	fumC11:Unknown	A	58101	50.73	5032918
GCA_040417725.1	PRJNA1096457	Niger	ST167	O101:H17	O101	H17	fumC11:Unknown	A	70209	50.7	5049567
GCA_040417685.1	PRJNA1096457	Niger	ST167	O101:H9	O101	H9	fumC11:Unknown	A	91118	50.63	5061303
GCA_040417645.1	PRJNA1096457	Niger	ST167	O101:H5	O101	H5	fumC11:Unknown	A	46646	50.75	5024345
GCA_040417665.1	PRJNA1096457	Niger	ST167	O101:H5	O101	H5	fumC11:Unknown	A	69296	50.77	4959165
GCA_040417625.1	PRJNA1096457	Niger	ST167	O101:H9	O101	H9	fumC11:Unknown	A	49124	50.72	5034940
GCA_040417585.1	PRJNA1096457	Niger	ST167	O101:H9	O101	H9	fumC11:Unknown	A	64229	50.48	5222949
GCA_040417525.1	PRJNA1096457	Niger	ST167	O101:H9	O101	H9	fumC11:Unknown	A	72914	50.64	5044569
GCA_040417485.1	PRJNA1096457	Niger	ST167	O101:H5	O101	H5	fumC11:Unknown	A	69753	50.79	4924580
GCA_040417455.1	PRJNA1096457	Niger	ST167	O101:H9	O101	H9	fumC11:Unknown	A	53549	50.63	5087683
GCA_040417445.1	PRJNA1096457	Niger	ST167	O101:H9	O101	H9	fumC11:Unknown	A	46438	50.68	5026580
GCA_040417405.1	PRJNA1096457	Niger	ST167	O101:H5	O101	H5	fumC11:Unknown	A	69015	50.77	5020378
GCA_040417385.1	PRJNA1096457	Niger	ST167	O101:H17	O101	H17	fumC11:Unknown	A	93410	50.67	5058666
GCA_040417365.1	PRJNA1096457	Niger	ST167	O101:H5	O101	H5	fumC11:Unknown	A	133332	50.69	5043952
GCA_040417335.1	PRJNA1096457	Niger	ST167	O101:H5	O101	H5	fumC11:Unknown	A	106566	50.7	5044499
GCA_040417305.1	PRJNA1096457	Niger	ST167	O101:H9	O101	H9	fumC11:Unknown	A	55856	50.66	5039814
GCA_040417235.1	PRJNA1096457	Niger	ST167	O101:H5	O101	H5	fumC11:Unknown	A	52113	50.82	4935387
GCA_040417215.1	PRJNA1096457	Niger	ST167	O101:H5	O101	H5	fumC11:Unknown	A	134513	50.72	4987759
GCA_040417195.1	PRJNA1096457	Niger	ST167	O101:H5	O101	H5	fumC11:Unknown	A	94087	50.74	4980357
GCA_040417175.1	PRJNA1096457	Niger	ST167	O101:H5	O101	H5	fumC11:Unknown	A	99994	50.71	5027196
GCA_040417135.1	PRJNA1096457	Niger	ST167	O101:H9	O101	H9	fumC11:Unknown	A	67488	50.67	5050053
GCA_040417095.1	PRJNA1096457	Niger	ST167	O101:H5	O101	H5	fumC11:Unknown	A	66646	50.8	4939295
GCA_040417055.1	PRJNA1096457	Niger	ST167	O101:H9	O101	H9	fumC11:Unknown	A	40217	50.77	5078209
GCA_040417035.1	PRJNA1096457	Niger	ST167	O101:H9	O101	H9	fumC11:Unknown	A	81138	50.66	5060940
GCA_040417015.1	PRJNA1096457	Niger	ST167	O101:H5	O101	H5	fumC11:Unknown	A	52239	50.81	4951263
GCA_040416995.1	PRJNA1096457	Niger	ST167	O101:H5	O101	H5	fumC11:Unknown	A	55949	50.8	4962681
GCA_040416975.1	PRJNA1096457	Niger	ST167	O101:H9	O101	H9	fumC11:Unknown	A	68092	50.68	5042180
GCA_040416955.1	PRJNA1096457	Niger	ST167	O101:H5	O101	H5	fumC11:Unknown	A	147693	50.69	5052450
GCA_040416915.1	PRJNA1096457	Niger	ST167	O101:H5	O101	H5	fumC11:Unknown	A	76185	50.74	5004577
GCA_040416885.1	PRJNA1096457	Niger	ST167	O101:H9	O101	H9	fumC11:Unknown	A	58996	50.62	5032944
GCA_040416865.1	PRJNA1096457	Niger	ST167	O101:H9	O101	H9	fumC11:Unknown	A	83573	50.63	5060737
GCA_040416845.1	PRJNA1096457	Niger	ST167	O101:H9	O101	H9	fumC11:Unknown	A	69294	50.49	5596348
GCA_040416815.1	PRJNA1096457	Niger	ST167	O101:H9	O101	H9	fumC11:Unknown	A	43671	50.68	4867994
GCA_040416795.1	PRJNA1096457	Niger	ST167	O101:H5	O101	H5	fumC11:Unknown	A	52239	50.8	4886223
GCA_040416775.1	PRJNA1096457	Niger	ST167	O101:H5	O101	H5	fumC11:Unknown	A	106008	50.69	5048645
GCA_040416695.1	PRJNA1096457	Niger	ST167	O101:H5	O101	H5	fumC11:Unknown	A	87179	50.69	5050882
GCA_040416625.1	PRJNA1096457	Niger	ST167	O101:H9	O101	H9	fumC11:Unknown	A	83692	50.63	5059118
GCA_040416635.1	PRJNA1096457	Niger	ST167	O101:H9	O101	H9	fumC11:Unknown	A	88711	50.63	5064339
GCA_040416615.1	PRJNA1096457	Niger	ST167	O101:H9	O101	H9	fumC11:Unknown	A	70607	50.63	5064267
GCA_040416595.1	PRJNA1096457	Niger	ST167	O101:H9	O101	H9	fumC11:Unknown	A	52304	50.69	5048439
GCA_040416565.1	PRJNA1096457	Niger	ST167	O101:H9	O101	H9	fumC11:Unknown	A	83692	50.64	5062208
GCA_040416515.1	PRJNA1096457	Niger	ST167	O101:H5	O101	H5	fumC11:Unknown	A	119275	50.69	5046745
GCA_040416525.1	PRJNA1096457	Niger	ST167	O101:H9	O101	H9	fumC11:Unknown	A	54859	50.66	4872882
GCA_040416505.1	PRJNA1096457	Niger	ST167	O101:H5	O101	H5	fumC11:Unknown	A	76287	50.71	5037942
GCA_040416495.1	PRJNA1096457	Niger	ST167	O101:H9	O101	H9	fumC11:Unknown	A	53549	50.65	5055696
GCA_040416475.1	PRJNA1096457	Niger	ST167	O101:H9	O101	H9	fumC11:Unknown	A	45239	50.66	4960536
GCA_040416435.1	PRJNA1096457	Niger	ST167	O101:H9	O101	H9	fumC11:Unknown	A	94653	50.63	5057400
GCA_040416405.1	PRJNA1096457	Niger	ST167	O101:H9	O101	H9	fumC11:Unknown	A	48922	50.68	5032176
GCA_040416415.1	PRJNA1096457	Niger	ST167	O101:H5	O101	H5	fumC11:Unknown	A	96715	50.7	5045278
GCA_040416395.1	PRJNA1096457	Niger	ST167	O101:H9	O101	H9	fumC11:Unknown	A	27509	50.83	4902111
GCA_040416375.1	PRJNA1096457	Niger	ST167	O101:H5	O101	H5	fumC11:Unknown	A	87179	50.71	5035188
GCA_040416355.1	PRJNA1096457	Niger	ST167	O101:H17	O101	H17	fumC11:Unknown	A	97518	50.68	5059086
GCA_040416335.1	PRJNA1096457	Niger	ST167	O101:H17	O101	H17	fumC11:Unknown	A	82500	50.67	5057207
GCA_040416295.1	PRJNA1096457	Niger	ST167	O101:H9	O101	H9	fumC11:Unknown	A	88711	50.63	5063670
GCA_040416265.1	PRJNA1096457	Niger	ST167	O101:H5	O101	H5	fumC11:Unknown	A	119275	50.69	5041899
GCA_040416205.1	PRJNA1096457	Niger	ST167	O101:H17	O101	H17	fumC11:Unknown	A	119275	50.64	4999389
GCA_040416215.1	PRJNA1096457	Niger	ST167	O101:H9	O101	H9	fumC11:Unknown	A	87677	50.64	5055575
GCA_040416195.1	PRJNA1096457	Niger	ST167	O101:H9	O101	H9	fumC11:Unknown	A	62906	50.65	5050988
GCA_040416135.1	PRJNA1096457	Niger	ST167	O101:H17	O101	H17	fumC11:Unknown	A	103217	50.68	5054892
GCA_040416105.1	PRJNA1096457	Niger	ST167	O101:H9	O101	H9	fumC11:Unknown	A	56294	50.66	5034905
GCA_040416095.1	PRJNA1096457	Niger	ST167	O101:H17	O101	H17	fumC11:Unknown	A	66642	50.71	5046760
GCA_040416045.1	PRJNA1096457	Niger	ST167	O101:H17	O101	H17	fumC11:Unknown	A	90842	50.68	5034676
GCA_040416035.1	PRJNA1096457	Niger	ST167	O101:H5	O101	H5	fumC11:Unknown	A	137372	50.68	5048355
GCA_040416005.1	PRJNA1096457	Niger	ST167	O101:H5	O101	H5	fumC11:Unknown	A	105884	50.68	5038196
GCA_040415995.1	PRJNA1096457	Niger	ST167	O101:H5	O101	H5	fumC11:Unknown	A	59907	50.77	5066758
GCA_966555405.1	PRJEB73590	Nigeria	ST131	O25:H4	O25	H4	fumC40:fimH30	B2	243760	50.75	5165058
GCA_030024825.1	PRJNA962793	Nigeria	ST10	O9a:H9	O9a	H9	fumC11:fimH54	A	124632	50.92	4676559
GCA_009720065.1	PRJNA589205	Nigeria	ST131	O25:H4	O25	H4	fumC40:fimH30	B2	173083	50.79	5245824
GCA_030025055.1	PRJNA962793	Nigeria	ST131	O16:H5	O16	H5	fumC40:fimH41	B2	243624	50.74	5154594
GCA_030024465.1	PRJNA962793	Nigeria	ST131	O16:H5	O16	H5	fumC40:fimH41	B2	156210	50.42	5278227
GCA_907163995.1	PRJEB42795	Rwanda	ST10	O116:H38	O116	H38	fumC11:fimH32	A	176029	50.55	5065702
GCA_907164375.1	PRJEB42795	Rwanda	ST131	O25:H4	O25	H4	fumC40:fimH30	B2	191839	50.76	5193590
GCA_907164365.1	PRJEB42795	Rwanda	ST131	O25:H4	O25	H4	fumC40:fimH30	B2	222782	50.75	5148220
GCA_907164245.1	PRJEB42795	Rwanda	ST131	O25:H4	O25	H4	fumC40:fimH30	B2	209851	50.75	5055383
GCA_907163915.1	PRJEB42795	Rwanda	ST131	O25:H4	O25	H4	fumC40:fimH30	B2	225267	50.7	5287108
GCA_907163825.1	PRJEB42795	Rwanda	ST131	O25:H4	O25	H4	fumC40:fimH30	B2	217740	50.76	5149936
GCA_907163815.1	PRJEB42795	Rwanda	ST131	O25:H4	O25	H4	fumC40:fimH30	B2	246470	50.74	5110065
GCA_907163765.1	PRJEB42795	Rwanda	ST131	O25:H4	O25	H4	fumC40:fimH30	B2	191000	50.74	5108629
GCA_907163805.1	PRJEB42795	Rwanda	ST131	O25:H4	O25	H4	fumC40:fimH30	B2	222782	50.76	5148998
GCA_907163735.1	PRJEB42795	Rwanda	ST131	O25:H4	O25	H4	fumC40:fimH30	B2	205093	50.7	5290876
GCA_907163705.1	PRJEB42795	Rwanda	ST131	O25:H4	O25	H4	fumC40:fimH30	B2	173821	50.74	5113558
GCA_907163635.1	PRJEB42795	Rwanda	ST131	O25:H4	O25	H4	fumC40:fimH30	B2	164040	50.74	5215489
GCA_907163605.1	PRJEB42795	Rwanda	ST131	O25:H4	O25	H4	fumC40:fimH30	B2	190820	50.74	5214376
GCA_907163625.1	PRJEB42795	Rwanda	ST131	O25:H4	O25	H4	fumC40:fimH30	B2	172022	50.74	5213250
GCA_907163575.1	PRJEB42795	Rwanda	ST131	O25:H4	O25	H4	fumC40:fimH30	B2	173342	50.74	5215304
GCA_907163515.1	PRJEB42795	Rwanda	ST131	O25:H4	O25	H4	fumC40:fimH30	B2	163437	50.74	5208592
GCA_907163715.1	PRJEB42795	Rwanda	ST167	O101:H21	O101	H21	fumC11:fimH54	A	108365	50.46	5087201
GCA_907163665.1	PRJEB42795	Rwanda	ST167	O101:H21	O101	H21	fumC11:fimH54	A	121519	50.46	5087018
GCA_907163495.1	PRJEB42795	Rwanda	ST167	O101:H21	O101	H21	fumC11:fimH54	A	86245	50.45	5085967
GCA_907163485.1	PRJEB42795	Rwanda	ST167	O101:H21	O101	H21	fumC11:fimH54	A	101506	50.45	5098953
GCA_907163365.1	PRJEB42795	Rwanda	ST167	O101:H9	O101	H9	fumC11:Unknown	A	89733	50.87	4903977
GCA_025536675.1	PRJNA738374	Senegal	ST10	Unknown	ND	ND	fumC11:fimH23	A	2889031	50.75	4858794
GCA_025536555.1	PRJNA738374	Senegal	ST10	O5:H11	O5	H11	fumC11:fimH23	A	88455	50.68	4582499
GCA_025536495.1	PRJNA738374	Senegal	ST10	Unknown	ND	ND	fumC11:fimH23	A	106394	50.67	4693095
GCA_025544715.1	PRJNA738374	Senegal	ST10	Unknown	ND	ND	fumC11:fimH23	A	88266	49.17	5228989
GCA_025544835.1	PRJNA738374	Senegal	ST10	Unknown	ND	ND	fumC11:fimH23	A	34390	50.65	4736055
GCA_030520165.1	PRJNA986545	Senegal	ST167	O101:H9	O101	H9	fumC11:Unknown	A	4795870	50.72	5088163
GCA_022488345.1	PRJNA806525	Sudan	ST10	O16:H48	O16	H48	fumC11:fimH27	A	4641178	50.79	4641178
GCA_022488205.1	PRJNA806525	Sudan	ST10	O16:H48	O16	H48	fumC11:fimH27	A	4641599	50.79	4641599
GCA_022488185.1	PRJNA806525	Sudan	ST10	O16:H48	O16	H48	fumC11:fimH27	A	4640960	50.79	4640960
GCA_968938235.1	PRJEB73590	Tanzania	ST10	O27:H37	O27	H37	fumC11:fimH215	A	47043	51.05	7647159
GCA_969779115.1	PRJEB73590	Tanzania	ST10	O128ac:H10	O128ac	H10	fumC11:fimH54	A	79934	50.52	5016328
GCA_970664135.1	PRJEB73590	Tanzania	ST131	O16:H5	O16	H5	fumC40:fimH41	B2	239930	50.7	5152786
GCA_972176395.1	PRJEB73590	Tanzania	ST131	O16:H5	O16	H5	fumC40:fimH41	B2	244181	50.7	4988814
GCA_972176215.1	PRJEB73590	Tanzania	ST131	O25:H4	O25	H4	fumC40:fimH30	B2	168689	50.78	5021279
GCA_964006655.1	PRJEB71714	Tanzania	ST10	O9a:H9	O9a	H9	fumC11:fimH54	A	120003	49.8	5063706
GCA_964006445.1	PRJEB71714	Tanzania	ST10	O29:H4	O29	H4	fumC11:fimH25	A	90056	50.67	5096069
GCA_964006435.1	PRJEB71714	Tanzania	ST10	O12:H4	O12	H4	fumC11:fimH27	A	118816	50.72	5124923
GCA_009901185.1	PRJNA578301	Tanzania	ST10	O73:H31	O73	H31	fumC11:fimH23	A	210717	50.86	4871864
GCA_009901165.1	PRJNA578301	Tanzania	ST10	O9a:H9	O9a	H9	fumC11:fimH54	A	129948	50.88	4830382
GCA_009901145.1	PRJNA578301	Tanzania	ST10	O9a:H9	O9a	H9	fumC11:fimH54	A	148554	50.91	4766290
GCA_009901125.1	PRJNA578301	Tanzania	ST10	O113:H4	O113	H4	fumC11:fimH24	A	158502	50.57	4971573
GCA_009900625.1	PRJNA578301	Tanzania	ST10	O153:H21	O153	H21	fumC11:fimH24	A	227174	50.86	4752528
GCA_009900645.1	PRJNA578301	Tanzania	ST10	O153:H21	O153	H21	fumC464:fimH24	A	227174	51.33	5286776
GCA_009900585.1	PRJNA578301	Tanzania	ST10	O153:H21	O153	H21	fumC11:fimH24	A	149971	50.84	4744654
GCA_009900425.1	PRJNA578301	Tanzania	ST10	O9a:H9	O9a	H9	fumC11:fimH54	A	124709	50.87	4631696
GCA_009900285.1	PRJNA578301	Tanzania	ST10	O8:H17	O8	H17	fumC11:fimH43	A	155603	50.87	4993602
GCA_009900075.1	PRJNA578301	Tanzania	ST10	O13/O129:H11	O13/O129	H11	fumC11:fimH27	A	138257	50.79	4909482
GCA_009825265.1	PRJNA578301	Tanzania	ST10	O101:H10	O101	H10	fumC11:Unknown	A	104447	50.75	4843141
GCA_009825195.1	PRJNA578301	Tanzania	ST10	Unknown	ND	ND	fumC11:fimH54	A	138048	50.79	4865441
GCA_009825065.1	PRJNA578301	Tanzania	ST10	O9a:H9	O9a	H9	fumC11:Unknown	A	87300	52	6654516
GCA_009824835.1	PRJNA578301	Tanzania	ST10	O51:H4	O51	H4	fumC11:fimH24	A	163188	50.73	4680920
GCA_009824745.1	PRJNA578301	Tanzania	ST10	O150:H9	O150	H9	fumC11:fimH54	Unknown	13544	50.39	6077196
GCA_009824615.1	PRJNA578301	Tanzania	ST10	O6:H9	O6	H9	fumC11:fimH54	A	105398	50.5	5273025
GCA_009824555.1	PRJNA578301	Tanzania	ST10	Unknown	ND	ND	fumC11:fimH54	A	138048	50.77	4851959
GCA_009824475.1	PRJNA578301	Tanzania	ST10	Unknown	ND	ND	fumC11:fimH54	A	135316	50.76	4851314
GCA_009824425.1	PRJNA578301	Tanzania	ST10	Unknown	ND	ND	fumC11:fimH54	A	137955	50.78	4856387
GCA_009824335.1	PRJNA578301	Tanzania	ST10	Unknown	ND	ND	fumC11:fimH54	A	174322	50.73	4870603
GCA_009824295.1	PRJNA578301	Tanzania	ST10	O159:H4	O159	H4	fumC11:fimH27	A	203721	50.41	4866211
GCA_009824215.1	PRJNA578301	Tanzania	ST10	O154:H4	O154	H4	fumC11:fimH54	A	101803	50.85	4519544
GCA_009824205.1	PRJNA578301	Tanzania	ST10	O19:H19	O19	H19	fumC11:fimH24	A	211001	50.89	4806058
GCA_009824195.1	PRJNA578301	Tanzania	ST10	Unknown	ND	ND	fumC11:fimH54	A	138048	50.74	4874590
GCA_009823945.1	PRJNA578301	Tanzania	ST10	O50:H19	O50	H19	fumC11:fimH25	A	134452	50.77	4765907
GCA_009823885.1	PRJNA578301	Tanzania	ST10	O13/O129:H48	O13/O129	H48	fumC11:fimH32	A	133408	50.76	4642120
GCA_009798605.1	PRJNA578301	Tanzania	ST10	O128ac:H12	O128ac	H12	fumC11:fimH54	A	167959	50.61	4657336
GCA_009793215.1	PRJNA578301	Tanzania	ST10	O51:H4	O51	H4	fumC11:fimH24	A	188117	50.7	4743072
GCA_009793445.1	PRJNA578301	Tanzania	ST10	O51:H4	O51	H4	fumC11:fimH24	A	179595	50.69	4744257
GCA_009795645.1	PRJNA578301	Tanzania	ST10	O51:H4	O51	H4	fumC11:fimH24	A	187823	50.69	4741736
GCA_009795595.1	PRJNA578301	Tanzania	ST10	O51:H4	O51	H4	fumC11:fimH24	A	188117	50.69	4748624
GCA_009795575.1	PRJNA578301	Tanzania	ST10	O51:H4	O51	H4	fumC11:fimH24	A	179841	50.68	4744757
GCA_009794485.1	PRJNA578301	Tanzania	ST10	O69:H10	O69	H10	fumC11:fimH24	A	186028	50.81	5030893
GCA_009793945.1	PRJNA578301	Tanzania	ST10	O107:H27	O107	H27	fumC11:fimH54	Unknown	118540	50.29	5530902
GCA_009793715.1	PRJNA578301	Tanzania	ST10	O29:H10	O29	H10	fumC11:fimH24	A	186024	50.68	4979234
GCA_009793665.1	PRJNA578301	Tanzania	ST10	O51:H4	O51	H4	fumC11:fimH24	A	179595	50.7	4742791
GCA_009793645.1	PRJNA578301	Tanzania	ST10	O51:H4	O51	H4	fumC11:fimH24	A	179841	50.69	4740544
GCA_009793635.1	PRJNA578301	Tanzania	ST10	O51:H4	O51	H4	fumC11:fimH24	A	169883	50.72	4786391
GCA_009793615.1	PRJNA578301	Tanzania	ST10	O51:H4	O51	H4	fumC11:fimH24	A	188117	50.7	4743119
GCA_009793505.1	PRJNA578301	Tanzania	ST10	O51:H4	O51	H4	fumC11:fimH24	A	167571	50.68	4747631
GCA_011763315.1	PRJNA578301	Tanzania	ST10	O68:H12	O68	H12	fumC11:fimH23	A	109496	50.39	4973003
GCA_011763295.1	PRJNA578301	Tanzania	ST10	O51:H4	O51	H4	fumC11:fimH24	A	155629	50.73	4685269
GCA_011763275.1	PRJNA578301	Tanzania	ST10	O81:H27	O81	H27	fumC11:fimH23	A	90929	50.74	4704788
GCA_011763135.1	PRJNA578301	Tanzania	ST10	O51:H4	O51	H4	fumC11:fimH24	A	168393	50.7	4743936
GCA_011763075.1	PRJNA578301	Tanzania	ST10	O81:H27	O81	H27	fumC11:fimH23	A	90929	50.77	4700115
GCA_011317975.1	PRJNA578301	Tanzania	ST10	O9a:H9	O9a	H9	fumC11:fimH54	A	197175	50.89	4778956
GCA_011317875.1	PRJNA578301	Tanzania	ST10	O9a:H9	O9a	H9	fumC11:fimH54	A	291116	50.89	4782945
GCA_011318395.1	PRJNA578301	Tanzania	ST10	O71:H48	O71	H48	fumC11:fimH54	A	112242	50.31	4995943
GCA_964007325.1	PRJEB71714	Tanzania	ST131	O16:H5	O16	H5	fumC40:fimH41	B2	32165	50.63	4998312
GCA_964006995.1	PRJEB71714	Tanzania	ST131	O25:H4	O25	H4	fumC40:fimH30	B2	172957	50.63	5341217
GCA_964006755.1	PRJEB71714	Tanzania	ST131	O25:H4	O25	H4	fumC40:fimH30	B2	144771	50.76	5158886
GCA_964006505.1	PRJEB71714	Tanzania	ST131	O25:H4	O25	H4	fumC40:fimH30	B2	190971	50.74	5047947
GCA_964006915.1	PRJEB71714	Tanzania	ST131	O25:H4	O25	H4	fumC40:fimH30	B2	159034	50.36	5404737
GCA_964006905.1	PRJEB71714	Tanzania	ST131	O25:H4	O25	H4	fumC40:fimH30	B2	6878	50.29	5578439
GCA_964006405.1	PRJEB71714	Tanzania	ST131	O25:H4	O25	H4	fumC40:fimH30	B2	190971	50.6	5168098
GCA_964006475.1	PRJEB71714	Tanzania	ST131	O25:H4	O25	H4	fumC40:fimH30	B2	158933	50.6	5166343
GCA_964007005.1	PRJEB71714	Tanzania	ST131	O16:H5	O16	H5	fumC40:fimH41	B2	191640	50.57	5144565
GCA_964006385.1	PRJEB71714	Tanzania	ST131	O25:H4	O25	H4	fumC40:fimH30	B2	159109	50.64	5193690
GCA_964006175.1	PRJEB71714	Tanzania	ST131	O25:H4	O25	H4	fumC40:fimH30	B2	191964	50.66	5197050
GCA_964007025.1	PRJEB71714	Tanzania	ST131	O25:H4	O25	H4	fumC40:fimH30	B2	228236	50.58	5265170
GCA_964006395.1	PRJEB71714	Tanzania	ST131	O25:H4	O25	H4	fumC40:fimH30	B2	158934	50.6	5324155
GCA_964007255.1	PRJEB71714	Tanzania	ST131	O25:H4	O25	H4	fumC40:fimH30	B2	191691	50.48	5210761
GCA_964006875.1	PRJEB71714	Tanzania	ST131	O16:H5	O16	H5	fumC40:fimH41	B2	213027	50.57	5164508
GCA_964006635.1	PRJEB71714	Tanzania	ST131	O16:H5	O16	H5	fumC40:fimH41	B2	192138	50.75	4999078
GCA_964006865.1	PRJEB71714	Tanzania	ST131	O25:H4	O25	H4	fumC40:fimH30	B2	191306	50.6	5172696
GCA_964006615.1	PRJEB71714	Tanzania	ST131	O25:H4	O25	H4	fumC40:fimH30	B2	87879	50.65	5283595
GCA_964006325.1	PRJEB71714	Tanzania	ST131	O25:H4	O25	H4	fumC40:fimH30	B2	138704	50.71	5415111
GCA_964007285.1	PRJEB71714	Tanzania	ST131	O25:H4	O25	H4	fumC40:fimH30	B2	191839	50.6	5170483
GCA_964006185.1	PRJEB71714	Tanzania	ST131	O25:H4	O25	H4	fumC40:fimH30	B2	103884	50.63	5384683
GCA_964007035.1	PRJEB71714	Tanzania	ST131	O25:H4	O25	H4	fumC40:fimH30	B2	191909	50.61	5365599
GCA_964007055.1	PRJEB71714	Tanzania	ST131	O25:H4	O25	H4	fumC40:fimH30	B2	173684	50.61	5314563
GCA_964006795.1	PRJEB71714	Tanzania	ST131	O16:H5	O16	H5	fumC40:fimH41	B2	51427	50.69	5137350
GCA_964006555.1	PRJEB71714	Tanzania	ST131	O16:H5	O16	H5	fumC40:fimH41	B2	154594	50.67	5164255
GCA_964006315.1	PRJEB71714	Tanzania	ST131	O25:H4	O25	H4	fumC40:fimH30	B2	192026	50.6	5172482
GCA_964006545.1	PRJEB71714	Tanzania	ST131	O25:H4	O25	H4	fumC40:fimH30	B2	137798	50.67	5140705
GCA_964006945.1	PRJEB71714	Tanzania	ST131	O25:H4	O25	H4	fumC40:fimH30	B2	190796	50.62	5271024
GCA_964006725.1	PRJEB71714	Tanzania	ST131	O16:H5	O16	H5	fumC40:fimH41	B2	168045	50.57	5167159
GCA_964006965.1	PRJEB71714	Tanzania	ST131	O25:H4	O25	H4	fumC40:fimH30	B2	173573	50.59	5370905
GCA_964006355.1	PRJEB71714	Tanzania	ST131	O25:H4	O25	H4	fumC40:fimH30	B2	190971	50.6	5168908
GCA_964007445.1	PRJEB71714	Tanzania	ST131	O16:H5	O16	H5	fumC40:fimH41	B2	172016	50.62	5283258
GCA_964007225.1	PRJEB71714	Tanzania	ST131	O16:H5	O16	H5	fumC40:fimH41	B2	191367	50.74	5093830
GCA_964007215.1	PRJEB71714	Tanzania	ST131	O25:H4	O25	H4	fumC40:fimH30	B2	190971	50.51	5367337
GCA_964006855.1	PRJEB71714	Tanzania	ST131	O25:H4	O25	H4	fumC40:fimH30	B2	156627	50.66	5291131
GCA_964006225.1	PRJEB71714	Tanzania	ST131	O25:H4	O25	H4	fumC40:fimH30	B2	138707	50.62	5310506
GCA_964006015.1	PRJEB71714	Tanzania	ST131	O16:H5	O16	H5	fumC40:fimH41	B2	134640	50.58	5219721
GCA_964006685.1	PRJEB71714	Tanzania	ST131	O16:H5	O16	H5	fumC40:fimH41	B2	147205	50.63	5045427
GCA_964006205.1	PRJEB71714	Tanzania	ST131	O25:H4	O25	H4	fumC40:fimH30	B2	48789	50.72	5095753
GCA_964007395.1	PRJEB71714	Tanzania	ST131	O25:H4	O25	H4	fumC40:fimH30	B2	177347	50.63	5304328
GCA_964006675.1	PRJEB71714	Tanzania	ST131	O25:H4	O25	H4	fumC40:fimH30	B2	191513	50.68	5142893
GCA_964006025.1	PRJEB71714	Tanzania	ST131	O25:H4	O25	H4	fumC40:fimH30	B2	190647	50.64	5278524
GCA_964007355.1	PRJEB71714	Tanzania	ST131	O25:H4	O25	H4	fumC40:fimH30	B2	178338	50.6	5169030
GCA_964006265.1	PRJEB71714	Tanzania	ST131	O25:H4	O25	H4	fumC40:fimH30	B2	165543	50.61	5309796
GCA_964006055.1	PRJEB71714	Tanzania	ST131	O25:H4	O25	H4	fumC40:fimH30	B2	178568	50.81	5223309
GCA_964006295.1	PRJEB71714	Tanzania	ST131	O25:H4	O25	H4	fumC40:fimH30	B2	124102	50.65	5112343
GCA_964007175.1	PRJEB71714	Tanzania	ST131	O25:H4	O25	H4	fumC40:fimH30	B2	190971	50.75	5053179
GCA_964205485.1	PRJEB71714	Tanzania	ST131	O25:H4	O25	H4	fumC40:fimH30	B2	170603	50.58	5295069
GCA_964205525.1	PRJEB71714	Tanzania	ST131	O25:H4	O25	H4	fumC40:fimH30	B2	190935	50.82	5096181
GCA_964205925.1	PRJEB71714	Tanzania	ST131	O25:H4	O25	H4	fumC40:fimH30	B2	175045	50.6	5168567
GCA_964205495.1	PRJEB71714	Tanzania	ST131	O25:H4	O25	H4	fumC40:fimH30	B2	152216	50.6	5159455
GCA_964205785.1	PRJEB71714	Tanzania	ST131	O25:H4	O25	H4	fumC40:fimH30	B2	206849	50.6	5175442
GCA_964205655.1	PRJEB71714	Tanzania	ST131	O25:H4	O25	H4	fumC40:fimH30	B2	135410	50.63	5281882
GCA_964205535.1	PRJEB71714	Tanzania	ST131	O16:H5	O16	H5	fumC40:fimH41	B2	172963	50.69	4953403
GCA_964205565.1	PRJEB71714	Tanzania	ST131	O25:H4	O25	H4	fumC40:fimH30	B2	190806	50.6	5171148
GCA_964205995.1	PRJEB71714	Tanzania	ST131	O25:H4	O25	H4	fumC40:fimH30	B2	212464	50.27	5443303
GCA_964205635.1	PRJEB71714	Tanzania	ST131	O25:H4	O25	H4	fumC40:fimH30	B2	190992	50.6	5167731
GCA_964206045.1	PRJEB71714	Tanzania	ST131	O25:H4	O25	H4	fumC40:fimH30	B2	124089	50.73	5000167
GCA_964205595.1	PRJEB71714	Tanzania	ST131	O25:H4	O25	H4	fumC40:fimH30	B2	166206	50.6	5170891
GCA_964205365.1	PRJEB71714	Tanzania	ST131	O25:H4	O25	H4	fumC40:fimH30	B2	162945	50.6	5166731
GCA_964205545.1	PRJEB71714	Tanzania	ST131	O25:H4	O25	H4	fumC40:fimH30	B2	180617	50.6	5167449
GCA_964205425.1	PRJEB71714	Tanzania	ST131	O25:H4	O25	H4	fumC40:fimH30	B2	124139	50.6	5158804
GCA_964205505.1	PRJEB71714	Tanzania	ST131	O25:H4	O25	H4	fumC40:fimH30	B2	191981	50.6	5169281
GCA_964205905.1	PRJEB71714	Tanzania	ST131	O153:H4	O153	H4	fumC40:fimH30	B2	240327	50.63	5236702
GCA_964205585.1	PRJEB71714	Tanzania	ST131	O16:H5	O16	H5	fumC40:fimH41	B2	222419	50.54	5110451
GCA_964205745.1	PRJEB71714	Tanzania	ST131	O16:H5	O16	H5	fumC40:fimH41	B2	239476	50.53	5193195
GCA_964205945.1	PRJEB71714	Tanzania	ST131	O25:H4	O25	H4	fumC40:fimH30	B2	112718	50.68	5182265
GCA_964205825.1	PRJEB71714	Tanzania	ST131	O25:H4	O25	H4	fumC40:fimH30	B2	203380	50.6	5173875
GCA_964205705.1	PRJEB71714	Tanzania	ST131	O25:H4	O25	H4	fumC40:fimH30	B2	191342	50.6	5174409
GCA_964205675.1	PRJEB71714	Tanzania	ST131	O25:H4	O25	H4	fumC40:fimH30	B2	58918	50.6	5146446
GCA_964206005.1	PRJEB71714	Tanzania	ST131	O16:H5	O16	H5	fumC40:fimH41	B2	56515	50.7	4860022
GCA_964205555.1	PRJEB71714	Tanzania	ST131	O25:H4	O25	H4	fumC40:fimH30	B2	117753	50.6	5159374
GCA_964205435.1	PRJEB71714	Tanzania	ST131	O25:H4	O25	H4	fumC40:fimH30	B2	13004	50.42	5944057
GCA_964205715.1	PRJEB71714	Tanzania	ST131	O25:H4	O25	H4	fumC40:fimH30	B2	206849	50.6	5174052
GCA_964205725.1	PRJEB71714	Tanzania	ST131	O25:H4	O25	H4	fumC40:fimH30	B2	169607	50.6	5419730
GCA_964206025.1	PRJEB71714	Tanzania	ST131	O25:H4	O25	H4	fumC40:fimH30	B2	206850	50.6	5190166
GCA_964205455.1	PRJEB71714	Tanzania	ST131	O16:H5	O16	H5	fumC40:fimH41	B2	225457	50.59	5208825
GCA_964205975.1	PRJEB71714	Tanzania	ST131	O25:H4	O25	H4	fumC40:fimH30	B2	94423	50.56	5402000
GCA_964205855.1	PRJEB71714	Tanzania	ST131	O25:H4	O25	H4	fumC40:fimH30	B2	165542	50.6	5166346
GCA_964206575.1	PRJEB71714	Tanzania	ST131	O25:H4	O25	H4	fumC40:fimH30	B2	145245	50.63	5292527
GCA_964206605.1	PRJEB71714	Tanzania	ST131	O25:H4	O25	H4	fumC40:fimH30	B2	156275	50.65	5373479
GCA_964206175.1	PRJEB71714	Tanzania	ST131	O16:H5	O16	H5	fumC40:fimH41	B2	132603	50.56	5125557
GCA_964206505.1	PRJEB71714	Tanzania	ST131	O25:H4	O25	H4	fumC40:fimH30	B2	190971	50.68	5135813
GCA_964206185.1	PRJEB71714	Tanzania	ST131	O25:H4	O25	H4	fumC40:fimH30	B2	90842	50.66	5112531
GCA_964206585.1	PRJEB71714	Tanzania	ST131	O25:H4	O25	H4	fumC40:fimH30	B2	190796	50.61	5268811
GCA_964206225.1	PRJEB71714	Tanzania	ST131	O25:H4	O25	H4	fumC40:fimH30	B2	135410	50.74	5242293
GCA_964206355.1	PRJEB71714	Tanzania	ST131	O16:H5	O16	H5	fumC40:fimH41	B2	190889	50.56	5165652
GCA_964206565.1	PRJEB71714	Tanzania	ST131	O16:H5	O16	H5	fumC40:fimH41	B2	180780	50.56	5162148
GCA_964206535.1	PRJEB71714	Tanzania	ST131	O25:H4	O25	H4	fumC40:fimH30	B2	181151	50.3	5471606
GCA_964206375.1	PRJEB71714	Tanzania	ST131	O16:H5	O16	H5	fumC40:fimH41	B2	180816	50.67	5166587
GCA_964206255.1	PRJEB71714	Tanzania	ST131	O25:H4	O25	H4	fumC40:fimH30	B2	162868	50.62	5368697
GCA_964206415.1	PRJEB71714	Tanzania	ST131	O25:H4	O25	H4	fumC40:fimH30	B2	126051	50.67	5119835
GCA_964206525.1	PRJEB71714	Tanzania	ST131	O25:H4	O25	H4	fumC40:fimH30	B2	159797	50.64	5293706
GCA_964206405.1	PRJEB71714	Tanzania	ST131	O16:H5	O16	H5	fumC40:fimH41	B2	136617	50.75	4993219
GCA_964206545.1	PRJEB71714	Tanzania	ST131	O16:H5	O16	H5	fumC40:fimH41	B2	145314	50.61	5092607
GCA_964006105.1	PRJEB71714	Tanzania	ST131	O16:H5	O16	H5	fumC40:fimH41	B2	190889	50.55	5249461
GCA_964007195.1	PRJEB71714	Tanzania	ST167	O101:H10	O101	H10	fumC11:fimH54	A	101279	50.62	4887378
GCA_964007265.1	PRJEB71714	Tanzania	ST167	O101:H21	O101	H21	fumC11:fimH54	A	125776	50.73	4746996
GCA_964007015.1	PRJEB71714	Tanzania	ST167	O101:H9	O101	H9	fumC11:Unknown	A	71815	50.71	5036002
GCA_964007295.1	PRJEB71714	Tanzania	ST167	O101:H21	O101	H21	fumC11:fimH54	A	61396	50.67	4942211
GCA_964205375.1	PRJEB71714	Tanzania	ST167	O101:H17	O101	H17	fumC11:Unknown	A	122320	50.76	4846137
GCA_964206105.1	PRJEB71714	Tanzania	ST167	O101:H17	O101	H17	fumC11:Unknown	A	37318	50.74	4831753
GCA_964205875.1	PRJEB71714	Tanzania	ST167	O101:H21	O101	H21	fumC11:fimH54	A	101283	50.79	4775540
GCA_964205385.1	PRJEB71714	Tanzania	ST167	O101:H21	O101	H21	fumC11:fimH54	A	83352	50.79	4879366
GCA_964205355.1	PRJEB71714	Tanzania	ST167	O101:H21	O101	H21	fumC11:fimH54	A	77638	50.79	4873183
GCA_964206275.1	PRJEB71714	Tanzania	ST167	O101:H10	O101	H10	fumC11:fimH54	A	32554	50.48	5105881
GCA_964206385.1	PRJEB71714	Tanzania	ST167	O101:H21	O101	H21	fumC11:fimH54	A	30229	50.7	4830810
GCA_964206265.1	PRJEB71714	Tanzania	ST167	O101:H10	O101	H10	fumC11:fimH54	A	96566	50.62	4889974
