Marker,Database,Count,Percentage,Genomes
Col156_1,PLASMIDFINDER,270,0,GCA_009720065.1;GCA_009824475.1;GCA_009824615.1;GCA_009824745.1;GCA_009825195.1;GCA_009900285.1;GCA_018972205.1;GCA_018972265.1;GCA_019355495.1;GCA_022968555.1;GCA_037046935.1;GCA_037047155.1;GCA_037047175.1;GCA_037047235.1;GCA_037047245.1;GCA_037047345.1;GCA_037047365.1;GCA_037047485.1;GCA_037047525.1;GCA_037047605.1;GCA_037047645.1;GCA_037047685.1;GCA_037047825.1;GCA_037047925.1;GCA_037048265.1;GCA_037048405.1;GCA_037048425.1;GCA_037048485.1;GCA_037048805.1;GCA_037048945.1;GCA_037049065.1;GCA_037049145.1;GCA_040415435.1;GCA_040415445.1;GCA_040415455.1;GCA_040415535.1;GCA_040415585.1;GCA_040415665.1;GCA_040415685.1;GCA_040415795.1;GCA_040415855.1;GCA_040415955.1;GCA_040415975.1;GCA_040415995.1;GCA_040416045.1;GCA_040416095.1;GCA_040416105.1;GCA_040416135.1;GCA_040416195.1;GCA_040416205.1;GCA_040416215.1;GCA_040416295.1;GCA_040416335.1;GCA_040416355.1;GCA_040416395.1;GCA_040416405.1;GCA_040416435.1;GCA_040416475.1;GCA_040416495.1;GCA_040416525.1;GCA_040416565.1;GCA_040416595.1;GCA_040416615.1;GCA_040416625.1;GCA_040416635.1;GCA_040416705.1;GCA_040416815.1;GCA_040416845.1;GCA_040416865.1;GCA_040416885.1;GCA_040416975.1;GCA_040417035.1;GCA_040417055.1;GCA_040417135.1;GCA_040417305.1;GCA_040417385.1;GCA_040417445.1;GCA_040417455.1;GCA_040417525.1;GCA_040417585.1;GCA_040417625.1;GCA_040417665.1;GCA_040417685.1;GCA_040417725.1;GCA_040417785.1;GCA_040417825.1;GCA_040417845.1;GCA_040417875.1;GCA_040417905.1;GCA_040417925.1;GCA_040417945.1;GCA_040417965.1;GCA_040417985.1;GCA_040418105.1;GCA_040418125.1;GCA_040418145.1;GCA_040418265.1;GCA_040418305.1;GCA_040418325.1;GCA_040418405.1;GCA_040418505.1;GCA_040418545.1;GCA_040418565.1;GCA_040418605.1;GCA_040418625.1;GCA_040418645.1;GCA_040418685.1;GCA_040418725.1;GCA_040418745.1;GCA_040418755.1;GCA_040418805.1;GCA_040418825.1;GCA_040418845.1;GCA_040418885.1;GCA_040418915.1;GCA_040418945.1;GCA_040418965.1;GCA_040418985.1;GCA_040419005.1;GCA_040419025.1;GCA_040419085.1;GCA_040419125.1;GCA_040419165.1;GCA_040419185.1;GCA_040507365.1;GCA_040713425.1;GCA_049379845.1;GCA_049379945.1;GCA_049380025.1;GCA_050112895.1;GCA_050112935.1;GCA_050112975.1;GCA_050113055.1;GCA_050113115.1;GCA_050113155.1;GCA_050113175.1;GCA_050113195.1;GCA_907163365.1;GCA_907163515.1;GCA_907163575.1;GCA_907163605.1;GCA_907163625.1;GCA_907163635.1;GCA_907163705.1;GCA_907163765.1;GCA_907163805.1;GCA_907163815.1;GCA_907163825.1;GCA_907164245.1;GCA_907164365.1;GCA_907164375.1;GCA_964006015.1;GCA_964006025.1;GCA_964006055.1;GCA_964006105.1;GCA_964006175.1;GCA_964006185.1;GCA_964006205.1;GCA_964006225.1;GCA_964006265.1;GCA_964006295.1;GCA_964006315.1;GCA_964006325.1;GCA_964006355.1;GCA_964006385.1;GCA_964006395.1;GCA_964006405.1;GCA_964006435.1;GCA_964006475.1;GCA_964006505.1;GCA_964006545.1;GCA_964006555.1;GCA_964006615.1;GCA_964006635.1;GCA_964006675.1;GCA_964006685.1;GCA_964006725.1;GCA_964006755.1;GCA_964006795.1;GCA_964006855.1;GCA_964006865.1;GCA_964006875.1;GCA_964006905.1;GCA_964006915.1;GCA_964006945.1;GCA_964006965.1;GCA_964006995.1;GCA_964007005.1;GCA_964007015.1;GCA_964007025.1;GCA_964007175.1;GCA_964007215.1;GCA_964007225.1;GCA_964007255.1;GCA_964007265.1;GCA_964007285.1;GCA_964007295.1;GCA_964007325.1;GCA_964007355.1;GCA_964007395.1;GCA_964007445.1;GCA_964205355.1;GCA_964205365.1;GCA_964205385.1;GCA_964205425.1;GCA_964205435.1;GCA_964205455.1;GCA_964205485.1;GCA_964205495.1;GCA_964205505.1;GCA_964205525.1;GCA_964205535.1;GCA_964205545.1;GCA_964205555.1;GCA_964205565.1;GCA_964205585.1;GCA_964205595.1;GCA_964205635.1;GCA_964205655.1;GCA_964205675.1;GCA_964205705.1;GCA_964205715.1;GCA_964205725.1;GCA_964205745.1;GCA_964205785.1;GCA_964205825.1;GCA_964205855.1;GCA_964205875.1;GCA_964205905.1;GCA_964205925.1;GCA_964205945.1;GCA_964205975.1;GCA_964205995.1;GCA_964206025.1;GCA_964206045.1;GCA_964206175.1;GCA_964206185.1;GCA_964206225.1;GCA_964206275.1;GCA_964206355.1;GCA_964206375.1;GCA_964206385.1;GCA_964206405.1;GCA_964206415.1;GCA_964206505.1;GCA_964206525.1;GCA_964206535.1;GCA_964206545.1;GCA_964206565.1;GCA_964206575.1;GCA_964206585.1;GCA_964206605.1;GCA_966502205.1;GCA_966512345.1;GCA_966518725.1;GCA_966555405.1;GCA_966556535.1;GCA_966562275.1;GCA_966562775.1;GCA_966564195.1;GCA_966565785.1;GCA_966570365.1;GCA_966572575.1;GCA_966573225.1;GCA_966573385.1;GCA_966576395.1;GCA_966591305.1;GCA_970664135.1;GCA_972176215.1;GCA_972176395.1
IncFIA_1,PLASMIDFINDER,237,0,GCA_009720065.1;GCA_009823945.1;GCA_009825265.1;GCA_009900285.1;GCA_009901125.1;GCA_018972245.1;GCA_019355495.1;GCA_022968555.1;GCA_025630975.1;GCA_030024465.1;GCA_030025055.1;GCA_030520165.1;GCA_037046935.1;GCA_037047175.1;GCA_037047245.1;GCA_037047345.1;GCA_037047525.1;GCA_037047605.1;GCA_037047645.1;GCA_037047685.1;GCA_037047805.1;GCA_037047825.1;GCA_037047925.1;GCA_037048105.1;GCA_037048185.1;GCA_037048265.1;GCA_037048405.1;GCA_037048425.1;GCA_037048485.1;GCA_037048805.1;GCA_037049045.1;GCA_037049065.1;GCA_037049145.1;GCA_037049305.1;GCA_037049325.1;GCA_037049365.1;GCA_037049385.1;GCA_037049765.1;GCA_040415455.1;GCA_040415465.1;GCA_040415475.1;GCA_040415565.1;GCA_040415575.1;GCA_040415655.1;GCA_040415675.1;GCA_040415685.1;GCA_040415755.1;GCA_040415805.1;GCA_040415815.1;GCA_040415875.1;GCA_040415905.1;GCA_040415915.1;GCA_040415975.1;GCA_040415995.1;GCA_040416005.1;GCA_040416035.1;GCA_040416045.1;GCA_040416095.1;GCA_040416135.1;GCA_040416205.1;GCA_040416265.1;GCA_040416335.1;GCA_040416355.1;GCA_040416375.1;GCA_040416415.1;GCA_040416505.1;GCA_040416515.1;GCA_040416695.1;GCA_040416775.1;GCA_040416845.1;GCA_040416915.1;GCA_040416955.1;GCA_040416995.1;GCA_040417015.1;GCA_040417095.1;GCA_040417175.1;GCA_040417195.1;GCA_040417215.1;GCA_040417235.1;GCA_040417335.1;GCA_040417365.1;GCA_040417385.1;GCA_040417405.1;GCA_040417485.1;GCA_040417645.1;GCA_040417665.1;GCA_040417725.1;GCA_040417745.1;GCA_040417765.1;GCA_040417865.1;GCA_040418025.1;GCA_040418105.1;GCA_040418205.1;GCA_040418225.1;GCA_040418245.1;GCA_040418385.1;GCA_040418485.1;GCA_040418525.1;GCA_040418585.1;GCA_040418705.1;GCA_040418905.1;GCA_040419025.1;GCA_040419045.1;GCA_040419065.1;GCA_040419105.1;GCA_040419145.1;GCA_040419205.1;GCA_040507325.1;GCA_045801095.1;GCA_049546825.1;GCA_050112935.1;GCA_050113015.1;GCA_050113075.1;GCA_050113135.1;GCA_050955345.1;GCA_052072695.1;GCA_052072795.1;GCA_052072985.1;GCA_907163365.1;GCA_907163485.1;GCA_907163495.1;GCA_907163515.1;GCA_907163575.1;GCA_907163605.1;GCA_907163625.1;GCA_907163635.1;GCA_907163665.1;GCA_907163705.1;GCA_907163715.1;GCA_907163735.1;GCA_907163765.1;GCA_907163805.1;GCA_907163815.1;GCA_907163825.1;GCA_907163915.1;GCA_907164245.1;GCA_907164365.1;GCA_907164375.1;GCA_964006025.1;GCA_964006055.1;GCA_964006185.1;GCA_964006205.1;GCA_964006225.1;GCA_964006265.1;GCA_964006295.1;GCA_964006315.1;GCA_964006325.1;GCA_964006355.1;GCA_964006385.1;GCA_964006395.1;GCA_964006405.1;GCA_964006475.1;GCA_964006505.1;GCA_964006545.1;GCA_964006555.1;GCA_964006615.1;GCA_964006635.1;GCA_964006675.1;GCA_964006685.1;GCA_964006755.1;GCA_964006855.1;GCA_964006865.1;GCA_964006905.1;GCA_964006915.1;GCA_964006945.1;GCA_964006965.1;GCA_964006995.1;GCA_964007015.1;GCA_964007025.1;GCA_964007035.1;GCA_964007055.1;GCA_964007175.1;GCA_964007215.1;GCA_964007225.1;GCA_964007255.1;GCA_964007285.1;GCA_964007295.1;GCA_964007325.1;GCA_964007355.1;GCA_964007395.1;GCA_964205355.1;GCA_964205365.1;GCA_964205375.1;GCA_964205385.1;GCA_964205425.1;GCA_964205435.1;GCA_964205455.1;GCA_964205485.1;GCA_964205495.1;GCA_964205505.1;GCA_964205525.1;GCA_964205535.1;GCA_964205545.1;GCA_964205555.1;GCA_964205565.1;GCA_964205585.1;GCA_964205595.1;GCA_964205635.1;GCA_964205655.1;GCA_964205675.1;GCA_964205705.1;GCA_964205715.1;GCA_964205725.1;GCA_964205745.1;GCA_964205785.1;GCA_964205825.1;GCA_964205855.1;GCA_964205875.1;GCA_964205925.1;GCA_964205945.1;GCA_964205975.1;GCA_964205995.1;GCA_964206005.1;GCA_964206025.1;GCA_964206045.1;GCA_964206105.1;GCA_964206185.1;GCA_964206225.1;GCA_964206255.1;GCA_964206275.1;GCA_964206375.1;GCA_964206385.1;GCA_964206405.1;GCA_964206415.1;GCA_964206505.1;GCA_964206525.1;GCA_964206535.1;GCA_964206575.1;GCA_964206585.1;GCA_964206605.1;GCA_966502205.1;GCA_966555405.1;GCA_966555485.1;GCA_966573225.1;GCA_966576395.1;GCA_972176215.1;GCA_972176395.1
Col(pHAD28)_1,PLASMIDFINDER,233,0,GCA_000713235.1;GCA_009720065.1;GCA_009793715.1;GCA_009794485.1;GCA_009798605.1;GCA_009823885.1;GCA_009824195.1;GCA_009824335.1;GCA_009824425.1;GCA_009824475.1;GCA_009824555.1;GCA_009824615.1;GCA_009824745.1;GCA_009825195.1;GCA_009825265.1;GCA_009900075.1;GCA_009900285.1;GCA_009900425.1;GCA_009900585.1;GCA_009900625.1;GCA_009900645.1;GCA_009901145.1;GCA_009901165.1;GCA_011317875.1;GCA_011317975.1;GCA_011318395.1;GCA_022968555.1;GCA_024330145.2;GCA_024700835.2;GCA_025536555.1;GCA_025630975.1;GCA_030520165.1;GCA_037047155.1;GCA_037047805.1;GCA_037049065.1;GCA_037049325.1;GCA_037049365.1;GCA_037049385.1;GCA_040415435.1;GCA_040415445.1;GCA_040415455.1;GCA_040415465.1;GCA_040415475.1;GCA_040415535.1;GCA_040415565.1;GCA_040415575.1;GCA_040415585.1;GCA_040415655.1;GCA_040415665.1;GCA_040415675.1;GCA_040415685.1;GCA_040415755.1;GCA_040415795.1;GCA_040415805.1;GCA_040415815.1;GCA_040415855.1;GCA_040415875.1;GCA_040415905.1;GCA_040415915.1;GCA_040415955.1;GCA_040415975.1;GCA_040415995.1;GCA_040416005.1;GCA_040416035.1;GCA_040416045.1;GCA_040416095.1;GCA_040416105.1;GCA_040416135.1;GCA_040416195.1;GCA_040416205.1;GCA_040416215.1;GCA_040416265.1;GCA_040416295.1;GCA_040416335.1;GCA_040416355.1;GCA_040416375.1;GCA_040416395.1;GCA_040416405.1;GCA_040416415.1;GCA_040416435.1;GCA_040416475.1;GCA_040416495.1;GCA_040416505.1;GCA_040416515.1;GCA_040416525.1;GCA_040416565.1;GCA_040416595.1;GCA_040416615.1;GCA_040416625.1;GCA_040416635.1;GCA_040416695.1;GCA_040416705.1;GCA_040416775.1;GCA_040416795.1;GCA_040416815.1;GCA_040416845.1;GCA_040416865.1;GCA_040416885.1;GCA_040416915.1;GCA_040416955.1;GCA_040416975.1;GCA_040416995.1;GCA_040417015.1;GCA_040417035.1;GCA_040417055.1;GCA_040417095.1;GCA_040417135.1;GCA_040417175.1;GCA_040417195.1;GCA_040417215.1;GCA_040417235.1;GCA_040417305.1;GCA_040417335.1;GCA_040417365.1;GCA_040417385.1;GCA_040417405.1;GCA_040417445.1;GCA_040417455.1;GCA_040417485.1;GCA_040417525.1;GCA_040417585.1;GCA_040417625.1;GCA_040417645.1;GCA_040417665.1;GCA_040417685.1;GCA_040417725.1;GCA_040417745.1;GCA_040417765.1;GCA_040417785.1;GCA_040417825.1;GCA_040417845.1;GCA_040417865.1;GCA_040417875.1;GCA_040417905.1;GCA_040417925.1;GCA_040417945.1;GCA_040417965.1;GCA_040417985.1;GCA_040418025.1;GCA_040418105.1;GCA_040418125.1;GCA_040418145.1;GCA_040418205.1;GCA_040418225.1;GCA_040418245.1;GCA_040418265.1;GCA_040418305.1;GCA_040418325.1;GCA_040418385.1;GCA_040418405.1;GCA_040418485.1;GCA_040418505.1;GCA_040418525.1;GCA_040418545.1;GCA_040418565.1;GCA_040418585.1;GCA_040418605.1;GCA_040418625.1;GCA_040418645.1;GCA_040418685.1;GCA_040418705.1;GCA_040418725.1;GCA_040418745.1;GCA_040418755.1;GCA_040418805.1;GCA_040418825.1;GCA_040418845.1;GCA_040418885.1;GCA_040418905.1;GCA_040418915.1;GCA_040418945.1;GCA_040418965.1;GCA_040418985.1;GCA_040419005.1;GCA_040419025.1;GCA_040419045.1;GCA_040419065.1;GCA_040419085.1;GCA_040419105.1;GCA_040419125.1;GCA_040419145.1;GCA_040419165.1;GCA_040419185.1;GCA_040419205.1;GCA_040507325.1;GCA_040507365.1;GCA_040712345.1;GCA_040712465.1;GCA_040712505.1;GCA_040713295.1;GCA_040713755.1;GCA_049379845.1;GCA_049379945.1;GCA_049380025.1;GCA_049546825.1;GCA_050112895.1;GCA_050112935.1;GCA_050113015.1;GCA_050113055.1;GCA_050113075.1;GCA_050113115.1;GCA_050113135.1;GCA_050113155.1;GCA_050113175.1;GCA_050113195.1;GCA_052072695.1;GCA_052072795.1;GCA_052072855.1;GCA_052072985.1;GCA_907163365.1;GCA_907163515.1;GCA_907163575.1;GCA_907163605.1;GCA_907163625.1;GCA_907163635.1;GCA_907163705.1;GCA_907163765.1;GCA_907163815.1;GCA_907163995.1;GCA_964006055.1;GCA_964006395.1;GCA_964006435.1;GCA_964006755.1;GCA_964007015.1;GCA_964007025.1;GCA_964007265.1;GCA_964205455.1;GCA_964206225.1;GCA_964206275.1;GCA_964206605.1;GCA_966556535.1;GCA_968938235.1;GCA_969779115.1
IncFIB(AP001918)_1,PLASMIDFINDER,203,0,GCA_009793715.1;GCA_009793945.1;GCA_009794485.1;GCA_009824195.1;GCA_009824335.1;GCA_009824425.1;GCA_009824475.1;GCA_009824555.1;GCA_009824745.1;GCA_009825195.1;GCA_009825265.1;GCA_009900285.1;GCA_009901185.1;GCA_018972205.1;GCA_018972225.1;GCA_019355495.1;GCA_022968555.1;GCA_025630975.1;GCA_030024465.1;GCA_030025055.1;GCA_030520165.1;GCA_037046935.1;GCA_037047155.1;GCA_037047175.1;GCA_037047235.1;GCA_037047245.1;GCA_037047345.1;GCA_037047365.1;GCA_037047485.1;GCA_037047525.1;GCA_037047605.1;GCA_037047645.1;GCA_037047685.1;GCA_037047805.1;GCA_037047825.1;GCA_037047925.1;GCA_037048105.1;GCA_037048165.1;GCA_037048185.1;GCA_037048265.1;GCA_037048405.1;GCA_037048805.1;GCA_037048945.1;GCA_037049045.1;GCA_037049065.1;GCA_037049145.1;GCA_037049305.1;GCA_037049325.1;GCA_037049385.1;GCA_037049765.1;GCA_040415455.1;GCA_040415685.1;GCA_040415975.1;GCA_040416045.1;GCA_040416095.1;GCA_040416135.1;GCA_040416205.1;GCA_040416335.1;GCA_040416355.1;GCA_040417385.1;GCA_040417725.1;GCA_040418105.1;GCA_040419025.1;GCA_040713295.1;GCA_040713425.1;GCA_040716695.1;GCA_049379845.1;GCA_049379945.1;GCA_049380025.1;GCA_050112935.1;GCA_050113135.1;GCA_050955345.1;GCA_907163365.1;GCA_907163485.1;GCA_907163495.1;GCA_907163515.1;GCA_907163575.1;GCA_907163605.1;GCA_907163625.1;GCA_907163635.1;GCA_907163665.1;GCA_907163705.1;GCA_907163715.1;GCA_907163765.1;GCA_907163805.1;GCA_907163815.1;GCA_907163825.1;GCA_907164245.1;GCA_907164365.1;GCA_907164375.1;GCA_964006015.1;GCA_964006025.1;GCA_964006105.1;GCA_964006175.1;GCA_964006185.1;GCA_964006225.1;GCA_964006265.1;GCA_964006295.1;GCA_964006315.1;GCA_964006325.1;GCA_964006355.1;GCA_964006385.1;GCA_964006395.1;GCA_964006405.1;GCA_964006435.1;GCA_964006475.1;GCA_964006505.1;GCA_964006545.1;GCA_964006555.1;GCA_964006615.1;GCA_964006635.1;GCA_964006675.1;GCA_964006725.1;GCA_964006795.1;GCA_964006855.1;GCA_964006865.1;GCA_964006875.1;GCA_964006915.1;GCA_964006945.1;GCA_964006965.1;GCA_964006995.1;GCA_964007005.1;GCA_964007015.1;GCA_964007025.1;GCA_964007035.1;GCA_964007055.1;GCA_964007175.1;GCA_964007195.1;GCA_964007215.1;GCA_964007225.1;GCA_964007255.1;GCA_964007265.1;GCA_964007285.1;GCA_964007295.1;GCA_964007325.1;GCA_964007355.1;GCA_964007395.1;GCA_964007445.1;GCA_964205355.1;GCA_964205365.1;GCA_964205375.1;GCA_964205385.1;GCA_964205425.1;GCA_964205435.1;GCA_964205455.1;GCA_964205485.1;GCA_964205495.1;GCA_964205505.1;GCA_964205535.1;GCA_964205545.1;GCA_964205555.1;GCA_964205565.1;GCA_964205585.1;GCA_964205595.1;GCA_964205635.1;GCA_964205655.1;GCA_964205675.1;GCA_964205705.1;GCA_964205715.1;GCA_964205725.1;GCA_964205745.1;GCA_964205785.1;GCA_964205825.1;GCA_964205855.1;GCA_964205875.1;GCA_964205905.1;GCA_964205925.1;GCA_964205945.1;GCA_964205975.1;GCA_964206005.1;GCA_964206025.1;GCA_964206045.1;GCA_964206105.1;GCA_964206175.1;GCA_964206185.1;GCA_964206255.1;GCA_964206265.1;GCA_964206275.1;GCA_964206355.1;GCA_964206375.1;GCA_964206385.1;GCA_964206405.1;GCA_964206415.1;GCA_964206505.1;GCA_964206525.1;GCA_964206535.1;GCA_964206545.1;GCA_964206565.1;GCA_964206575.1;GCA_964206585.1;GCA_964206605.1;GCA_966502205.1;GCA_966512345.1;GCA_966555405.1;GCA_966555485.1;GCA_966556535.1;GCA_966562275.1;GCA_966572575.1;GCA_966573225.1;GCA_966576395.1;GCA_970664135.1;GCA_972176215.1;GCA_972176395.1
Col(BS512)_1,PLASMIDFINDER,164,0,GCA_019355495.1;GCA_024330145.2;GCA_037047925.1;GCA_037049765.1;GCA_040415435.1;GCA_040415445.1;GCA_040415465.1;GCA_040415475.1;GCA_040415535.1;GCA_040415565.1;GCA_040415575.1;GCA_040415585.1;GCA_040415655.1;GCA_040415665.1;GCA_040415675.1;GCA_040415755.1;GCA_040415795.1;GCA_040415805.1;GCA_040415815.1;GCA_040415855.1;GCA_040415875.1;GCA_040415905.1;GCA_040415915.1;GCA_040415955.1;GCA_040415995.1;GCA_040416005.1;GCA_040416035.1;GCA_040416195.1;GCA_040416215.1;GCA_040416265.1;GCA_040416295.1;GCA_040416375.1;GCA_040416395.1;GCA_040416405.1;GCA_040416415.1;GCA_040416435.1;GCA_040416475.1;GCA_040416495.1;GCA_040416505.1;GCA_040416515.1;GCA_040416525.1;GCA_040416565.1;GCA_040416595.1;GCA_040416615.1;GCA_040416625.1;GCA_040416635.1;GCA_040416695.1;GCA_040416705.1;GCA_040416775.1;GCA_040416795.1;GCA_040416815.1;GCA_040416845.1;GCA_040416865.1;GCA_040416885.1;GCA_040416915.1;GCA_040416955.1;GCA_040416975.1;GCA_040416995.1;GCA_040417015.1;GCA_040417035.1;GCA_040417055.1;GCA_040417095.1;GCA_040417135.1;GCA_040417175.1;GCA_040417195.1;GCA_040417215.1;GCA_040417235.1;GCA_040417305.1;GCA_040417335.1;GCA_040417365.1;GCA_040417405.1;GCA_040417445.1;GCA_040417455.1;GCA_040417485.1;GCA_040417525.1;GCA_040417585.1;GCA_040417625.1;GCA_040417645.1;GCA_040417665.1;GCA_040417685.1;GCA_040417745.1;GCA_040417765.1;GCA_040417785.1;GCA_040417825.1;GCA_040417845.1;GCA_040417865.1;GCA_040417875.1;GCA_040417905.1;GCA_040417925.1;GCA_040417945.1;GCA_040417965.1;GCA_040417985.1;GCA_040418025.1;GCA_040418125.1;GCA_040418145.1;GCA_040418205.1;GCA_040418225.1;GCA_040418245.1;GCA_040418265.1;GCA_040418305.1;GCA_040418325.1;GCA_040418385.1;GCA_040418405.1;GCA_040418485.1;GCA_040418505.1;GCA_040418525.1;GCA_040418545.1;GCA_040418565.1;GCA_040418585.1;GCA_040418605.1;GCA_040418645.1;GCA_040418685.1;GCA_040418705.1;GCA_040418725.1;GCA_040418745.1;GCA_040418755.1;GCA_040418805.1;GCA_040418825.1;GCA_040418845.1;GCA_040418885.1;GCA_040418905.1;GCA_040418915.1;GCA_040418945.1;GCA_040418965.1;GCA_040418985.1;GCA_040419005.1;GCA_040419045.1;GCA_040419065.1;GCA_040419085.1;GCA_040419105.1;GCA_040419125.1;GCA_040419145.1;GCA_040419165.1;GCA_040419185.1;GCA_040419205.1;GCA_040507325.1;GCA_040507365.1;GCA_045801095.1;GCA_050112895.1;GCA_050112975.1;GCA_050113015.1;GCA_050113055.1;GCA_050113075.1;GCA_050113115.1;GCA_050113155.1;GCA_050113175.1;GCA_050113195.1;GCA_052072695.1;GCA_052072855.1;GCA_052072985.1;GCA_907163915.1;GCA_964006025.1;GCA_964006325.1;GCA_964006435.1;GCA_964007295.1;GCA_964205355.1;GCA_964205385.1;GCA_964205525.1;GCA_964205875.1;GCA_964206385.1;GCA_964206525.1;GCA_966562275.1;GCA_966573225.1;GCA_966576395.1
Col(MG828)_1,PLASMIDFINDER,142,0,GCA_009720065.1;GCA_009900285.1;GCA_018972225.1;GCA_018972245.1;GCA_019355495.1;GCA_037047155.1;GCA_037047345.1;GCA_037047365.1;GCA_037047525.1;GCA_037047805.1;GCA_037047825.1;GCA_037047925.1;GCA_037048105.1;GCA_037048265.1;GCA_037048405.1;GCA_037048425.1;GCA_037048485.1;GCA_040415435.1;GCA_040415445.1;GCA_040415535.1;GCA_040415585.1;GCA_040415665.1;GCA_040415795.1;GCA_040415855.1;GCA_040415905.1;GCA_040415955.1;GCA_040415995.1;GCA_040416105.1;GCA_040416195.1;GCA_040416215.1;GCA_040416295.1;GCA_040416395.1;GCA_040416405.1;GCA_040416435.1;GCA_040416475.1;GCA_040416495.1;GCA_040416525.1;GCA_040416565.1;GCA_040416595.1;GCA_040416615.1;GCA_040416625.1;GCA_040416635.1;GCA_040416705.1;GCA_040416815.1;GCA_040416845.1;GCA_040416865.1;GCA_040416885.1;GCA_040416975.1;GCA_040417035.1;GCA_040417055.1;GCA_040417135.1;GCA_040417305.1;GCA_040417445.1;GCA_040417455.1;GCA_040417525.1;GCA_040417585.1;GCA_040417625.1;GCA_040417665.1;GCA_040417685.1;GCA_040417785.1;GCA_040417825.1;GCA_040417845.1;GCA_040417875.1;GCA_040417905.1;GCA_040417925.1;GCA_040417945.1;GCA_040417965.1;GCA_040417985.1;GCA_040418105.1;GCA_040418125.1;GCA_040418145.1;GCA_040418265.1;GCA_040418305.1;GCA_040418325.1;GCA_040418405.1;GCA_040418505.1;GCA_040418545.1;GCA_040418565.1;GCA_040418605.1;GCA_040418625.1;GCA_040418645.1;GCA_040418685.1;GCA_040418725.1;GCA_040418745.1;GCA_040418755.1;GCA_040418805.1;GCA_040418825.1;GCA_040418845.1;GCA_040418885.1;GCA_040418915.1;GCA_040418945.1;GCA_040418965.1;GCA_040418985.1;GCA_040419005.1;GCA_040419085.1;GCA_040419105.1;GCA_040419125.1;GCA_040419165.1;GCA_040419185.1;GCA_040507365.1;GCA_040712355.1;GCA_040712435.1;GCA_040712465.1;GCA_040713755.1;GCA_040713795.1;GCA_040713875.1;GCA_052072855.1;GCA_907163705.1;GCA_907163735.1;GCA_907163765.1;GCA_907163805.1;GCA_907163815.1;GCA_907163825.1;GCA_907163995.1;GCA_907164245.1;GCA_907164365.1;GCA_907164375.1;GCA_964006055.1;GCA_964006185.1;GCA_964006205.1;GCA_964006225.1;GCA_964006265.1;GCA_964006295.1;GCA_964006325.1;GCA_964006385.1;GCA_964006395.1;GCA_964006435.1;GCA_964006505.1;GCA_964006755.1;GCA_964007175.1;GCA_964205525.1;GCA_964205905.1;GCA_964205995.1;GCA_964206045.1;GCA_964206225.1;GCA_966502205.1;GCA_966518725.1;GCA_966555405.1;GCA_966562775.1;GCA_966570365.1;GCA_966573385.1;GCA_968938235.1
ColRNAI_1,PLASMIDFINDER,141,0,GCA_009825265.1;GCA_009900285.1;GCA_037046935.1;GCA_037047155.1;GCA_037047175.1;GCA_037047365.1;GCA_037047605.1;GCA_037047825.1;GCA_037048165.1;GCA_037048425.1;GCA_037048485.1;GCA_040415435.1;GCA_040415445.1;GCA_040415535.1;GCA_040415585.1;GCA_040415665.1;GCA_040415795.1;GCA_040415855.1;GCA_040415955.1;GCA_040415995.1;GCA_040416105.1;GCA_040416195.1;GCA_040416215.1;GCA_040416295.1;GCA_040416395.1;GCA_040416405.1;GCA_040416435.1;GCA_040416475.1;GCA_040416495.1;GCA_040416525.1;GCA_040416565.1;GCA_040416595.1;GCA_040416615.1;GCA_040416625.1;GCA_040416635.1;GCA_040416705.1;GCA_040416815.1;GCA_040416845.1;GCA_040416865.1;GCA_040416885.1;GCA_040416975.1;GCA_040417035.1;GCA_040417055.1;GCA_040417135.1;GCA_040417305.1;GCA_040417445.1;GCA_040417455.1;GCA_040417525.1;GCA_040417585.1;GCA_040417625.1;GCA_040417665.1;GCA_040417685.1;GCA_040417785.1;GCA_040417825.1;GCA_040417845.1;GCA_040417875.1;GCA_040417905.1;GCA_040417925.1;GCA_040417945.1;GCA_040417965.1;GCA_040417985.1;GCA_040418125.1;GCA_040418145.1;GCA_040418265.1;GCA_040418305.1;GCA_040418325.1;GCA_040418405.1;GCA_040418505.1;GCA_040418545.1;GCA_040418565.1;GCA_040418605.1;GCA_040418625.1;GCA_040418645.1;GCA_040418685.1;GCA_040418725.1;GCA_040418745.1;GCA_040418755.1;GCA_040418805.1;GCA_040418825.1;GCA_040418845.1;GCA_040418885.1;GCA_040418915.1;GCA_040418945.1;GCA_040418965.1;GCA_040418985.1;GCA_040419005.1;GCA_040419085.1;GCA_040419125.1;GCA_040419165.1;GCA_040419185.1;GCA_040507365.1;GCA_040712435.1;GCA_040712465.1;GCA_040713425.1;GCA_040716695.1;GCA_050112895.1;GCA_050113055.1;GCA_050113115.1;GCA_050113155.1;GCA_050113175.1;GCA_050113195.1;GCA_907163485.1;GCA_907163495.1;GCA_907163665.1;GCA_907163715.1;GCA_907163735.1;GCA_907163915.1;GCA_964006025.1;GCA_964006265.1;GCA_964006295.1;GCA_964006325.1;GCA_964006385.1;GCA_964006395.1;GCA_964006435.1;GCA_964006545.1;GCA_964006675.1;GCA_964006965.1;GCA_964205525.1;GCA_964205655.1;GCA_964205945.1;GCA_964205995.1;GCA_964206045.1;GCA_964206185.1;GCA_964206275.1;GCA_964206415.1;GCA_964206505.1;GCA_964206525.1;GCA_966512345.1;GCA_966518725.1;GCA_966556535.1;GCA_966562275.1;GCA_966562775.1;GCA_966564195.1;GCA_966565785.1;GCA_966570365.1;GCA_966572575.1;GCA_966573225.1;GCA_966573385.1;GCA_966576395.1;GCA_966591305.1;GCA_968938235.1
IncI1_1_Alpha,PLASMIDFINDER,121,0,GCA_009793715.1;GCA_009794485.1;GCA_009901125.1;GCA_024331345.2;GCA_037047175.1;GCA_037047245.1;GCA_037047365.1;GCA_037048105.1;GCA_037048185.1;GCA_037048425.1;GCA_037048485.1;GCA_037048925.1;GCA_037049005.1;GCA_037049325.1;GCA_037049385.1;GCA_037049825.1;GCA_040415435.1;GCA_040415445.1;GCA_040415455.1;GCA_040415465.1;GCA_040415535.1;GCA_040415585.1;GCA_040415665.1;GCA_040415685.1;GCA_040415795.1;GCA_040415855.1;GCA_040415955.1;GCA_040415975.1;GCA_040416045.1;GCA_040416095.1;GCA_040416105.1;GCA_040416135.1;GCA_040416195.1;GCA_040416205.1;GCA_040416215.1;GCA_040416295.1;GCA_040416335.1;GCA_040416355.1;GCA_040416405.1;GCA_040416435.1;GCA_040416475.1;GCA_040416495.1;GCA_040416565.1;GCA_040416595.1;GCA_040416615.1;GCA_040416625.1;GCA_040416635.1;GCA_040416705.1;GCA_040416865.1;GCA_040416975.1;GCA_040417035.1;GCA_040417055.1;GCA_040417135.1;GCA_040417385.1;GCA_040417445.1;GCA_040417455.1;GCA_040417525.1;GCA_040417585.1;GCA_040417625.1;GCA_040417685.1;GCA_040417725.1;GCA_040417785.1;GCA_040417825.1;GCA_040417845.1;GCA_040417875.1;GCA_040417905.1;GCA_040417925.1;GCA_040417945.1;GCA_040417965.1;GCA_040417985.1;GCA_040418105.1;GCA_040418125.1;GCA_040418145.1;GCA_040418265.1;GCA_040418305.1;GCA_040418325.1;GCA_040418405.1;GCA_040418505.1;GCA_040418545.1;GCA_040418565.1;GCA_040418605.1;GCA_040418645.1;GCA_040418685.1;GCA_040418745.1;GCA_040418805.1;GCA_040418825.1;GCA_040418845.1;GCA_040418885.1;GCA_040418915.1;GCA_040418945.1;GCA_040418965.1;GCA_040418985.1;GCA_040419005.1;GCA_040419025.1;GCA_040419065.1;GCA_040419085.1;GCA_040419125.1;GCA_040419185.1;GCA_040507365.1;GCA_040712345.1;GCA_040712355.1;GCA_040712435.1;GCA_040712465.1;GCA_040712505.1;GCA_040713295.1;GCA_040713425.1;GCA_040713795.1;GCA_050112895.1;GCA_050112935.1;GCA_050112975.1;GCA_050113055.1;GCA_050113115.1;GCA_050113135.1;GCA_050113155.1;GCA_050113175.1;GCA_050113195.1;GCA_964006185.1;GCA_964006395.1;GCA_964205975.1;GCA_964205995.1;GCA_964206385.1
IncFIC(FII)_1,PLASMIDFINDER,117,0,GCA_009823945.1;GCA_009824615.1;GCA_009825265.1;GCA_009900285.1;GCA_009901125.1;GCA_022968555.1;GCA_030520165.1;GCA_037047155.1;GCA_037047235.1;GCA_037047365.1;GCA_037048165.1;GCA_037049365.1;GCA_040415465.1;GCA_040415475.1;GCA_040415565.1;GCA_040415575.1;GCA_040415655.1;GCA_040415675.1;GCA_040415685.1;GCA_040415755.1;GCA_040415805.1;GCA_040415815.1;GCA_040415875.1;GCA_040415905.1;GCA_040415915.1;GCA_040415975.1;GCA_040415995.1;GCA_040416005.1;GCA_040416035.1;GCA_040416045.1;GCA_040416095.1;GCA_040416135.1;GCA_040416205.1;GCA_040416265.1;GCA_040416335.1;GCA_040416355.1;GCA_040416375.1;GCA_040416415.1;GCA_040416505.1;GCA_040416515.1;GCA_040416695.1;GCA_040416775.1;GCA_040416795.1;GCA_040416845.1;GCA_040416915.1;GCA_040416955.1;GCA_040416995.1;GCA_040417015.1;GCA_040417095.1;GCA_040417175.1;GCA_040417195.1;GCA_040417215.1;GCA_040417235.1;GCA_040417335.1;GCA_040417365.1;GCA_040417385.1;GCA_040417405.1;GCA_040417485.1;GCA_040417645.1;GCA_040417665.1;GCA_040417725.1;GCA_040417745.1;GCA_040417765.1;GCA_040417865.1;GCA_040418025.1;GCA_040418105.1;GCA_040418205.1;GCA_040418225.1;GCA_040418245.1;GCA_040418385.1;GCA_040418485.1;GCA_040418525.1;GCA_040418585.1;GCA_040418705.1;GCA_040418905.1;GCA_040419025.1;GCA_040419045.1;GCA_040419065.1;GCA_040419105.1;GCA_040419145.1;GCA_040419205.1;GCA_040507325.1;GCA_040713425.1;GCA_040716695.1;GCA_045801095.1;GCA_049546825.1;GCA_050112935.1;GCA_050113015.1;GCA_050113075.1;GCA_050113135.1;GCA_050955345.1;GCA_052072695.1;GCA_052072795.1;GCA_052072985.1;GCA_907163365.1;GCA_907163485.1;GCA_907163495.1;GCA_907163515.1;GCA_907163575.1;GCA_907163605.1;GCA_907163625.1;GCA_907163635.1;GCA_907163665.1;GCA_907163715.1;GCA_964006435.1;GCA_964007015.1;GCA_964007035.1;GCA_964007055.1;GCA_964205375.1;GCA_964206105.1;GCA_964206255.1;GCA_966512345.1;GCA_966556535.1;GCA_966562275.1;GCA_966572575.1;GCA_966573225.1;GCA_966576395.1
IncFII(pRSB107)_1_pRSB107,PLASMIDFINDER,106,0,GCA_009794485.1;GCA_011763315.1;GCA_018972265.1;GCA_019355495.1;GCA_030024465.1;GCA_030025055.1;GCA_037047175.1;GCA_037047345.1;GCA_037047365.1;GCA_037047605.1;GCA_037047825.1;GCA_037048105.1;GCA_037048185.1;GCA_037048265.1;GCA_037048405.1;GCA_037048425.1;GCA_037048485.1;GCA_037049145.1;GCA_053164725.1;GCA_907163705.1;GCA_907163765.1;GCA_907163805.1;GCA_907163815.1;GCA_907163825.1;GCA_907164245.1;GCA_907164365.1;GCA_907164375.1;GCA_964006185.1;GCA_964006205.1;GCA_964006225.1;GCA_964006265.1;GCA_964006295.1;GCA_964006315.1;GCA_964006325.1;GCA_964006355.1;GCA_964006385.1;GCA_964006395.1;GCA_964006405.1;GCA_964006435.1;GCA_964006475.1;GCA_964006505.1;GCA_964006545.1;GCA_964006555.1;GCA_964006615.1;GCA_964006635.1;GCA_964006675.1;GCA_964006855.1;GCA_964006865.1;GCA_964006905.1;GCA_964006915.1;GCA_964006945.1;GCA_964006995.1;GCA_964007025.1;GCA_964007175.1;GCA_964007215.1;GCA_964007225.1;GCA_964007255.1;GCA_964007285.1;GCA_964007325.1;GCA_964007355.1;GCA_964007395.1;GCA_964205365.1;GCA_964205425.1;GCA_964205435.1;GCA_964205455.1;GCA_964205485.1;GCA_964205495.1;GCA_964205505.1;GCA_964205535.1;GCA_964205545.1;GCA_964205555.1;GCA_964205565.1;GCA_964205585.1;GCA_964205595.1;GCA_964205635.1;GCA_964205655.1;GCA_964205675.1;GCA_964205705.1;GCA_964205715.1;GCA_964205725.1;GCA_964205745.1;GCA_964205785.1;GCA_964205825.1;GCA_964205855.1;GCA_964205925.1;GCA_964205975.1;GCA_964206005.1;GCA_964206025.1;GCA_964206045.1;GCA_964206185.1;GCA_964206375.1;GCA_964206405.1;GCA_964206415.1;GCA_964206505.1;GCA_964206535.1;GCA_964206575.1;GCA_964206585.1;GCA_964206605.1;GCA_966555405.1;GCA_966555485.1;GCA_966572575.1;GCA_966573225.1;GCA_966576395.1;GCA_969779115.1;GCA_972176215.1;GCA_972176395.1
IncFII_1,PLASMIDFINDER,98,0,GCA_009720065.1;GCA_018972245.1;GCA_022968555.1;GCA_037047365.1;GCA_037047925.1;GCA_037049825.1;GCA_040415435.1;GCA_040415445.1;GCA_040415535.1;GCA_040415585.1;GCA_040415665.1;GCA_040415795.1;GCA_040415855.1;GCA_040415955.1;GCA_040416105.1;GCA_040416195.1;GCA_040416215.1;GCA_040416295.1;GCA_040416395.1;GCA_040416405.1;GCA_040416435.1;GCA_040416495.1;GCA_040416565.1;GCA_040416595.1;GCA_040416615.1;GCA_040416625.1;GCA_040416635.1;GCA_040416705.1;GCA_040416865.1;GCA_040416975.1;GCA_040417035.1;GCA_040417055.1;GCA_040417135.1;GCA_040417305.1;GCA_040417445.1;GCA_040417525.1;GCA_040417585.1;GCA_040417625.1;GCA_040417685.1;GCA_040417785.1;GCA_040417825.1;GCA_040417845.1;GCA_040417875.1;GCA_040417905.1;GCA_040417925.1;GCA_040417945.1;GCA_040417965.1;GCA_040417985.1;GCA_040418125.1;GCA_040418145.1;GCA_040418265.1;GCA_040418305.1;GCA_040418325.1;GCA_040418505.1;GCA_040418525.1;GCA_040418545.1;GCA_040418565.1;GCA_040418605.1;GCA_040418625.1;GCA_040418645.1;GCA_040418685.1;GCA_040418725.1;GCA_040418745.1;GCA_040418755.1;GCA_040418805.1;GCA_040418825.1;GCA_040418845.1;GCA_040418885.1;GCA_040418915.1;GCA_040418945.1;GCA_040418965.1;GCA_040418985.1;GCA_040419005.1;GCA_040419085.1;GCA_040419125.1;GCA_040419165.1;GCA_040419185.1;GCA_040507365.1;GCA_040712345.1;GCA_040712435.1;GCA_040712505.1;GCA_040713295.1;GCA_040716695.1;GCA_050112895.1;GCA_050112975.1;GCA_050113055.1;GCA_050113115.1;GCA_050113155.1;GCA_050113175.1;GCA_050113195.1;GCA_907163735.1;GCA_907163915.1;GCA_964006055.1;GCA_964006755.1;GCA_964205355.1;GCA_964205525.1;GCA_964205995.1;GCA_964206225.1
IncX3_1,PLASMIDFINDER,93,0,GCA_037048165.1;GCA_040415435.1;GCA_040415445.1;GCA_040415455.1;GCA_040415535.1;GCA_040415585.1;GCA_040415665.1;GCA_040415685.1;GCA_040415795.1;GCA_040415855.1;GCA_040415975.1;GCA_040416045.1;GCA_040416095.1;GCA_040416105.1;GCA_040416135.1;GCA_040416195.1;GCA_040416205.1;GCA_040416295.1;GCA_040416335.1;GCA_040416355.1;GCA_040416405.1;GCA_040416435.1;GCA_040416495.1;GCA_040416525.1;GCA_040416565.1;GCA_040416595.1;GCA_040416615.1;GCA_040416625.1;GCA_040416635.1;GCA_040416705.1;GCA_040416815.1;GCA_040416845.1;GCA_040416865.1;GCA_040416885.1;GCA_040416975.1;GCA_040417035.1;GCA_040417055.1;GCA_040417135.1;GCA_040417305.1;GCA_040417385.1;GCA_040417455.1;GCA_040417585.1;GCA_040417625.1;GCA_040417685.1;GCA_040417725.1;GCA_040417785.1;GCA_040417825.1;GCA_040417845.1;GCA_040417875.1;GCA_040417905.1;GCA_040417945.1;GCA_040417965.1;GCA_040418105.1;GCA_040418125.1;GCA_040418145.1;GCA_040418265.1;GCA_040418305.1;GCA_040418325.1;GCA_040418405.1;GCA_040418505.1;GCA_040418545.1;GCA_040418565.1;GCA_040418605.1;GCA_040418625.1;GCA_040418645.1;GCA_040418685.1;GCA_040418745.1;GCA_040418755.1;GCA_040418805.1;GCA_040418845.1;GCA_040418885.1;GCA_040418915.1;GCA_040418945.1;GCA_040418965.1;GCA_040418985.1;GCA_040419005.1;GCA_040419025.1;GCA_040419085.1;GCA_040419125.1;GCA_040419165.1;GCA_040419185.1;GCA_040507365.1;GCA_040712335.1;GCA_050112895.1;GCA_050112935.1;GCA_050112975.1;GCA_050113055.1;GCA_050113115.1;GCA_050113135.1;GCA_050113155.1;GCA_050113175.1;GCA_050113195.1;GCA_052072855.1
ColpVC_1,PLASMIDFINDER,83,0,GCA_037048105.1;GCA_037048185.1;GCA_040415435.1;GCA_040415445.1;GCA_040415535.1;GCA_040415585.1;GCA_040415665.1;GCA_040415795.1;GCA_040415855.1;GCA_040415905.1;GCA_040415955.1;GCA_040415995.1;GCA_040416105.1;GCA_040416195.1;GCA_040416215.1;GCA_040416295.1;GCA_040416395.1;GCA_040416405.1;GCA_040416435.1;GCA_040416475.1;GCA_040416495.1;GCA_040416525.1;GCA_040416565.1;GCA_040416595.1;GCA_040416615.1;GCA_040416625.1;GCA_040416635.1;GCA_040416705.1;GCA_040416815.1;GCA_040416845.1;GCA_040416865.1;GCA_040416885.1;GCA_040416975.1;GCA_040417035.1;GCA_040417055.1;GCA_040417135.1;GCA_040417305.1;GCA_040417455.1;GCA_040417525.1;GCA_040417585.1;GCA_040417685.1;GCA_040417785.1;GCA_040417845.1;GCA_040417875.1;GCA_040417905.1;GCA_040417925.1;GCA_040417945.1;GCA_040417985.1;GCA_040418125.1;GCA_040418305.1;GCA_040418405.1;GCA_040418505.1;GCA_040418545.1;GCA_040418565.1;GCA_040418605.1;GCA_040418625.1;GCA_040418645.1;GCA_040418685.1;GCA_040418725.1;GCA_040418745.1;GCA_040418755.1;GCA_040418825.1;GCA_040418845.1;GCA_040418885.1;GCA_040418915.1;GCA_040418945.1;GCA_040418965.1;GCA_040418985.1;GCA_040419005.1;GCA_040419085.1;GCA_040419105.1;GCA_040419125.1;GCA_040419165.1;GCA_040419185.1;GCA_040507365.1;GCA_040713295.1;GCA_050112895.1;GCA_050112975.1;GCA_050113055.1;GCA_050113115.1;GCA_050113155.1;GCA_050113195.1;GCA_968938235.1
IncY_1,PLASMIDFINDER,57,0,GCA_009793215.1;GCA_009793445.1;GCA_009793505.1;GCA_009793615.1;GCA_009793635.1;GCA_009793645.1;GCA_009793665.1;GCA_009795575.1;GCA_009795595.1;GCA_009795645.1;GCA_009824195.1;GCA_009824335.1;GCA_009824425.1;GCA_009824475.1;GCA_009824555.1;GCA_009824615.1;GCA_009824745.1;GCA_009825065.1;GCA_009825195.1;GCA_009900075.1;GCA_009901145.1;GCA_009901165.1;GCA_011317875.1;GCA_011317975.1;GCA_011763135.1;GCA_030024825.1;GCA_030520165.1;GCA_037047365.1;GCA_037048105.1;GCA_037048185.1;GCA_037048925.1;GCA_040712335.1;GCA_040712345.1;GCA_040712355.1;GCA_040712505.1;GCA_052072795.1;GCA_052072855.1;GCA_964006015.1;GCA_964006105.1;GCA_964006395.1;GCA_964006555.1;GCA_964006685.1;GCA_964006795.1;GCA_964006855.1;GCA_964006915.1;GCA_964007025.1;GCA_964007035.1;GCA_964007055.1;GCA_964007215.1;GCA_964205435.1;GCA_964205455.1;GCA_964206225.1;GCA_964206255.1;GCA_964206275.1;GCA_964206375.1;GCA_964206545.1;GCA_970664135.1
IncN4_1,PLASMIDFINDER,30,0,GCA_037049765.1;GCA_964006315.1;GCA_964006355.1;GCA_964006405.1;GCA_964006475.1;GCA_964006865.1;GCA_964006995.1;GCA_964007035.1;GCA_964007255.1;GCA_964007285.1;GCA_964007295.1;GCA_964007355.1;GCA_964205365.1;GCA_964205425.1;GCA_964205495.1;GCA_964205505.1;GCA_964205545.1;GCA_964205555.1;GCA_964205565.1;GCA_964205595.1;GCA_964205635.1;GCA_964205675.1;GCA_964205705.1;GCA_964205715.1;GCA_964205785.1;GCA_964205825.1;GCA_964205855.1;GCA_964205925.1;GCA_964206025.1;GCA_964206255.1
IncFII(29)_1_pUTI89,PLASMIDFINDER,18,0,GCA_000713235.1;GCA_018972205.1;GCA_037047235.1;GCA_037049325.1;GCA_964006015.1;GCA_964006105.1;GCA_964006175.1;GCA_964006725.1;GCA_964006795.1;GCA_964006875.1;GCA_964007005.1;GCA_964205905.1;GCA_964206175.1;GCA_964206355.1;GCA_964206545.1;GCA_964206565.1;GCA_969779115.1;GCA_970664135.1
IncFIB(H89-PhagePlasmid)_1,PLASMIDFINDER,15,0,GCA_037047235.1;GCA_037047485.1;GCA_037048925.1;GCA_037048945.1;GCA_037049005.1;GCA_907163735.1;GCA_907163915.1;GCA_964006025.1;GCA_964006965.1;GCA_964205485.1;GCA_964205585.1;GCA_964205745.1;GCA_964205945.1;GCA_964205975.1;GCA_964206525.1
ColpEC648,PLASMIDFINDER,13,0,GCA_019355495.1;GCA_037047525.1;GCA_037048405.1;GCA_037048925.1;GCA_037049005.1;GCA_040417035.1;GCA_040417135.1;GCA_964006505.1;GCA_964007175.1;GCA_964205435.1;GCA_964205485.1;GCA_964205975.1;GCA_964206275.1
Col440I_1,PLASMIDFINDER,11,0,GCA_009901185.1;GCA_037047245.1;GCA_040416595.1;GCA_040416915.1;GCA_040417095.1;GCA_040417765.1;GCA_040418625.1;GCA_040712345.1;GCA_040712355.1;GCA_040712465.1;GCA_040712505.1
IncX1_1,PLASMIDFINDER,9,0,GCA_037048165.1;GCA_037048425.1;GCA_037048485.1;GCA_037048925.1;GCA_037049005.1;GCA_040713875.1;GCA_964006175.1;GCA_964006395.1;GCA_964206275.1
IncB/O/K/Z_2,PLASMIDFINDER,9,0,GCA_037047155.1;GCA_037047365.1;GCA_040712335.1;GCA_049379945.1;GCA_053164725.1;GCA_966564195.1;GCA_966565785.1;GCA_966591305.1;GCA_968938235.1
IncFII(pAMA1167-NDM-5)_1_pAMA1167-NDM-5,PLASMIDFINDER,8,0,GCA_025630975.1;GCA_037049325.1;GCA_037049385.1;GCA_964007265.1;GCA_964007295.1;GCA_964205875.1;GCA_964206275.1;GCA_964206385.1
IncB/O/K/Z_1,PLASMIDFINDER,8,0,GCA_966518725.1;GCA_966562775.1;GCA_966564195.1;GCA_966565785.1;GCA_966570365.1;GCA_966573385.1;GCA_966591305.1;GCA_968938235.1
Col(MP18)_1,PLASMIDFINDER,8,0,GCA_966518725.1;GCA_966562775.1;GCA_966564195.1;GCA_966565785.1;GCA_966570365.1;GCA_966573385.1;GCA_966591305.1;GCA_968938235.1
Col(IRGK)_1,PLASMIDFINDER,7,0,GCA_040415575.1;GCA_040417765.1;GCA_040418025.1;GCA_040418225.1;GCA_040418585.1;GCA_040419065.1;GCA_040419145.1
Col440II_1,PLASMIDFINDER,6,0,GCA_037048925.1;GCA_037049005.1;GCA_052072855.1;GCA_964006055.1;GCA_964006755.1;GCA_964206225.1
IncX10_1,PLASMIDFINDER,5,0,GCA_037048425.1;GCA_037048485.1;GCA_964006175.1;GCA_964006395.1;GCA_964206275.1
IncX4_2,PLASMIDFINDER,5,0,GCA_037047525.1;GCA_037048105.1;GCA_037048185.1;GCA_964006205.1;GCA_964006655.1
IncX1_4,PLASMIDFINDER,5,0,GCA_040712345.1;GCA_040712355.1;GCA_040712435.1;GCA_040712465.1;GCA_040712505.1
IncFII(pCoo)_1_pCoo,PLASMIDFINDER,5,0,GCA_009793945.1;GCA_009824745.1;GCA_011763315.1;GCA_049380025.1;GCA_964206275.1
IncI_Gamma_1,PLASMIDFINDER,5,0,GCA_030520165.1;GCA_052072695.1;GCA_964205435.1;GCA_964205745.1;GCA_966652735.1
IncFIA(HI1)_1_HI1,PLASMIDFINDER,5,0,GCA_009824205.1;GCA_009901185.1;GCA_040417585.1;GCA_040713755.1;GCA_907163995.1
p0111_1,PLASMIDFINDER,5,0,GCA_011763075.1;GCA_011763275.1;GCA_040712435.1;GCA_040712465.1;GCA_040713295.1
IncHI1B(R27)_1_R27,PLASMIDFINDER,4,0,GCA_040417585.1;GCA_040713755.1;GCA_040713795.1;GCA_040713875.1
IncHI1A_1,PLASMIDFINDER,4,0,GCA_040417585.1;GCA_040713755.1;GCA_040713795.1;GCA_040713875.1
IncFIB(Mar)_1_pNDM-Mar,PLASMIDFINDER,4,0,GCA_907163485.1;GCA_907163495.1;GCA_907163665.1;GCA_907163715.1
RepB_1_pC39,PLASMIDFINDER,4,0,GCA_907163485.1;GCA_907163495.1;GCA_907163665.1;GCA_907163715.1
Col(IMGS31)_1,PLASMIDFINDER,4,0,GCA_907163485.1;GCA_907163495.1;GCA_907163665.1;GCA_907163715.1
IncL/M(pOXA-48)_1_pOXA-48,PLASMIDFINDER,4,0,GCA_040416845.1;GCA_040417055.1;GCA_964205355.1;GCA_964205385.1
IncN_1,PLASMIDFINDER,3,0,GCA_037047805.1;GCA_037048925.1;GCA_037049005.1
IncHI2_1,PLASMIDFINDER,3,0,GCA_009825065.1;GCA_040716695.1;GCA_907163995.1
RepA_1_pKPC-CAV1321,PLASMIDFINDER,3,0,GCA_009825065.1;GCA_040716695.1;GCA_907163995.1
IncHI2A_1,PLASMIDFINDER,3,0,GCA_009825065.1;GCA_040716695.1;GCA_907163995.1
IncP1_3,PLASMIDFINDER,2,0,GCA_964006655.1;GCA_964206275.1
IncFIB(pB171)_1_pB171,PLASMIDFINDER,2,0,GCA_018972265.1;GCA_964006685.1
IncB/O/K/Z_4,PLASMIDFINDER,2,0,GCA_037048165.1;GCA_040716695.1
IncI2_1_Delta,PLASMIDFINDER,2,0,GCA_964205585.1;GCA_964205745.1
IncFII(pHN7A8)_1_pHN7A8,PLASMIDFINDER,2,0,GCA_964006905.1;GCA_964205435.1
IncFII(pEH01)_1,PLASMIDFINDER,2,0,GCA_964006905.1;GCA_964205435.1
IncR_1,PLASMIDFINDER,2,0,GCA_009824205.1;GCA_907163995.1
IncX4_1,PLASMIDFINDER,2,0,GCA_964006015.1;GCA_964006965.1
IncFIB(K)_1_Kpn3,PLASMIDFINDER,2,0,GCA_009901185.1;GCA_024330145.2
Col8282_1,PLASMIDFINDER,2,0,GCA_040417625.1;GCA_050113135.1
IncB/O/K/Z_3,PLASMIDFINDER,2,0,GCA_037048805.1;GCA_964006445.1
repUS43_1_CDS12738(DOp1),PLASMIDFINDER,1,0,GCA_964006655.1
rep9a_1_repA(pAD1),PLASMIDFINDER,1,0,GCA_964006655.1
rep7a_17_CDS4(pS194),PLASMIDFINDER,1,0,GCA_964006655.1
ColE10_1,PLASMIDFINDER,1,0,GCA_969779115.1
IncFIB(pHCM2)_1_pHCM2,PLASMIDFINDER,1,0,GCA_964205905.1
IncI2_1,PLASMIDFINDER,1,0,GCA_966572575.1
IncFII(pSE11)_1_pSE11,PLASMIDFINDER,1,0,GCA_049379845.1
IncA/C2_1,PLASMIDFINDER,1,0,GCA_040712335.1
rep21_9_rep(pKH12),PLASMIDFINDER,1,0,GCA_030024465.1
IncQ1_1,PLASMIDFINDER,1,0,GCA_009900645.1
rep14a_1_CDS2(pEFNP1),PLASMIDFINDER,1,0,GCA_050955345.1
rep14a_4_rep(AUS0004p3),PLASMIDFINDER,1,0,GCA_050955345.1
rep14b_4_EMQU3221(pQY003),PLASMIDFINDER,1,0,GCA_050955345.1
wzt-Onovel32,ECOH,203,0,GCA_009825265.1;GCA_022968555.1;GCA_024700835.2;GCA_025630975.1;GCA_030520165.1;GCA_037047805.1;GCA_037048165.1;GCA_037048925.1;GCA_037049005.1;GCA_037049325.1;GCA_037049365.1;GCA_037049385.1;GCA_040415435.1;GCA_040415445.1;GCA_040415455.1;GCA_040415465.1;GCA_040415475.1;GCA_040415535.1;GCA_040415565.1;GCA_040415575.1;GCA_040415585.1;GCA_040415655.1;GCA_040415665.1;GCA_040415675.1;GCA_040415685.1;GCA_040415755.1;GCA_040415795.1;GCA_040415805.1;GCA_040415815.1;GCA_040415855.1;GCA_040415875.1;GCA_040415905.1;GCA_040415915.1;GCA_040415955.1;GCA_040415975.1;GCA_040415995.1;GCA_040416005.1;GCA_040416035.1;GCA_040416045.1;GCA_040416095.1;GCA_040416105.1;GCA_040416135.1;GCA_040416195.1;GCA_040416205.1;GCA_040416215.1;GCA_040416265.1;GCA_040416295.1;GCA_040416335.1;GCA_040416355.1;GCA_040416375.1;GCA_040416395.1;GCA_040416405.1;GCA_040416415.1;GCA_040416435.1;GCA_040416475.1;GCA_040416495.1;GCA_040416505.1;GCA_040416515.1;GCA_040416525.1;GCA_040416565.1;GCA_040416595.1;GCA_040416615.1;GCA_040416625.1;GCA_040416635.1;GCA_040416695.1;GCA_040416705.1;GCA_040416775.1;GCA_040416795.1;GCA_040416815.1;GCA_040416845.1;GCA_040416865.1;GCA_040416885.1;GCA_040416915.1;GCA_040416955.1;GCA_040416975.1;GCA_040416995.1;GCA_040417015.1;GCA_040417035.1;GCA_040417055.1;GCA_040417095.1;GCA_040417135.1;GCA_040417175.1;GCA_040417195.1;GCA_040417215.1;GCA_040417235.1;GCA_040417305.1;GCA_040417335.1;GCA_040417365.1;GCA_040417385.1;GCA_040417405.1;GCA_040417445.1;GCA_040417455.1;GCA_040417485.1;GCA_040417525.1;GCA_040417585.1;GCA_040417625.1;GCA_040417645.1;GCA_040417665.1;GCA_040417685.1;GCA_040417725.1;GCA_040417745.1;GCA_040417765.1;GCA_040417785.1;GCA_040417825.1;GCA_040417845.1;GCA_040417865.1;GCA_040417875.1;GCA_040417905.1;GCA_040417925.1;GCA_040417945.1;GCA_040417965.1;GCA_040417985.1;GCA_040418025.1;GCA_040418105.1;GCA_040418125.1;GCA_040418145.1;GCA_040418205.1;GCA_040418225.1;GCA_040418245.1;GCA_040418265.1;GCA_040418305.1;GCA_040418325.1;GCA_040418385.1;GCA_040418405.1;GCA_040418485.1;GCA_040418505.1;GCA_040418525.1;GCA_040418545.1;GCA_040418565.1;GCA_040418585.1;GCA_040418605.1;GCA_040418625.1;GCA_040418645.1;GCA_040418685.1;GCA_040418705.1;GCA_040418725.1;GCA_040418745.1;GCA_040418755.1;GCA_040418805.1;GCA_040418825.1;GCA_040418845.1;GCA_040418885.1;GCA_040418905.1;GCA_040418915.1;GCA_040418945.1;GCA_040418965.1;GCA_040418985.1;GCA_040419005.1;GCA_040419025.1;GCA_040419045.1;GCA_040419065.1;GCA_040419085.1;GCA_040419105.1;GCA_040419125.1;GCA_040419145.1;GCA_040419165.1;GCA_040419185.1;GCA_040419205.1;GCA_040507325.1;GCA_040507365.1;GCA_040712335.1;GCA_040712355.1;GCA_040712465.1;GCA_040712505.1;GCA_049546825.1;GCA_050112895.1;GCA_050112935.1;GCA_050112975.1;GCA_050113015.1;GCA_050113055.1;GCA_050113075.1;GCA_050113115.1;GCA_050113135.1;GCA_050113155.1;GCA_050113175.1;GCA_050113195.1;GCA_050955345.1;GCA_052072695.1;GCA_052072795.1;GCA_052072855.1;GCA_052072985.1;GCA_907163365.1;GCA_907163485.1;GCA_907163495.1;GCA_907163665.1;GCA_907163715.1;GCA_964006655.1;GCA_964007015.1;GCA_964007195.1;GCA_964007265.1;GCA_964007295.1;GCA_964205355.1;GCA_964205375.1;GCA_964205385.1;GCA_964205875.1;GCA_964206105.1;GCA_964206265.1;GCA_964206275.1;GCA_964206385.1;GCA_966555485.1;GCA_966573225.1;GCA_966576395.1;GCA_966652735.1
wzm-Onovel32,ECOH,202,0,GCA_009825265.1;GCA_022968555.1;GCA_024700835.2;GCA_025630975.1;GCA_030520165.1;GCA_037047805.1;GCA_037048165.1;GCA_037048925.1;GCA_037049005.1;GCA_037049325.1;GCA_037049365.1;GCA_037049385.1;GCA_040415435.1;GCA_040415445.1;GCA_040415455.1;GCA_040415465.1;GCA_040415475.1;GCA_040415535.1;GCA_040415565.1;GCA_040415575.1;GCA_040415585.1;GCA_040415655.1;GCA_040415665.1;GCA_040415675.1;GCA_040415685.1;GCA_040415755.1;GCA_040415795.1;GCA_040415805.1;GCA_040415815.1;GCA_040415855.1;GCA_040415875.1;GCA_040415905.1;GCA_040415915.1;GCA_040415955.1;GCA_040415975.1;GCA_040415995.1;GCA_040416005.1;GCA_040416035.1;GCA_040416045.1;GCA_040416095.1;GCA_040416105.1;GCA_040416135.1;GCA_040416195.1;GCA_040416205.1;GCA_040416215.1;GCA_040416265.1;GCA_040416295.1;GCA_040416335.1;GCA_040416355.1;GCA_040416375.1;GCA_040416395.1;GCA_040416405.1;GCA_040416415.1;GCA_040416435.1;GCA_040416475.1;GCA_040416495.1;GCA_040416505.1;GCA_040416515.1;GCA_040416525.1;GCA_040416565.1;GCA_040416595.1;GCA_040416615.1;GCA_040416625.1;GCA_040416635.1;GCA_040416695.1;GCA_040416705.1;GCA_040416775.1;GCA_040416795.1;GCA_040416815.1;GCA_040416845.1;GCA_040416865.1;GCA_040416885.1;GCA_040416915.1;GCA_040416955.1;GCA_040416975.1;GCA_040416995.1;GCA_040417015.1;GCA_040417035.1;GCA_040417055.1;GCA_040417095.1;GCA_040417135.1;GCA_040417175.1;GCA_040417195.1;GCA_040417215.1;GCA_040417235.1;GCA_040417305.1;GCA_040417335.1;GCA_040417365.1;GCA_040417385.1;GCA_040417405.1;GCA_040417445.1;GCA_040417455.1;GCA_040417485.1;GCA_040417525.1;GCA_040417585.1;GCA_040417625.1;GCA_040417645.1;GCA_040417665.1;GCA_040417685.1;GCA_040417725.1;GCA_040417745.1;GCA_040417765.1;GCA_040417785.1;GCA_040417825.1;GCA_040417845.1;GCA_040417865.1;GCA_040417875.1;GCA_040417905.1;GCA_040417925.1;GCA_040417945.1;GCA_040417965.1;GCA_040417985.1;GCA_040418025.1;GCA_040418105.1;GCA_040418125.1;GCA_040418145.1;GCA_040418205.1;GCA_040418225.1;GCA_040418245.1;GCA_040418265.1;GCA_040418305.1;GCA_040418325.1;GCA_040418385.1;GCA_040418405.1;GCA_040418485.1;GCA_040418505.1;GCA_040418525.1;GCA_040418545.1;GCA_040418565.1;GCA_040418585.1;GCA_040418605.1;GCA_040418625.1;GCA_040418645.1;GCA_040418685.1;GCA_040418705.1;GCA_040418725.1;GCA_040418745.1;GCA_040418755.1;GCA_040418805.1;GCA_040418825.1;GCA_040418845.1;GCA_040418885.1;GCA_040418905.1;GCA_040418915.1;GCA_040418945.1;GCA_040418965.1;GCA_040418985.1;GCA_040419005.1;GCA_040419025.1;GCA_040419045.1;GCA_040419065.1;GCA_040419085.1;GCA_040419105.1;GCA_040419125.1;GCA_040419145.1;GCA_040419165.1;GCA_040419185.1;GCA_040419205.1;GCA_040507325.1;GCA_040507365.1;GCA_040712335.1;GCA_040712355.1;GCA_040712465.1;GCA_040712505.1;GCA_049546825.1;GCA_050112895.1;GCA_050112935.1;GCA_050112975.1;GCA_050113015.1;GCA_050113055.1;GCA_050113075.1;GCA_050113115.1;GCA_050113135.1;GCA_050113155.1;GCA_050113175.1;GCA_050113195.1;GCA_050955345.1;GCA_052072695.1;GCA_052072795.1;GCA_052072855.1;GCA_052072985.1;GCA_907163365.1;GCA_907163485.1;GCA_907163495.1;GCA_907163665.1;GCA_907163715.1;GCA_964006655.1;GCA_964007015.1;GCA_964007195.1;GCA_964007265.1;GCA_964007295.1;GCA_964205355.1;GCA_964205375.1;GCA_964205385.1;GCA_964205875.1;GCA_964206105.1;GCA_964206265.1;GCA_964206275.1;GCA_964206385.1;GCA_966555485.1;GCA_966576395.1;GCA_966652735.1
fliC-H4,ECOH,168,0,GCA_009720065.1;GCA_009793215.1;GCA_009793445.1;GCA_009793505.1;GCA_009793615.1;GCA_009793635.1;GCA_009793645.1;GCA_009793665.1;GCA_009795575.1;GCA_009795595.1;GCA_009795645.1;GCA_009824215.1;GCA_009824295.1;GCA_009824835.1;GCA_009900285.1;GCA_009901125.1;GCA_011763135.1;GCA_011763295.1;GCA_018972205.1;GCA_018972225.1;GCA_018972245.1;GCA_018972265.1;GCA_019355495.1;GCA_037046935.1;GCA_037047175.1;GCA_037047245.1;GCA_037047345.1;GCA_037047365.1;GCA_037047525.1;GCA_037047645.1;GCA_037047685.1;GCA_037047825.1;GCA_037047925.1;GCA_037048105.1;GCA_037048185.1;GCA_037048265.1;GCA_037048405.1;GCA_037048425.1;GCA_037048485.1;GCA_037048805.1;GCA_037049045.1;GCA_037049065.1;GCA_037049145.1;GCA_037049305.1;GCA_037049765.1;GCA_037049825.1;GCA_040415455.1;GCA_040415685.1;GCA_040415975.1;GCA_040416045.1;GCA_040416095.1;GCA_040416135.1;GCA_040416205.1;GCA_040416335.1;GCA_040416355.1;GCA_040417385.1;GCA_040417725.1;GCA_040418105.1;GCA_040419025.1;GCA_040713425.1;GCA_040716695.1;GCA_050112935.1;GCA_050113135.1;GCA_907163515.1;GCA_907163575.1;GCA_907163605.1;GCA_907163625.1;GCA_907163635.1;GCA_907163705.1;GCA_907163735.1;GCA_907163765.1;GCA_907163805.1;GCA_907163815.1;GCA_907163825.1;GCA_907163915.1;GCA_907164245.1;GCA_907164365.1;GCA_907164375.1;GCA_964006025.1;GCA_964006055.1;GCA_964006175.1;GCA_964006185.1;GCA_964006205.1;GCA_964006225.1;GCA_964006265.1;GCA_964006295.1;GCA_964006315.1;GCA_964006325.1;GCA_964006355.1;GCA_964006385.1;GCA_964006395.1;GCA_964006405.1;GCA_964006435.1;GCA_964006445.1;GCA_964006475.1;GCA_964006505.1;GCA_964006545.1;GCA_964006615.1;GCA_964006675.1;GCA_964006755.1;GCA_964006855.1;GCA_964006865.1;GCA_964006905.1;GCA_964006915.1;GCA_964006945.1;GCA_964006965.1;GCA_964006995.1;GCA_964007025.1;GCA_964007035.1;GCA_964007055.1;GCA_964007175.1;GCA_964007215.1;GCA_964007255.1;GCA_964007285.1;GCA_964007355.1;GCA_964007395.1;GCA_964205365.1;GCA_964205375.1;GCA_964205425.1;GCA_964205435.1;GCA_964205485.1;GCA_964205495.1;GCA_964205505.1;GCA_964205525.1;GCA_964205545.1;GCA_964205555.1;GCA_964205565.1;GCA_964205595.1;GCA_964205635.1;GCA_964205655.1;GCA_964205675.1;GCA_964205705.1;GCA_964205715.1;GCA_964205725.1;GCA_964205785.1;GCA_964205825.1;GCA_964205855.1;GCA_964205905.1;GCA_964205925.1;GCA_964205945.1;GCA_964205975.1;GCA_964205995.1;GCA_964206025.1;GCA_964206045.1;GCA_964206105.1;GCA_964206185.1;GCA_964206225.1;GCA_964206255.1;GCA_964206415.1;GCA_964206505.1;GCA_964206525.1;GCA_964206535.1;GCA_964206575.1;GCA_964206585.1;GCA_964206605.1;GCA_966502205.1;GCA_966512345.1;GCA_966555405.1;GCA_966555485.1;GCA_966556535.1;GCA_966562275.1;GCA_966564195.1;GCA_966565785.1;GCA_966572575.1;GCA_966573225.1;GCA_966576395.1;GCA_966591305.1;GCA_972176215.1
wzx-O25,ECOH,119,0,GCA_009720065.1;GCA_018972205.1;GCA_018972225.1;GCA_018972245.1;GCA_018972265.1;GCA_019355495.1;GCA_037046935.1;GCA_037047175.1;GCA_037047245.1;GCA_037047345.1;GCA_037047525.1;GCA_037047645.1;GCA_037047685.1;GCA_037047825.1;GCA_037047925.1;GCA_037048105.1;GCA_037048185.1;GCA_037048265.1;GCA_037048405.1;GCA_037048425.1;GCA_037048485.1;GCA_037049045.1;GCA_037049065.1;GCA_037049145.1;GCA_037049305.1;GCA_037049765.1;GCA_037049825.1;GCA_040713425.1;GCA_040716695.1;GCA_907163515.1;GCA_907163575.1;GCA_907163605.1;GCA_907163625.1;GCA_907163635.1;GCA_907163705.1;GCA_907163735.1;GCA_907163765.1;GCA_907163805.1;GCA_907163815.1;GCA_907163825.1;GCA_907163915.1;GCA_907164245.1;GCA_907164365.1;GCA_907164375.1;GCA_964006025.1;GCA_964006055.1;GCA_964006175.1;GCA_964006185.1;GCA_964006205.1;GCA_964006225.1;GCA_964006265.1;GCA_964006295.1;GCA_964006315.1;GCA_964006325.1;GCA_964006355.1;GCA_964006385.1;GCA_964006395.1;GCA_964006405.1;GCA_964006475.1;GCA_964006505.1;GCA_964006545.1;GCA_964006615.1;GCA_964006675.1;GCA_964006755.1;GCA_964006855.1;GCA_964006865.1;GCA_964006905.1;GCA_964006915.1;GCA_964006945.1;GCA_964006965.1;GCA_964006995.1;GCA_964007025.1;GCA_964007035.1;GCA_964007055.1;GCA_964007175.1;GCA_964007215.1;GCA_964007255.1;GCA_964007285.1;GCA_964007355.1;GCA_964007395.1;GCA_964205365.1;GCA_964205425.1;GCA_964205435.1;GCA_964205485.1;GCA_964205495.1;GCA_964205505.1;GCA_964205525.1;GCA_964205545.1;GCA_964205555.1;GCA_964205565.1;GCA_964205595.1;GCA_964205635.1;GCA_964205655.1;GCA_964205675.1;GCA_964205705.1;GCA_964205715.1;GCA_964205725.1;GCA_964205785.1;GCA_964205825.1;GCA_964205855.1;GCA_964205925.1;GCA_964205945.1;GCA_964205975.1;GCA_964205995.1;GCA_964206025.1;GCA_964206045.1;GCA_964206185.1;GCA_964206225.1;GCA_964206255.1;GCA_964206415.1;GCA_964206505.1;GCA_964206525.1;GCA_964206535.1;GCA_964206575.1;GCA_964206585.1;GCA_964206605.1;GCA_966502205.1;GCA_966555405.1;GCA_972176215.1
wzy-O25,ECOH,118,0,GCA_009720065.1;GCA_018972205.1;GCA_018972225.1;GCA_018972245.1;GCA_018972265.1;GCA_019355495.1;GCA_037046935.1;GCA_037047175.1;GCA_037047245.1;GCA_037047345.1;GCA_037047525.1;GCA_037047645.1;GCA_037047685.1;GCA_037047825.1;GCA_037047925.1;GCA_037048105.1;GCA_037048185.1;GCA_037048265.1;GCA_037048405.1;GCA_037048425.1;GCA_037048485.1;GCA_037049045.1;GCA_037049065.1;GCA_037049145.1;GCA_037049305.1;GCA_037049765.1;GCA_037049825.1;GCA_040713425.1;GCA_040716695.1;GCA_907163515.1;GCA_907163575.1;GCA_907163605.1;GCA_907163625.1;GCA_907163635.1;GCA_907163705.1;GCA_907163735.1;GCA_907163765.1;GCA_907163805.1;GCA_907163815.1;GCA_907163825.1;GCA_907163915.1;GCA_907164245.1;GCA_907164365.1;GCA_907164375.1;GCA_964006025.1;GCA_964006055.1;GCA_964006175.1;GCA_964006185.1;GCA_964006225.1;GCA_964006265.1;GCA_964006295.1;GCA_964006315.1;GCA_964006325.1;GCA_964006355.1;GCA_964006385.1;GCA_964006395.1;GCA_964006405.1;GCA_964006475.1;GCA_964006505.1;GCA_964006545.1;GCA_964006615.1;GCA_964006675.1;GCA_964006755.1;GCA_964006855.1;GCA_964006865.1;GCA_964006905.1;GCA_964006915.1;GCA_964006945.1;GCA_964006965.1;GCA_964006995.1;GCA_964007025.1;GCA_964007035.1;GCA_964007055.1;GCA_964007175.1;GCA_964007215.1;GCA_964007255.1;GCA_964007285.1;GCA_964007355.1;GCA_964007395.1;GCA_964205365.1;GCA_964205425.1;GCA_964205435.1;GCA_964205485.1;GCA_964205495.1;GCA_964205505.1;GCA_964205525.1;GCA_964205545.1;GCA_964205555.1;GCA_964205565.1;GCA_964205595.1;GCA_964205635.1;GCA_964205655.1;GCA_964205675.1;GCA_964205705.1;GCA_964205715.1;GCA_964205725.1;GCA_964205785.1;GCA_964205825.1;GCA_964205855.1;GCA_964205925.1;GCA_964205945.1;GCA_964205975.1;GCA_964205995.1;GCA_964206025.1;GCA_964206045.1;GCA_964206185.1;GCA_964206225.1;GCA_964206255.1;GCA_964206415.1;GCA_964206505.1;GCA_964206525.1;GCA_964206535.1;GCA_964206575.1;GCA_964206585.1;GCA_964206605.1;GCA_966502205.1;GCA_966555405.1;GCA_972176215.1
fliC-H9,ECOH,103,0,GCA_009824615.1;GCA_009824745.1;GCA_009825065.1;GCA_009900425.1;GCA_009901145.1;GCA_009901165.1;GCA_011317875.1;GCA_011317975.1;GCA_024700835.2;GCA_030024825.1;GCA_030520165.1;GCA_037049365.1;GCA_040415435.1;GCA_040415445.1;GCA_040415535.1;GCA_040415585.1;GCA_040415665.1;GCA_040415795.1;GCA_040415855.1;GCA_040415955.1;GCA_040416105.1;GCA_040416195.1;GCA_040416215.1;GCA_040416295.1;GCA_040416395.1;GCA_040416405.1;GCA_040416435.1;GCA_040416475.1;GCA_040416495.1;GCA_040416525.1;GCA_040416565.1;GCA_040416595.1;GCA_040416615.1;GCA_040416625.1;GCA_040416635.1;GCA_040416705.1;GCA_040416815.1;GCA_040416845.1;GCA_040416865.1;GCA_040416885.1;GCA_040416975.1;GCA_040417035.1;GCA_040417055.1;GCA_040417135.1;GCA_040417305.1;GCA_040417445.1;GCA_040417455.1;GCA_040417525.1;GCA_040417585.1;GCA_040417625.1;GCA_040417685.1;GCA_040417785.1;GCA_040417825.1;GCA_040417845.1;GCA_040417875.1;GCA_040417905.1;GCA_040417925.1;GCA_040417945.1;GCA_040417965.1;GCA_040417985.1;GCA_040418125.1;GCA_040418145.1;GCA_040418265.1;GCA_040418305.1;GCA_040418325.1;GCA_040418405.1;GCA_040418505.1;GCA_040418545.1;GCA_040418565.1;GCA_040418605.1;GCA_040418625.1;GCA_040418645.1;GCA_040418685.1;GCA_040418725.1;GCA_040418745.1;GCA_040418755.1;GCA_040418805.1;GCA_040418825.1;GCA_040418845.1;GCA_040418885.1;GCA_040418915.1;GCA_040418945.1;GCA_040418965.1;GCA_040418985.1;GCA_040419005.1;GCA_040419085.1;GCA_040419125.1;GCA_040419165.1;GCA_040419185.1;GCA_040507365.1;GCA_040712335.1;GCA_050112895.1;GCA_050112975.1;GCA_050113055.1;GCA_050113115.1;GCA_050113155.1;GCA_050113175.1;GCA_050113195.1;GCA_052072795.1;GCA_907163365.1;GCA_964006655.1;GCA_964007015.1;GCA_966652735.1
fliC-H5,ECOH,97,0,GCA_030024465.1;GCA_030025055.1;GCA_037047235.1;GCA_037047485.1;GCA_037047605.1;GCA_037048945.1;GCA_040415465.1;GCA_040415475.1;GCA_040415565.1;GCA_040415575.1;GCA_040415655.1;GCA_040415675.1;GCA_040415755.1;GCA_040415805.1;GCA_040415815.1;GCA_040415875.1;GCA_040415905.1;GCA_040415915.1;GCA_040415995.1;GCA_040416005.1;GCA_040416035.1;GCA_040416265.1;GCA_040416375.1;GCA_040416415.1;GCA_040416505.1;GCA_040416515.1;GCA_040416695.1;GCA_040416775.1;GCA_040416795.1;GCA_040416845.1;GCA_040416915.1;GCA_040416955.1;GCA_040416995.1;GCA_040417015.1;GCA_040417095.1;GCA_040417175.1;GCA_040417195.1;GCA_040417215.1;GCA_040417235.1;GCA_040417335.1;GCA_040417365.1;GCA_040417405.1;GCA_040417485.1;GCA_040417645.1;GCA_040417665.1;GCA_040417745.1;GCA_040417765.1;GCA_040417865.1;GCA_040418025.1;GCA_040418205.1;GCA_040418225.1;GCA_040418245.1;GCA_040418385.1;GCA_040418485.1;GCA_040418525.1;GCA_040418585.1;GCA_040418705.1;GCA_040418905.1;GCA_040419045.1;GCA_040419065.1;GCA_040419105.1;GCA_040419145.1;GCA_040419205.1;GCA_040507325.1;GCA_045801095.1;GCA_049546825.1;GCA_050113015.1;GCA_050113075.1;GCA_050955345.1;GCA_052072695.1;GCA_052072855.1;GCA_052072985.1;GCA_964006015.1;GCA_964006105.1;GCA_964006555.1;GCA_964006635.1;GCA_964006685.1;GCA_964006725.1;GCA_964006795.1;GCA_964006875.1;GCA_964007005.1;GCA_964007225.1;GCA_964007325.1;GCA_964007445.1;GCA_964205455.1;GCA_964205535.1;GCA_964205585.1;GCA_964205745.1;GCA_964206005.1;GCA_964206175.1;GCA_964206355.1;GCA_964206375.1;GCA_964206405.1;GCA_964206545.1;GCA_964206565.1;GCA_970664135.1;GCA_972176395.1
wzy-O16,ECOH,35,0,GCA_022488185.1;GCA_022488205.1;GCA_022488345.1;GCA_030024465.1;GCA_030025055.1;GCA_037047235.1;GCA_037047485.1;GCA_037047605.1;GCA_037048945.1;GCA_964006015.1;GCA_964006105.1;GCA_964006555.1;GCA_964006635.1;GCA_964006685.1;GCA_964006725.1;GCA_964006795.1;GCA_964006875.1;GCA_964007005.1;GCA_964007225.1;GCA_964007325.1;GCA_964007445.1;GCA_964205435.1;GCA_964205455.1;GCA_964205535.1;GCA_964205585.1;GCA_964205745.1;GCA_964206005.1;GCA_964206175.1;GCA_964206355.1;GCA_964206375.1;GCA_964206405.1;GCA_964206545.1;GCA_964206565.1;GCA_970664135.1;GCA_972176395.1
wzx-O16,ECOH,35,0,GCA_022488185.1;GCA_022488205.1;GCA_022488345.1;GCA_030024465.1;GCA_030025055.1;GCA_037047235.1;GCA_037047485.1;GCA_037047605.1;GCA_037048945.1;GCA_964006015.1;GCA_964006105.1;GCA_964006555.1;GCA_964006635.1;GCA_964006685.1;GCA_964006725.1;GCA_964006795.1;GCA_964006875.1;GCA_964007005.1;GCA_964007225.1;GCA_964007325.1;GCA_964007445.1;GCA_964205435.1;GCA_964205455.1;GCA_964205535.1;GCA_964205585.1;GCA_964205745.1;GCA_964206005.1;GCA_964206175.1;GCA_964206355.1;GCA_964206375.1;GCA_964206405.1;GCA_964206545.1;GCA_964206565.1;GCA_970664135.1;GCA_972176395.1
fliC-H10,ECOH,21,0,GCA_000713235.1;GCA_009793715.1;GCA_009794485.1;GCA_009825265.1;GCA_022968555.1;GCA_024330145.2;GCA_025630975.1;GCA_037047805.1;GCA_037048165.1;GCA_037048925.1;GCA_037049005.1;GCA_040712345.1;GCA_040712355.1;GCA_040712435.1;GCA_040712465.1;GCA_040712505.1;GCA_053164725.1;GCA_964007195.1;GCA_964206265.1;GCA_964206275.1;GCA_969779115.1
fliC-H21,ECOH,16,0,GCA_009900585.1;GCA_009900625.1;GCA_009900645.1;GCA_037049325.1;GCA_037049385.1;GCA_040713755.1;GCA_907163485.1;GCA_907163495.1;GCA_907163665.1;GCA_907163715.1;GCA_964007265.1;GCA_964007295.1;GCA_964205355.1;GCA_964205385.1;GCA_964205875.1;GCA_964206385.1
wzy-O51,ECOH,15,0,GCA_009793215.1;GCA_009793445.1;GCA_009793505.1;GCA_009793615.1;GCA_009793635.1;GCA_009793645.1;GCA_009793665.1;GCA_009795575.1;GCA_009795595.1;GCA_009795645.1;GCA_009824835.1;GCA_011763135.1;GCA_011763295.1;GCA_040713295.1;GCA_040713875.1
wzx-O51,ECOH,15,0,GCA_009793215.1;GCA_009793445.1;GCA_009793505.1;GCA_009793615.1;GCA_009793635.1;GCA_009793645.1;GCA_009793665.1;GCA_009795575.1;GCA_009795595.1;GCA_009795645.1;GCA_009824835.1;GCA_011763135.1;GCA_011763295.1;GCA_040713295.1;GCA_040713875.1
wzt-O9,ECOH,11,0,GCA_009824615.1;GCA_009824745.1;GCA_009825065.1;GCA_009900425.1;GCA_009901145.1;GCA_009901165.1;GCA_011317875.1;GCA_011317975.1;GCA_030024825.1;GCA_964006655.1;GCA_966652735.1
wzm-O9,ECOH,11,0,GCA_009824615.1;GCA_009824745.1;GCA_009825065.1;GCA_009900425.1;GCA_009901145.1;GCA_009901165.1;GCA_011317875.1;GCA_011317975.1;GCA_030024825.1;GCA_964006655.1;GCA_966652735.1
wzy-O12,ECOH,8,0,GCA_037047365.1;GCA_964006435.1;GCA_966512345.1;GCA_966556535.1;GCA_966562275.1;GCA_966572575.1;GCA_966573225.1;GCA_966576395.1
wzx-O12,ECOH,8,0,GCA_037047365.1;GCA_964006435.1;GCA_966512345.1;GCA_966556535.1;GCA_966562275.1;GCA_966572575.1;GCA_966573225.1;GCA_966576395.1
fliC-H48,ECOH,7,0,GCA_009823885.1;GCA_011318395.1;GCA_022488185.1;GCA_022488205.1;GCA_022488345.1;GCA_040713795.1;GCA_040713875.1
fliC-H16,ECOH,6,0,GCA_009824195.1;GCA_009824335.1;GCA_009824425.1;GCA_009824475.1;GCA_009824555.1;GCA_009825195.1
fliC-H32,ECOH,5,0,GCA_009793945.1;GCA_025536495.1;GCA_025536675.1;GCA_025544715.1;GCA_025544835.1
wzy-O27,ECOH,5,0,GCA_966518725.1;GCA_966562775.1;GCA_966570365.1;GCA_966573385.1;GCA_968938235.1
wzx-O27,ECOH,5,0,GCA_966518725.1;GCA_966562775.1;GCA_966570365.1;GCA_966573385.1;GCA_968938235.1
fliC-H37,ECOH,5,0,GCA_966518725.1;GCA_966562775.1;GCA_966570365.1;GCA_966573385.1;GCA_968938235.1
wzx-O29,ECOH,5,0,GCA_009793715.1;GCA_964006445.1;GCA_966564195.1;GCA_966565785.1;GCA_966591305.1
wzy-O29,ECOH,5,0,GCA_009793715.1;GCA_964006445.1;GCA_966564195.1;GCA_966565785.1;GCA_966591305.1
wzy-OgN12,ECOH,4,0,GCA_025536495.1;GCA_025536675.1;GCA_025544715.1;GCA_025544835.1
wzx-OgN12,ECOH,4,0,GCA_025536495.1;GCA_025536675.1;GCA_025544715.1;GCA_025544835.1
fliC-H27,ECOH,4,0,GCA_009793945.1;GCA_011763075.1;GCA_011763275.1;GCA_966516095.1
wzx-O153var1,ECOH,4,0,GCA_009900585.1;GCA_009900625.1;GCA_009900645.1;GCA_964205905.1
wzy-O153var1,ECOH,4,0,GCA_009900585.1;GCA_009900625.1;GCA_009900645.1;GCA_964205905.1
wzx-O128,ECOH,3,0,GCA_000713235.1;GCA_009798605.1;GCA_969779115.1
wzy-O128,ECOH,3,0,GCA_000713235.1;GCA_009798605.1;GCA_969779115.1
fliC-H19,ECOH,3,0,GCA_009823945.1;GCA_009824205.1;GCA_037047155.1
fliC-H11,ECOH,3,0,GCA_009900075.1;GCA_024331345.2;GCA_025536555.1
wzx-O38,ECOH,3,0,GCA_049379845.1;GCA_049379945.1;GCA_049380025.1
wzy-O38,ECOH,3,0,GCA_049379845.1;GCA_049379945.1;GCA_049380025.1
fliC-H26,ECOH,3,0,GCA_049379845.1;GCA_049379945.1;GCA_049380025.1
fliC-H12,ECOH,2,0,GCA_009798605.1;GCA_011763315.1
wzy-O107-Gp8,ECOH,2,0,GCA_009793945.1;GCA_966516095.1
wzx-O107--Gp8,ECOH,2,0,GCA_009793945.1;GCA_966516095.1
wzx-O129-O13-Gp10,ECOH,2,0,GCA_009823885.1;GCA_009900075.1
wzy-O129-O13-O135-Gp10,ECOH,2,0,GCA_009823885.1;GCA_009900075.1
wzx-O81,ECOH,2,0,GCA_011763075.1;GCA_011763275.1
wzy-O81,ECOH,2,0,GCA_011763075.1;GCA_011763275.1
fllA-H55,ECOH,1,0,GCA_964006655.1
wzx-O154,ECOH,1,0,GCA_009824215.1
wzy-O154,ECOH,1,0,GCA_009824215.1
wzy-O108var1,ECOH,1,0,GCA_037047155.1
wzx-O108var1,ECOH,1,0,GCA_037047155.1
wzx-O150,ECOH,1,0,GCA_009824745.1
wzy-O150,ECOH,1,0,GCA_009824745.1
fliC-H8,ECOH,1,0,GCA_009824745.1
wzx-O5,ECOH,1,0,GCA_025536555.1
wzy-O5,ECOH,1,0,GCA_025536555.1
wzx-Onovel22,ECOH,1,0,GCA_964007015.1
wzy-Onovel22,ECOH,1,0,GCA_964007015.1
wzx-O19,ECOH,1,0,GCA_009824205.1
wzy-O19,ECOH,1,0,GCA_009824205.1
wzy-O132,ECOH,1,0,GCA_040713755.1
wzx-O132,ECOH,1,0,GCA_040713755.1
wzx-O62-Gp14,ECOH,1,0,GCA_011763315.1
wzy-O62-Gp14,ECOH,1,0,GCA_011763315.1
wzm-O8,ECOH,1,0,GCA_009900285.1
wzt-O8,ECOH,1,0,GCA_009900285.1
wzy-O2-Gp7,ECOH,1,0,GCA_009823945.1
wzx-O2-O50-Gp7,ECOH,1,0,GCA_009823945.1
wzy-O159,ECOH,1,0,GCA_009824295.1
wzx-O159,ECOH,1,0,GCA_009824295.1
wzx-O166,ECOH,1,0,GCA_024330145.2
wzy-O166,ECOH,1,0,GCA_024330145.2
wzx-O71,ECOH,1,0,GCA_011318395.1
wzy-O71,ECOH,1,0,GCA_011318395.1
fliC-H38,ECOH,1,0,GCA_907163995.1
wzy-OgN31,ECOH,1,0,GCA_907163995.1
wzx-O113,ECOH,1,0,GCA_009901125.1
wzy-O113,ECOH,1,0,GCA_009901125.1
wzm-O92,ECOH,1,0,GCA_024331345.2
wzt-O92,ECOH,1,0,GCA_024331345.2
wzy-O73-Gp9,ECOH,1,0,GCA_009901185.1
wzx-O17-O77-Gp9,ECOH,1,0,GCA_009901185.1
fliC-H31,ECOH,1,0,GCA_009901185.1
flkA-H36,ECOH,1,0,GCA_966516095.1
wzx-O45,ECOH,1,0,GCA_037048805.1
wzy-O45,ECOH,1,0,GCA_037048805.1
fliC-H40,ECOH,1,0,GCA_040713295.1
wzy-O69,ECOH,1,0,GCA_009794485.1
wzx-O69,ECOH,1,0,GCA_009794485.1
