Assembly	BioSample	Taxonomy	BioProject	Country
GCA_907164495.1	SAMEA8550497		PRJEB42795	Rwanda
GCA_907164515.1	SAMEA8550502		PRJEB42795	Rwanda
GCA_907164465.1	SAMEA8550500		PRJEB42795	Rwanda
GCA_907164475.1	SAMEA8550501		PRJEB42795	Rwanda
GCA_907164485.1	SAMEA8550496		PRJEB42795	Rwanda
GCA_907164445.1	SAMEA8550498		PRJEB42795	Rwanda
GCA_907164455.1	SAMEA8550499		PRJEB42795	Rwanda
GCA_907164425.1	SAMEA8550493		PRJEB42795	Rwanda
GCA_907164415.1	SAMEA8550495		PRJEB42795	Rwanda
GCA_907164405.1	SAMEA8550494		PRJEB42795	Rwanda
GCA_907164395.1	SAMEA8550490		PRJEB42795	Rwanda
GCA_907164355.1	SAMEA8550488		PRJEB42795	Rwanda
GCA_907164375.1	SAMEA8550487		PRJEB42795	Rwanda
GCA_907164345.1	SAMEA8550492		PRJEB42795	Rwanda
GCA_907164365.1	SAMEA8550489		PRJEB42795	Rwanda
GCA_907164385.1	SAMEA8550491		PRJEB42795	Rwanda
GCA_907164335.1	SAMEA8550483		PRJEB42795	Rwanda
GCA_907164325.1	SAMEA8550482		PRJEB42795	Rwanda
GCA_907164305.1	SAMEA8550480		PRJEB42795	Rwanda
GCA_907164295.1	SAMEA8550484		PRJEB42795	Rwanda
GCA_907164315.1	SAMEA8550485		PRJEB42795	Rwanda
GCA_907164235.1	SAMEA8550478		PRJEB42795	Rwanda
GCA_907164265.1	SAMEA8550479		PRJEB42795	Rwanda
GCA_907164275.1	SAMEA8550477		PRJEB42795	Rwanda
GCA_907164255.1	SAMEA8550481		PRJEB42795	Rwanda
GCA_907164245.1	SAMEA8550486		PRJEB42795	Rwanda
GCA_907164285.1	SAMEA8550476		PRJEB42795	Rwanda
GCA_907164225.1	SAMEA8550473		PRJEB42795	Rwanda
GCA_907164215.1	SAMEA8550471		PRJEB42795	Rwanda
GCA_907164205.1	SAMEA8550472		PRJEB42795	Rwanda
GCA_907164195.1	SAMEA8550474		PRJEB42795	Rwanda
GCA_907164185.1	SAMEA8550475		PRJEB42795	Rwanda
GCA_907164165.1	SAMEA8550466		PRJEB42795	Rwanda
GCA_907164175.1	SAMEA8550465		PRJEB42795	Rwanda
GCA_907164055.1	SAMEA8550467		PRJEB42795	Rwanda
GCA_907164155.1	SAMEA8550468		PRJEB42795	Rwanda
GCA_907164065.1	SAMEA8550457		PRJEB42795	Rwanda
GCA_907164085.1	SAMEA8550460		PRJEB42795	Rwanda
GCA_907164095.1	SAMEA8550458		PRJEB42795	Rwanda
GCA_907164115.1	SAMEA8550461		PRJEB42795	Rwanda
GCA_907164075.1	SAMEA8550459		PRJEB42795	Rwanda
GCA_907164135.1	SAMEA8550462		PRJEB42795	Rwanda
GCA_907164045.1	SAMEA8550470		PRJEB42795	Rwanda
GCA_907164145.1	SAMEA8550463		PRJEB42795	Rwanda
GCA_907164105.1	SAMEA8550469		PRJEB42795	Rwanda
GCA_907164125.1	SAMEA8550464		PRJEB42795	Rwanda
GCA_907164035.1	SAMEA8550455		PRJEB42795	Rwanda
GCA_907164025.1	SAMEA8550456		PRJEB42795	Rwanda
GCA_907164015.1	SAMEA8550448		PRJEB42795	Rwanda
GCA_907164005.1	SAMEA8550453		PRJEB42795	Rwanda
GCA_907163995.1	SAMEA8550454		PRJEB42795	Rwanda
GCA_907163985.1	SAMEA8550450		PRJEB42795	Rwanda
GCA_907163975.1	SAMEA8550452		PRJEB42795	Rwanda
GCA_907163965.1	SAMEA8550447		PRJEB42795	Rwanda
GCA_907163955.1	SAMEA8550449		PRJEB42795	Rwanda
GCA_907163935.1	SAMEA8550446		PRJEB42795	Rwanda
GCA_907163945.1	SAMEA8550451		PRJEB42795	Rwanda
GCA_907163925.1	SAMEA8550441		PRJEB42795	Rwanda
GCA_907163895.1	SAMEA8550436		PRJEB42795	Rwanda
GCA_907163885.1	SAMEA8550439		PRJEB42795	Rwanda
GCA_907163915.1	SAMEA8550438		PRJEB42795	Rwanda
GCA_907163905.1	SAMEA8550437		PRJEB42795	Rwanda
GCA_907163865.1	SAMEA8550443		PRJEB42795	Rwanda
GCA_907163835.1	SAMEA8550442		PRJEB42795	Rwanda
GCA_907163845.1	SAMEA8550440		PRJEB42795	Rwanda
GCA_907163855.1	SAMEA8550445		PRJEB42795	Rwanda
GCA_907163875.1	SAMEA8550444		PRJEB42795	Rwanda
GCA_907163825.1	SAMEA8550428		PRJEB42795	Rwanda
GCA_907163795.1	SAMEA8550434		PRJEB42795	Rwanda
GCA_907163755.1	SAMEA8550433		PRJEB42795	Rwanda
GCA_907163815.1	SAMEA8550431		PRJEB42795	Rwanda
GCA_907163765.1	SAMEA8550432		PRJEB42795	Rwanda
GCA_907163785.1	SAMEA8550427		PRJEB42795	Rwanda
GCA_907163805.1	SAMEA8550429		PRJEB42795	Rwanda
GCA_907163775.1	SAMEA8550435		PRJEB42795	Rwanda
GCA_907163745.1	SAMEA8550430		PRJEB42795	Rwanda
GCA_907163725.1	SAMEA8550419		PRJEB42795	Rwanda
GCA_907163715.1	SAMEA8550421		PRJEB42795	Rwanda
GCA_907163735.1	SAMEA8550420		PRJEB42795	Rwanda
GCA_907163705.1	SAMEA8550423		PRJEB42795	Rwanda
GCA_907163695.1	SAMEA8550417		PRJEB42795	Rwanda
GCA_907163685.1	SAMEA8550422		PRJEB42795	Rwanda
GCA_907163675.1	SAMEA8550424		PRJEB42795	Rwanda
GCA_907163655.1	SAMEA8550426		PRJEB42795	Rwanda
GCA_907163665.1	SAMEA8550425		PRJEB42795	Rwanda
GCA_907163645.1	SAMEA8550415		PRJEB42795	Rwanda
GCA_907163635.1	SAMEA8550416		PRJEB42795	Rwanda
GCA_907163615.1	SAMEA8550414		PRJEB42795	Rwanda
GCA_907163605.1	SAMEA8550408		PRJEB42795	Rwanda
GCA_907163625.1	SAMEA8550407		PRJEB42795	Rwanda
GCA_907163585.1	SAMEA8550412		PRJEB42795	Rwanda
GCA_907163575.1	SAMEA8550413		PRJEB42795	Rwanda
GCA_907163555.1	SAMEA8550411		PRJEB42795	Rwanda
GCA_907163595.1	SAMEA8550410		PRJEB42795	Rwanda
GCA_907163565.1	SAMEA8550409		PRJEB42795	Rwanda
GCA_907163525.1	SAMEA8550403		PRJEB42795	Rwanda
GCA_907163545.1	SAMEA8550401		PRJEB42795	Rwanda
GCA_907163535.1	SAMEA8550399		PRJEB42795	Rwanda
GCA_907163515.1	SAMEA8550406		PRJEB42795	Rwanda
GCA_907163505.1	SAMEA8550400		PRJEB42795	Rwanda
GCA_907163475.1	SAMEA8550402		PRJEB42795	Rwanda
GCA_907163495.1	SAMEA8550405		PRJEB42795	Rwanda
GCA_907163485.1	SAMEA8550404		PRJEB42795	Rwanda
GCA_907163465.1	SAMEA8550398		PRJEB42795	Rwanda
GCA_907163455.1	SAMEA8550390		PRJEB42795	Rwanda
GCA_907163435.1	SAMEA8550394		PRJEB42795	Rwanda
GCA_907163395.1	SAMEA8550393		PRJEB42795	Rwanda
GCA_907163385.1	SAMEA8550392		PRJEB42795	Rwanda
GCA_907163445.1	SAMEA8550391		PRJEB42795	Rwanda
GCA_907163415.1	SAMEA8550395		PRJEB42795	Rwanda
GCA_907163425.1	SAMEA8550396		PRJEB42795	Rwanda
GCA_907163405.1	SAMEA8550397		PRJEB42795	Rwanda
GCA_907163365.1	SAMEA8550387		PRJEB42795	Rwanda
GCA_907163355.1	SAMEA8550382		PRJEB42795	Rwanda
GCA_907163305.1	SAMEA8550389		PRJEB42795	Rwanda
GCA_907163325.1	SAMEA8550384		PRJEB42795	Rwanda
GCA_907163285.1	SAMEA8550383		PRJEB42795	Rwanda
GCA_907163275.1	SAMEA8550388		PRJEB42795	Rwanda
GCA_907163295.1	SAMEA8550385		PRJEB42795	Rwanda
GCA_907163335.1	SAMEA8550386		PRJEB42795	Rwanda
GCA_964007325.1	SAMEA115084389		PRJEB71714	Tanzania
GCA_964006465.1	SAMEA115084432		PRJEB71714	Tanzania
GCA_964006495.1	SAMEA115084374		PRJEB71714	Tanzania
GCA_964006255.1	SAMEA115084480		PRJEB71714	Tanzania
GCA_964006985.1	SAMEA115084441		PRJEB71714	Tanzania
GCA_964006995.1	SAMEA115084390		PRJEB71714	Tanzania
GCA_964006755.1	SAMEA115084468		PRJEB71714	Tanzania
GCA_964006505.1	SAMEA115084377		PRJEB71714	Tanzania
GCA_964006925.1	SAMEA115084388		PRJEB71714	Tanzania
GCA_964006915.1	SAMEA115084413		PRJEB71714	Tanzania
GCA_964007195.1	SAMEA115084404		PRJEB71714	Tanzania
GCA_964006905.1	SAMEA115084423		PRJEB71714	Tanzania
GCA_964006645.1	SAMEA115084449		PRJEB71714	Tanzania
GCA_964006825.1	SAMEA115084435		PRJEB71714	Tanzania
GCA_964006895.1	SAMEA115084407		PRJEB71714	Tanzania
GCA_964006655.1	SAMEA115084414		PRJEB71714	Tanzania
GCA_964006415.1	SAMEA115084396		PRJEB71714	Tanzania
GCA_964006405.1	SAMEA115084392		PRJEB71714	Tanzania
GCA_964006885.1	SAMEA115084434		PRJEB71714	Tanzania
GCA_964006815.1	SAMEA115084463		PRJEB71714	Tanzania
GCA_964006475.1	SAMEA115084385		PRJEB71714	Tanzania
GCA_964007005.1	SAMEA115084440		PRJEB71714	Tanzania
GCA_964006385.1	SAMEA115084372		PRJEB71714	Tanzania
GCA_964006145.1	SAMEA115084360		PRJEB71714	Tanzania
GCA_964007235.1	SAMEA115084398		PRJEB71714	Tanzania
GCA_964006175.1	SAMEA115084362		PRJEB71714	Tanzania
GCA_964007265.1	SAMEA115084386		PRJEB71714	Tanzania
GCA_964007025.1	SAMEA115084438		PRJEB71714	Tanzania
GCA_964006395.1	SAMEA115084399		PRJEB71714	Tanzania
GCA_964006155.1	SAMEA115084364		PRJEB71714	Tanzania
GCA_964007015.1	SAMEA115084952		PRJEB71714	Tanzania
GCA_964007255.1	SAMEA115084354		PRJEB71714	Tanzania
GCA_964007495.1	SAMEA115084950		PRJEB71714	Tanzania
GCA_964006805.1	SAMEA115084457		PRJEB71714	Tanzania
GCA_964007085.1	SAMEA115084408		PRJEB71714	Tanzania
GCA_964007075.1	SAMEA115084429		PRJEB71714	Tanzania
GCA_964007095.1	SAMEA115084402		PRJEB71714	Tanzania
GCA_964006875.1	SAMEA115084443		PRJEB71714	Tanzania
GCA_964006635.1	SAMEA115084450		PRJEB71714	Tanzania
GCA_964006625.1	SAMEA115084445		PRJEB71714	Tanzania
GCA_964006865.1	SAMEA115084387		PRJEB71714	Tanzania
GCA_964006615.1	SAMEA115084444		PRJEB71714	Tanzania
GCA_964006335.1	SAMEA115084368		PRJEB71714	Tanzania
GCA_964006565.1	SAMEA115084380		PRJEB71714	Tanzania
GCA_964007425.1	SAMEA115084422		PRJEB71714	Tanzania
GCA_964006325.1	SAMEA115084416		PRJEB71714	Tanzania
GCA_964007285.1	SAMEA115084393		PRJEB71714	Tanzania
GCA_964006195.1	SAMEA115084474		PRJEB71714	Tanzania
GCA_964007045.1	SAMEA115084433		PRJEB71714	Tanzania
GCA_964006185.1	SAMEA115084476		PRJEB71714	Tanzania
GCA_964007275.1	SAMEA115084383		PRJEB71714	Tanzania
GCA_964007035.1	SAMEA115084442		PRJEB71714	Tanzania
GCA_964007065.1	SAMEA115084436		PRJEB71714	Tanzania
GCA_964007295.1	SAMEA115084391		PRJEB71714	Tanzania
GCA_964007055.1	SAMEA115084437		PRJEB71714	Tanzania
GCA_964007485.1	SAMEA115084428		PRJEB71714	Tanzania
GCA_964006795.1	SAMEA115084461		PRJEB71714	Tanzania
GCA_964006555.1	SAMEA115084464		PRJEB71714	Tanzania
GCA_964007405.1	SAMEA115084430		PRJEB71714	Tanzania
GCA_964006315.1	SAMEA115084373		PRJEB71714	Tanzania
GCA_964006545.1	SAMEA115084448		PRJEB71714	Tanzania
GCA_964006305.1	SAMEA115084367		PRJEB71714	Tanzania
GCA_964006575.1	SAMEA115084379		PRJEB71714	Tanzania
GCA_964006745.1	SAMEA115084459		PRJEB71714	Tanzania
GCA_964006735.1	SAMEA115084467		PRJEB71714	Tanzania
GCA_964006775.1	SAMEA115084455		PRJEB71714	Tanzania
GCA_964006765.1	SAMEA115084454		PRJEB71714	Tanzania
GCA_964006525.1	SAMEA115084451		PRJEB71714	Tanzania
GCA_964006515.1	SAMEA115084482		PRJEB71714	Tanzania
GCA_964006945.1	SAMEA115084439		PRJEB71714	Tanzania
GCA_964006705.1	SAMEA115084382		PRJEB71714	Tanzania
GCA_964006935.1	SAMEA115084954		PRJEB71714	Tanzania
GCA_964006975.1	SAMEA115084412		PRJEB71714	Tanzania
GCA_964006725.1	SAMEA115084955		PRJEB71714	Tanzania
GCA_964006965.1	SAMEA115084419		PRJEB71714	Tanzania
GCA_964006715.1	SAMEA115084452		PRJEB71714	Tanzania
GCA_964006955.1	SAMEA115084410		PRJEB71714	Tanzania
GCA_964006595.1	SAMEA115084481		PRJEB71714	Tanzania
GCA_964006355.1	SAMEA115084375		PRJEB71714	Tanzania
GCA_964006115.1	SAMEA115084369		PRJEB71714	Tanzania
GCA_964006345.1	SAMEA115084948		PRJEB71714	Tanzania
GCA_964007435.1	SAMEA115084424		PRJEB71714	Tanzania
GCA_964007445.1	SAMEA115084421		PRJEB71714	Tanzania
GCA_964007465.1	SAMEA115084426		PRJEB71714	Tanzania
GCA_964007225.1	SAMEA115084405		PRJEB71714	Tanzania
GCA_964007455.1	SAMEA115084370		PRJEB71714	Tanzania
GCA_964007215.1	SAMEA115084406		PRJEB71714	Tanzania
GCA_964006835.1	SAMEA115084465		PRJEB71714	Tanzania
GCA_964006855.1	SAMEA115084411		PRJEB71714	Tanzania
GCA_964006845.1	SAMEA115084394		PRJEB71714	Tanzania
GCA_964006605.1	SAMEA115084397		PRJEB71714	Tanzania
GCA_964006225.1	SAMEA115084477		PRJEB71714	Tanzania
GCA_964007315.1	SAMEA115084357		PRJEB71714	Tanzania
GCA_964007105.1	SAMEA115084951		PRJEB71714	Tanzania
GCA_964007345.1	SAMEA115084356		PRJEB71714	Tanzania
GCA_964006015.1	SAMEA115084473		PRJEB71714	Tanzania
GCA_964006245.1	SAMEA115084366		PRJEB71714	Tanzania
GCA_964006485.1	SAMEA115084415		PRJEB71714	Tanzania
GCA_964006215.1	SAMEA115084418		PRJEB71714	Tanzania
GCA_964006455.1	SAMEA115084420		PRJEB71714	Tanzania
GCA_964007545.1	SAMEA115084401		PRJEB71714	Tanzania
GCA_964007515.1	SAMEA115084953		PRJEB71714	Tanzania
GCA_964006425.1	SAMEA115084425		PRJEB71714	Tanzania
GCA_964007505.1	SAMEA115084403		PRJEB71714	Tanzania
GCA_964006695.1	SAMEA115084949		PRJEB71714	Tanzania
GCA_964006665.1	SAMEA115084446		PRJEB71714	Tanzania
GCA_964006685.1	SAMEA115084417		PRJEB71714	Tanzania
GCA_964006205.1	SAMEA115084475		PRJEB71714	Tanzania
GCA_964006445.1	SAMEA115084381		PRJEB71714	Tanzania
GCA_964007165.1	SAMEA115084456		PRJEB71714	Tanzania
GCA_964006065.1	SAMEA115084471		PRJEB71714	Tanzania
GCA_964007395.1	SAMEA115084431		PRJEB71714	Tanzania
GCA_964007155.1	SAMEA115084453		PRJEB71714	Tanzania
GCA_964007525.1	SAMEA115084400		PRJEB71714	Tanzania
GCA_964006675.1	SAMEA115084447		PRJEB71714	Tanzania
GCA_964006435.1	SAMEA115084427		PRJEB71714	Tanzania
GCA_964006025.1	SAMEA115084466		PRJEB71714	Tanzania
GCA_964007355.1	SAMEA115084395		PRJEB71714	Tanzania
GCA_964006265.1	SAMEA115084478		PRJEB71714	Tanzania
GCA_964007115.1	SAMEA115084462		PRJEB71714	Tanzania
GCA_964006035.1	SAMEA115084469		PRJEB71714	Tanzania
GCA_964007125.1	SAMEA115084458		PRJEB71714	Tanzania
GCA_964006055.1	SAMEA115084470		PRJEB71714	Tanzania
GCA_964006295.1	SAMEA115084384		PRJEB71714	Tanzania
GCA_964007385.1	SAMEA115084355		PRJEB71714	Tanzania
GCA_964007145.1	SAMEA115084460		PRJEB71714	Tanzania
GCA_964007135.1	SAMEA115084376		PRJEB71714	Tanzania
GCA_964006095.1	SAMEA115084358		PRJEB71714	Tanzania
GCA_964007185.1	SAMEA115084409		PRJEB71714	Tanzania
GCA_964007175.1	SAMEA115084378		PRJEB71714	Tanzania
GCA_964006085.1	SAMEA115084359		PRJEB71714	Tanzania
GCA_964006275.1	SAMEA115084371		PRJEB71714	Tanzania
GCA_964205485.1	SAMEA115874594		PRJEB71714	Tanzania
GCA_964206055.1	SAMEA115874582		PRJEB71714	Tanzania
GCA_964205645.1	SAMEA115874600		PRJEB71714	Tanzania
GCA_964205525.1	SAMEA115874576		PRJEB71714	Tanzania
GCA_964205405.1	SAMEA115874608		PRJEB71714	Tanzania
GCA_964205925.1	SAMEA115874532		PRJEB71714	Tanzania
GCA_964205805.1	SAMEA115874542		PRJEB71714	Tanzania
GCA_964206065.1	SAMEA115874534		PRJEB71714	Tanzania
GCA_964205495.1	SAMEA115874564		PRJEB71714	Tanzania
GCA_964205375.1	SAMEA115874558		PRJEB71714	Tanzania
GCA_964205935.1	SAMEA115874556		PRJEB71714	Tanzania
GCA_964205815.1	SAMEA115874546		PRJEB71714	Tanzania
GCA_964205785.1	SAMEA115874530		PRJEB71714	Tanzania
GCA_964206115.1	SAMEA115874540		PRJEB71714	Tanzania
GCA_964205895.1	SAMEA115874587		PRJEB71714	Tanzania
GCA_964205775.1	SAMEA115874581		PRJEB71714	Tanzania
GCA_964206105.1	SAMEA115874578		PRJEB71714	Tanzania
GCA_964205655.1	SAMEA115874599		PRJEB71714	Tanzania
GCA_964205535.1	SAMEA115874603		PRJEB71714	Tanzania
GCA_964205415.1	SAMEA115874605		PRJEB71714	Tanzania
GCA_964205445.1	SAMEA115874562		PRJEB71714	Tanzania
GCA_964205325.1	SAMEA115874557		PRJEB71714	Tanzania
GCA_964205965.1	SAMEA115874549		PRJEB71714	Tanzania
GCA_964205845.1	SAMEA115874586		PRJEB71714	Tanzania
GCA_964206095.1	SAMEA115874538		PRJEB71714	Tanzania
GCA_964206035.1	SAMEA115874533		PRJEB71714	Tanzania
GCA_964206135.1	SAMEA115874552		PRJEB71714	Tanzania
GCA_964205685.1	SAMEA115874570		PRJEB71714	Tanzania
GCA_964206015.1	SAMEA115874577		PRJEB71714	Tanzania
GCA_964205565.1	SAMEA115874563		PRJEB71714	Tanzania
GCA_964205885.1	SAMEA115874585		PRJEB71714	Tanzania
GCA_964205765.1	SAMEA115874539		PRJEB71714	Tanzania
GCA_964205995.1	SAMEA115874589		PRJEB71714	Tanzania
GCA_964205875.1	SAMEA115874545		PRJEB71714	Tanzania
GCA_964205755.1	SAMEA115874588		PRJEB71714	Tanzania
GCA_964205635.1	SAMEA115874559		PRJEB71714	Tanzania
GCA_964205515.1	SAMEA115874602		PRJEB71714	Tanzania
GCA_964206045.1	SAMEA115874553		PRJEB71714	Tanzania
GCA_964205595.1	SAMEA115874575		PRJEB71714	Tanzania
GCA_964205915.1	SAMEA115874583		PRJEB71714	Tanzania
GCA_964205365.1	SAMEA115874567		PRJEB71714	Tanzania
GCA_964205665.1	SAMEA115874607		PRJEB71714	Tanzania
GCA_964205545.1	SAMEA115874568		PRJEB71714	Tanzania
GCA_964205425.1	SAMEA115874561		PRJEB71714	Tanzania
GCA_964206075.1	SAMEA115874554		PRJEB71714	Tanzania
GCA_964205385.1	SAMEA115874573		PRJEB71714	Tanzania
GCA_964205505.1	SAMEA115874571		PRJEB71714	Tanzania
GCA_964205905.1	SAMEA115874592		PRJEB71714	Tanzania
GCA_964205475.1	SAMEA115874609		PRJEB71714	Tanzania
GCA_964205355.1	SAMEA115874574		PRJEB71714	Tanzania
GCA_964205615.1	SAMEA115874604		PRJEB71714	Tanzania
GCA_964205585.1	SAMEA115874569		PRJEB71714	Tanzania
GCA_964205465.1	SAMEA115874606		PRJEB71714	Tanzania
GCA_964205345.1	SAMEA115874598		PRJEB71714	Tanzania
GCA_964205985.1	SAMEA115874550		PRJEB71714	Tanzania
GCA_964205865.1	SAMEA115874591		PRJEB71714	Tanzania
GCA_964205745.1	SAMEA115874580		PRJEB71714	Tanzania
GCA_964205625.1	SAMEA115874596		PRJEB71714	Tanzania
GCA_964205945.1	SAMEA115874590		PRJEB71714	Tanzania
GCA_964205825.1	SAMEA115874544		PRJEB71714	Tanzania
GCA_964205705.1	SAMEA115874565		PRJEB71714	Tanzania
GCA_964205795.1	SAMEA115874584		PRJEB71714	Tanzania
GCA_964206125.1	SAMEA115874555		PRJEB71714	Tanzania
GCA_964205675.1	SAMEA115874560		PRJEB71714	Tanzania
GCA_964206005.1	SAMEA115874548		PRJEB71714	Tanzania
GCA_964205555.1	SAMEA115874566		PRJEB71714	Tanzania
GCA_964205435.1	SAMEA115874610		PRJEB71714	Tanzania
GCA_964205955.1	SAMEA115874551		PRJEB71714	Tanzania
GCA_964206085.1	SAMEA115874536		PRJEB71714	Tanzania
GCA_964205395.1	SAMEA115874611		PRJEB71714	Tanzania
GCA_964205835.1	SAMEA115874543		PRJEB71714	Tanzania
GCA_964205715.1	SAMEA115874531		PRJEB71714	Tanzania
GCA_964205725.1	SAMEA115874593		PRJEB71714	Tanzania
GCA_964205605.1	SAMEA115874601		PRJEB71714	Tanzania
GCA_964205695.1	SAMEA115874535		PRJEB71714	Tanzania
GCA_964206025.1	SAMEA115874579		PRJEB71714	Tanzania
GCA_964205575.1	SAMEA115874595		PRJEB71714	Tanzania
GCA_964205455.1	SAMEA115874572		PRJEB71714	Tanzania
GCA_964205335.1	SAMEA115874597		PRJEB71714	Tanzania
GCA_964205975.1	SAMEA115874547		PRJEB71714	Tanzania
GCA_964205855.1	SAMEA115874541		PRJEB71714	Tanzania
GCA_964205735.1	SAMEA115874537		PRJEB71714	Tanzania
GCA_964206165.1	SAMEA115874653		PRJEB71714	Tanzania
GCA_964206575.1	SAMEA115874646		PRJEB71714	Tanzania
GCA_964206605.1	SAMEA115874647		PRJEB71714	Tanzania
GCA_964206615.1	SAMEA115874625		PRJEB71714	Tanzania
GCA_964206295.1	SAMEA115874650		PRJEB71714	Tanzania
GCA_964206175.1	SAMEA115874633		PRJEB71714	Tanzania
GCA_964206455.1	SAMEA115874637		PRJEB71714	Tanzania
GCA_964206335.1	SAMEA115874645		PRJEB71714	Tanzania
GCA_964206215.1	SAMEA115874631		PRJEB71714	Tanzania
GCA_964206505.1	SAMEA115874634		PRJEB71714	Tanzania
GCA_964206185.1	SAMEA115874636		PRJEB71714	Tanzania
GCA_964206585.1	SAMEA115874623		PRJEB71714	Tanzania
GCA_964206225.1	SAMEA115874618		PRJEB71714	Tanzania
GCA_964206235.1	SAMEA115874632		PRJEB71714	Tanzania
GCA_964206355.1	SAMEA115874627		PRJEB71714	Tanzania
GCA_964206285.1	SAMEA115874622		PRJEB71714	Tanzania
GCA_964206565.1	SAMEA115874624		PRJEB71714	Tanzania
GCA_964206445.1	SAMEA115874644		PRJEB71714	Tanzania
GCA_964206325.1	SAMEA115874628		PRJEB71714	Tanzania
GCA_964206205.1	SAMEA115874652		PRJEB71714	Tanzania
GCA_964206195.1	SAMEA115874649		PRJEB71714	Tanzania
GCA_964206515.1	SAMEA115874641		PRJEB71714	Tanzania
GCA_964206595.1	SAMEA115874621		PRJEB71714	Tanzania
GCA_964206475.1	SAMEA115874638		PRJEB71714	Tanzania
GCA_964206535.1	SAMEA115874630		PRJEB71714	Tanzania
GCA_964206375.1	SAMEA115874654		PRJEB71714	Tanzania
GCA_964206255.1	SAMEA115874626		PRJEB71714	Tanzania
GCA_964206465.1	SAMEA115874656		PRJEB71714	Tanzania
GCA_964206345.1	SAMEA115874616		PRJEB71714	Tanzania
GCA_964206415.1	SAMEA115874635		PRJEB71714	Tanzania
GCA_964206495.1	SAMEA115874640		PRJEB71714	Tanzania
GCA_964206525.1	SAMEA115874643		PRJEB71714	Tanzania
GCA_964206405.1	SAMEA115874639		PRJEB71714	Tanzania
GCA_964206485.1	SAMEA115874615		PRJEB71714	Tanzania
GCA_964206365.1	SAMEA115874659		PRJEB71714	Tanzania
GCA_964206245.1	SAMEA115874612		PRJEB71714	Tanzania
GCA_964206315.1	SAMEA115874619		PRJEB71714	Tanzania
GCA_964206395.1	SAMEA115874658		PRJEB71714	Tanzania
GCA_964206275.1	SAMEA115874648		PRJEB71714	Tanzania
GCA_964206155.1	SAMEA115874651		PRJEB71714	Tanzania
GCA_964206425.1	SAMEA115874642		PRJEB71714	Tanzania
GCA_964206545.1	SAMEA115874614		PRJEB71714	Tanzania
GCA_964206305.1	SAMEA115874617		PRJEB71714	Tanzania
GCA_964206555.1	SAMEA115874620		PRJEB71714	Tanzania
GCA_964206435.1	SAMEA115874657		PRJEB71714	Tanzania
GCA_964206145.1	SAMEA115874629		PRJEB71714	Tanzania
GCA_964206385.1	SAMEA115874655		PRJEB71714	Tanzania
GCA_964206265.1	SAMEA115874613		PRJEB71714	Tanzania
GCA_964006285.1	SAMEA115084479		PRJEB71714	Tanzania
GCA_964006165.1	SAMEA115084365		PRJEB71714	Tanzania
GCA_964006075.1	SAMEA115084472		PRJEB71714	Tanzania
GCA_964006235.1	SAMEA115084363		PRJEB71714	Tanzania
GCA_964006045.1	SAMEA115084361		PRJEB71714	Tanzania
GCA_964006105.1	SAMEA115084483		PRJEB71714	Tanzania
GCA_969827765.1	SAMEA115957539		PRJEB73590	Ethiopia, Tanzania, Mozambique and Nigeria,
GCA_969827725.1	SAMEA115957540		PRJEB73590	Ethiopia, Tanzania, Mozambique and Nigeria,
GCA_973721985.1	SAMEA115957473		PRJEB73590	Ethiopia, Tanzania, Mozambique and Nigeria,
GCA_968902015.1	SAMEA115957472		PRJEB73590	Ethiopia, Tanzania, Mozambique and Nigeria,
GCA_966502635.1	SAMEA115957343		PRJEB73590	Ethiopia, Tanzania, Mozambique and Nigeria,
GCA_970041925.1	SAMEA115957509		PRJEB73590	Ethiopia, Tanzania, Mozambique and Nigeria,
GCA_974806985.1	SAMEA115957439		PRJEB73590	Ethiopia, Tanzania, Mozambique and Nigeria,
GCA_970368215.1	SAMEA115957533		PRJEB73590	Ethiopia, Tanzania, Mozambique and Nigeria,
GCA_970368205.1	SAMEA115957537		PRJEB73590	Ethiopia, Tanzania, Mozambique and Nigeria,
GCA_972785745.1	SAMEA115957436		PRJEB73590	Ethiopia, Tanzania, Mozambique and Nigeria,
GCA_969865425.1	SAMEA115957467		PRJEB73590	Ethiopia, Tanzania, Mozambique and Nigeria,
GCA_970374035.1	SAMEA115957541		PRJEB73590	Ethiopia, Tanzania, Mozambique and Nigeria,
GCA_969861025.1	SAMEA115957624		PRJEB73590	Ethiopia, Tanzania, Mozambique and Nigeria,
GCA_968696885.1	SAMEA115957457		PRJEB73590	Ethiopia, Tanzania, Mozambique and Nigeria,
GCA_970555595.1	SAMEA115957545		PRJEB73590	Ethiopia, Tanzania, Mozambique and Nigeria,
GCA_970042025.1	SAMEA115957526		PRJEB73590	Ethiopia, Tanzania, Mozambique and Nigeria,
GCA_969161555.1	SAMEA115957464		PRJEB73590	Ethiopia, Tanzania, Mozambique and Nigeria,
GCA_971127695.1	SAMEA115957528		PRJEB73590	Ethiopia, Tanzania, Mozambique and Nigeria,
GCA_971127645.1	SAMEA115957536		PRJEB73590	Ethiopia, Tanzania, Mozambique and Nigeria,
GCA_968484755.1	SAMEA115957469		PRJEB73590	Ethiopia, Tanzania, Mozambique and Nigeria,
GCA_968938235.1	SAMEA115957499		PRJEB73590	Ethiopia, Tanzania, Mozambique and Nigeria,
GCA_974807135.1	SAMEA115957453		PRJEB73590	Ethiopia, Tanzania, Mozambique and Nigeria,
GCA_970905575.1	SAMEA115957543		PRJEB73590	Ethiopia, Tanzania, Mozambique and Nigeria,
GCA_970905425.1	SAMEA115957531		PRJEB73590	Ethiopia, Tanzania, Mozambique and Nigeria,
GCA_970905335.1	SAMEA115957534		PRJEB73590	Ethiopia, Tanzania, Mozambique and Nigeria,
GCA_968732725.1	SAMEA115957625		PRJEB73590	Ethiopia, Tanzania, Mozambique and Nigeria,
GCA_969164985.1	SAMEA115957461		PRJEB73590	Ethiopia, Tanzania, Mozambique and Nigeria,
GCA_969164305.1	SAMEA115957458		PRJEB73590	Ethiopia, Tanzania, Mozambique and Nigeria,
GCA_969161685.1	SAMEA115957459		PRJEB73590	Ethiopia, Tanzania, Mozambique and Nigeria,
GCA_968485245.1	SAMEA115957456		PRJEB73590	Ethiopia, Tanzania, Mozambique and Nigeria,
GCA_970664135.1	SAMEA115957538		PRJEB73590	Ethiopia, Tanzania, Mozambique and Nigeria,
GCA_972176395.1	SAMEA115957530		PRJEB73590	Ethiopia, Tanzania, Mozambique and Nigeria,
GCA_972176215.1	SAMEA115957529		PRJEB73590	Ethiopia, Tanzania, Mozambique and Nigeria,
GCA_968939255.1	SAMEA115957460		PRJEB73590	Ethiopia, Tanzania, Mozambique and Nigeria,
GCA_969165035.1	SAMEA115957471		PRJEB73590	Ethiopia, Tanzania, Mozambique and Nigeria,
GCA_969160985.1	SAMEA115957468		PRJEB73590	Ethiopia, Tanzania, Mozambique and Nigeria,
GCA_969865075.1	SAMEA115957462		PRJEB73590	Ethiopia, Tanzania, Mozambique and Nigeria,
GCA_970832865.1	SAMEA115957535		PRJEB73590	Ethiopia, Tanzania, Mozambique and Nigeria,
GCA_970171545.1	SAMEA115957465		PRJEB73590	Ethiopia, Tanzania, Mozambique and Nigeria,
GCA_969780185.1	SAMEA115957532		PRJEB73590	Ethiopia, Tanzania, Mozambique and Nigeria,
GCA_969779115.1	SAMEA115957527		PRJEB73590	Ethiopia, Tanzania, Mozambique and Nigeria,
GCA_972786245.1	SAMEA115957449		PRJEB73590	Ethiopia, Tanzania, Mozambique and Nigeria,
GCA_966515205.1	SAMEA115957617		PRJEB73590	Ethiopia, Tanzania, Mozambique and Nigeria,
GCA_966569185.1	SAMEA115957420		PRJEB73590	Ethiopia, Tanzania, Mozambique and Nigeria,
GCA_966503825.1	SAMEA115957285		PRJEB73590	Ethiopia, Tanzania, Mozambique and Nigeria,
GCA_966569195.1	SAMEA115957418		PRJEB73590	Ethiopia, Tanzania, Mozambique and Nigeria,
GCA_966562325.1	SAMEA115957430		PRJEB73590	Ethiopia, Tanzania, Mozambique and Nigeria,
GCA_966663095.1	SAMEA115957454		PRJEB73590	Ethiopia, Tanzania, Mozambique and Nigeria,
GCA_966573945.1	SAMEA115957299		PRJEB73590	Ethiopia, Tanzania, Mozambique and Nigeria,
GCA_966519285.1	SAMEA115957362		PRJEB73590	Ethiopia, Tanzania, Mozambique and Nigeria,
GCA_966569785.1	SAMEA115957311		PRJEB73590	Ethiopia, Tanzania, Mozambique and Nigeria,
GCA_966501635.1	SAMEA115957274		PRJEB73590	Ethiopia, Tanzania, Mozambique and Nigeria,
GCA_966561825.1	SAMEA115957327		PRJEB73590	Ethiopia, Tanzania, Mozambique and Nigeria,
GCA_966555485.1	SAMEA115957342		PRJEB73590	Ethiopia, Tanzania, Mozambique and Nigeria,
GCA_966554285.1	SAMEA115957423		PRJEB73590	Ethiopia, Tanzania, Mozambique and Nigeria,
GCA_966564195.1	SAMEA115957296		PRJEB73590	Ethiopia, Tanzania, Mozambique and Nigeria,
GCA_966514615.1	SAMEA115957568		PRJEB73590	Ethiopia, Tanzania, Mozambique and Nigeria,
GCA_966513525.1	SAMEA115957264		PRJEB73590	Ethiopia, Tanzania, Mozambique and Nigeria,
GCA_966549195.1	SAMEA115957333		PRJEB73590	Ethiopia, Tanzania, Mozambique and Nigeria,
GCA_966562275.1	SAMEA115957323		PRJEB73590	Ethiopia, Tanzania, Mozambique and Nigeria,
GCA_966565785.1	SAMEA115957298		PRJEB73590	Ethiopia, Tanzania, Mozambique and Nigeria,
GCA_966572135.1	SAMEA115957301		PRJEB73590	Ethiopia, Tanzania, Mozambique and Nigeria,
GCA_966503925.1	SAMEA115957275		PRJEB73590	Ethiopia, Tanzania, Mozambique and Nigeria,
GCA_966509695.1	SAMEA115957413		PRJEB73590	Ethiopia, Tanzania, Mozambique and Nigeria,
GCA_966559525.1	SAMEA115957337		PRJEB73590	Ethiopia, Tanzania, Mozambique and Nigeria,
GCA_966502205.1	SAMEA115957414		PRJEB73590	Ethiopia, Tanzania, Mozambique and Nigeria,
GCA_966559695.1	SAMEA115957390		PRJEB73590	Ethiopia, Tanzania, Mozambique and Nigeria,
GCA_966548345.1	SAMEA115957341		PRJEB73590	Ethiopia, Tanzania, Mozambique and Nigeria,
GCA_966652705.1	SAMEA115957444		PRJEB73590	Ethiopia, Tanzania, Mozambique and Nigeria,
GCA_966662745.1	SAMEA115957440		PRJEB73590	Ethiopia, Tanzania, Mozambique and Nigeria,
GCA_966647855.1	SAMEA115957450		PRJEB73590	Ethiopia, Tanzania, Mozambique and Nigeria,
GCA_966662905.1	SAMEA115957443		PRJEB73590	Ethiopia, Tanzania, Mozambique and Nigeria,
GCA_966514535.1	SAMEA115957416		PRJEB73590	Ethiopia, Tanzania, Mozambique and Nigeria,
GCA_966561735.1	SAMEA115957328		PRJEB73590	Ethiopia, Tanzania, Mozambique and Nigeria,
GCA_966513755.1	SAMEA115957395		PRJEB73590	Ethiopia, Tanzania, Mozambique and Nigeria,
GCA_966576395.1	SAMEA115957594		PRJEB73590	Ethiopia, Tanzania, Mozambique and Nigeria,
GCA_966505755.1	SAMEA115957340		PRJEB73590	Ethiopia, Tanzania, Mozambique and Nigeria,
GCA_966506965.1	SAMEA115957415		PRJEB73590	Ethiopia, Tanzania, Mozambique and Nigeria,
GCA_966502125.1	SAMEA115957560		PRJEB73590	Ethiopia, Tanzania, Mozambique and Nigeria,
GCA_966516615.1	SAMEA115957402		PRJEB73590	Ethiopia, Tanzania, Mozambique and Nigeria,
GCA_966503255.1	SAMEA115957417		PRJEB73590	Ethiopia, Tanzania, Mozambique and Nigeria,
GCA_966562775.1	SAMEA115957575		PRJEB73590	Ethiopia, Tanzania, Mozambique and Nigeria,
GCA_966562305.1	SAMEA115957431		PRJEB73590	Ethiopia, Tanzania, Mozambique and Nigeria,
GCA_966562545.1	SAMEA115957321		PRJEB73590	Ethiopia, Tanzania, Mozambique and Nigeria,
GCA_966516535.1	SAMEA115957370		PRJEB73590	Ethiopia, Tanzania, Mozambique and Nigeria,
GCA_966514505.1	SAMEA115957406		PRJEB73590	Ethiopia, Tanzania, Mozambique and Nigeria,
GCA_966503445.1	SAMEA115957268		PRJEB73590	Ethiopia, Tanzania, Mozambique and Nigeria,
GCA_966506985.1	SAMEA115957401		PRJEB73590	Ethiopia, Tanzania, Mozambique and Nigeria,
GCA_966642565.1	SAMEA115957438		PRJEB73590	Ethiopia, Tanzania, Mozambique and Nigeria,
GCA_966518725.1	SAMEA115957283		PRJEB73590	Ethiopia, Tanzania, Mozambique and Nigeria,
GCA_966504445.1	SAMEA115957563		PRJEB73590	Ethiopia, Tanzania, Mozambique and Nigeria,
GCA_966573285.1	SAMEA118015017		PRJEB73590	Ethiopia, Tanzania, Mozambique and Nigeria,
GCA_966518665.1	SAMEA115957405		PRJEB73590	Ethiopia, Tanzania, Mozambique and Nigeria,
GCA_966572295.1	SAMEA115957581		PRJEB73590	Ethiopia, Tanzania, Mozambique and Nigeria,
GCA_966573385.1	SAMEA115957312		PRJEB73590	Ethiopia, Tanzania, Mozambique and Nigeria,
GCA_966574595.1	SAMEA115957578		PRJEB73590	Ethiopia, Tanzania, Mozambique and Nigeria,
GCA_966564445.1	SAMEA115957290		PRJEB73590	Ethiopia, Tanzania, Mozambique and Nigeria,
GCA_966572395.1	SAMEA115957295		PRJEB73590	Ethiopia, Tanzania, Mozambique and Nigeria,
GCA_966545915.1	SAMEA115957344		PRJEB73590	Ethiopia, Tanzania, Mozambique and Nigeria,
GCA_966573225.1	SAMEA115957574		PRJEB73590	Ethiopia, Tanzania, Mozambique and Nigeria,
GCA_966510715.1	SAMEA115957396		PRJEB73590	Ethiopia, Tanzania, Mozambique and Nigeria,
GCA_966552115.1	SAMEA115957339		PRJEB73590	Ethiopia, Tanzania, Mozambique and Nigeria,
GCA_966572485.1	SAMEA115957293		PRJEB73590	Ethiopia, Tanzania, Mozambique and Nigeria,
GCA_966572125.1	SAMEA115957304		PRJEB73590	Ethiopia, Tanzania, Mozambique and Nigeria,
GCA_966544875.1	SAMEA115957351		PRJEB73590	Ethiopia, Tanzania, Mozambique and Nigeria,
GCA_966563025.1	SAMEA115957316		PRJEB73590	Ethiopia, Tanzania, Mozambique and Nigeria,
GCA_966555405.1	SAMEA115957345		PRJEB73590	Ethiopia, Tanzania, Mozambique and Nigeria,
GCA_966647675.1	SAMEA115957447		PRJEB73590	Ethiopia, Tanzania, Mozambique and Nigeria,
GCA_966556975.1	SAMEA115957335		PRJEB73590	Ethiopia, Tanzania, Mozambique and Nigeria,
GCA_966519355.1	SAMEA115957364		PRJEB73590	Ethiopia, Tanzania, Mozambique and Nigeria,
GCA_966508555.1	SAMEA115957409		PRJEB73590	Ethiopia, Tanzania, Mozambique and Nigeria,
GCA_966566795.1	SAMEA115957308		PRJEB73590	Ethiopia, Tanzania, Mozambique and Nigeria,
GCA_966564135.1	SAMEA115957302		PRJEB73590	Ethiopia, Tanzania, Mozambique and Nigeria,
GCA_966570035.1	SAMEA115957433		PRJEB73590	Ethiopia, Tanzania, Mozambique and Nigeria,
GCA_966572575.1	SAMEA115957291		PRJEB73590	Ethiopia, Tanzania, Mozambique and Nigeria,
GCA_966517035.1	SAMEA115957398		PRJEB73590	Ethiopia, Tanzania, Mozambique and Nigeria,
GCA_966568625.1	SAMEA115957297		PRJEB73590	Ethiopia, Tanzania, Mozambique and Nigeria,
GCA_966507045.1	SAMEA115957403		PRJEB73590	Ethiopia, Tanzania, Mozambique and Nigeria,
GCA_966649305.1	SAMEA115957446		PRJEB73590	Ethiopia, Tanzania, Mozambique and Nigeria,
GCA_966555435.1	SAMEA115957347		PRJEB73590	Ethiopia, Tanzania, Mozambique and Nigeria,
GCA_966565245.1	SAMEA118015015		PRJEB73590	Ethiopia, Tanzania, Mozambique and Nigeria,
GCA_966574735.1	SAMEA115957428		PRJEB73590	Ethiopia, Tanzania, Mozambique and Nigeria,
GCA_966507055.1	SAMEA118015013		PRJEB73590	Ethiopia, Tanzania, Mozambique and Nigeria,
GCA_966573635.1	SAMEA115957313		PRJEB73590	Ethiopia, Tanzania, Mozambique and Nigeria,
GCA_966507145.1	SAMEA115957399		PRJEB73590	Ethiopia, Tanzania, Mozambique and Nigeria,
GCA_966543435.1	SAMEA115957427		PRJEB73590	Ethiopia, Tanzania, Mozambique and Nigeria,
GCA_966516095.1	SAMEA115957621		PRJEB73590	Ethiopia, Tanzania, Mozambique and Nigeria,
GCA_966552085.1	SAMEA115957336		PRJEB73590	Ethiopia, Tanzania, Mozambique and Nigeria,
GCA_966512735.1	SAMEA115957567		PRJEB73590	Ethiopia, Tanzania, Mozambique and Nigeria,
GCA_966567865.1	SAMEA115957289		PRJEB73590	Ethiopia, Tanzania, Mozambique and Nigeria,
GCA_966501965.1	SAMEA115957361		PRJEB73590	Ethiopia, Tanzania, Mozambique and Nigeria,
GCA_966572635.1	SAMEA115957577		PRJEB73590	Ethiopia, Tanzania, Mozambique and Nigeria,
GCA_966652735.1	SAMEA115957445		PRJEB73590	Ethiopia, Tanzania, Mozambique and Nigeria,
GCA_966591305.1	SAMEA115957306		PRJEB73590	Ethiopia, Tanzania, Mozambique and Nigeria,
GCA_966502365.1	SAMEA115957412		PRJEB73590	Ethiopia, Tanzania, Mozambique and Nigeria,
GCA_966591775.1	SAMEA115957314		PRJEB73590	Ethiopia, Tanzania, Mozambique and Nigeria,
GCA_966560795.1	SAMEA115957424		PRJEB73590	Ethiopia, Tanzania, Mozambique and Nigeria,
GCA_966514585.1	SAMEA115957397		PRJEB73590	Ethiopia, Tanzania, Mozambique and Nigeria,
GCA_966502335.1	SAMEA115957282		PRJEB73590	Ethiopia, Tanzania, Mozambique and Nigeria,
GCA_966576265.1	SAMEA115957421		PRJEB73590	Ethiopia, Tanzania, Mozambique and Nigeria,
GCA_966563845.1	SAMEA115957576		PRJEB73590	Ethiopia, Tanzania, Mozambique and Nigeria,
GCA_966516625.1	SAMEA115957270		PRJEB73590	Ethiopia, Tanzania, Mozambique and Nigeria,
GCA_966516985.1	SAMEA115957258		PRJEB73590	Ethiopia, Tanzania, Mozambique and Nigeria,
GCA_966569035.1	SAMEA115957426		PRJEB73590	Ethiopia, Tanzania, Mozambique and Nigeria,
GCA_966503015.1	SAMEA115957266		PRJEB73590	Ethiopia, Tanzania, Mozambique and Nigeria,
GCA_966553705.1	SAMEA115957261		PRJEB73590	Ethiopia, Tanzania, Mozambique and Nigeria,
GCA_966517415.1	SAMEA115957391		PRJEB73590	Ethiopia, Tanzania, Mozambique and Nigeria,
GCA_966515595.1	SAMEA115957284		PRJEB73590	Ethiopia, Tanzania, Mozambique and Nigeria,
GCA_966566915.1	SAMEA115957309		PRJEB73590	Ethiopia, Tanzania, Mozambique and Nigeria,
GCA_966505585.1	SAMEA115957272		PRJEB73590	Ethiopia, Tanzania, Mozambique and Nigeria,
GCA_966548165.1	SAMEA115957357		PRJEB73590	Ethiopia, Tanzania, Mozambique and Nigeria,
GCA_966563795.1	SAMEA115957434		PRJEB73590	Ethiopia, Tanzania, Mozambique and Nigeria,
GCA_966514285.1	SAMEA115957375		PRJEB73590	Ethiopia, Tanzania, Mozambique and Nigeria,
GCA_966508655.1	SAMEA115957392		PRJEB73590	Ethiopia, Tanzania, Mozambique and Nigeria,
GCA_966647885.1	SAMEA115957451		PRJEB73590	Ethiopia, Tanzania, Mozambique and Nigeria,
GCA_966542435.1	SAMEA115957419		PRJEB73590	Ethiopia, Tanzania, Mozambique and Nigeria,
GCA_966657545.1	SAMEA115957452		PRJEB73590	Ethiopia, Tanzania, Mozambique and Nigeria,
GCA_966508645.1	SAMEA115957394		PRJEB73590	Ethiopia, Tanzania, Mozambique and Nigeria,
GCA_966585545.1	SAMEA115957320		PRJEB73590	Ethiopia, Tanzania, Mozambique and Nigeria,
GCA_966511865.1	SAMEA115957389		PRJEB73590	Ethiopia, Tanzania, Mozambique and Nigeria,
GCA_966509525.1	SAMEA115957622		PRJEB73590	Ethiopia, Tanzania, Mozambique and Nigeria,
GCA_966507105.1	SAMEA115957400		PRJEB73590	Ethiopia, Tanzania, Mozambique and Nigeria,
GCA_966643065.1	SAMEA115957437		PRJEB73590	Ethiopia, Tanzania, Mozambique and Nigeria,
GCA_966554025.1	SAMEA115957564		PRJEB73590	Ethiopia, Tanzania, Mozambique and Nigeria,
GCA_966508625.1	SAMEA115957609		PRJEB73590	Ethiopia, Tanzania, Mozambique and Nigeria,
GCA_966507315.1	SAMEA115957410		PRJEB73590	Ethiopia, Tanzania, Mozambique and Nigeria,
GCA_966555315.1	SAMEA115957353		PRJEB73590	Ethiopia, Tanzania, Mozambique and Nigeria,
GCA_966512615.1	SAMEA118015014		PRJEB73590	Ethiopia, Tanzania, Mozambique and Nigeria,
GCA_966591135.1	SAMEA115957292		PRJEB73590	Ethiopia, Tanzania, Mozambique and Nigeria,
GCA_966511445.1	SAMEA115957407		PRJEB73590	Ethiopia, Tanzania, Mozambique and Nigeria,
GCA_966550935.1	SAMEA115957255		PRJEB73590	Ethiopia, Tanzania, Mozambique and Nigeria,
GCA_966571995.1	SAMEA115957307		PRJEB73590	Ethiopia, Tanzania, Mozambique and Nigeria,
GCA_966569795.1	SAMEA115957319		PRJEB73590	Ethiopia, Tanzania, Mozambique and Nigeria,
GCA_966572855.1	SAMEA115957432		PRJEB73590	Ethiopia, Tanzania, Mozambique and Nigeria,
GCA_966663045.1	SAMEA115957448		PRJEB73590	Ethiopia, Tanzania, Mozambique and Nigeria,
GCA_966544275.1	SAMEA115957388		PRJEB73590	Ethiopia, Tanzania, Mozambique and Nigeria,
GCA_966569105.1	SAMEA115957425		PRJEB73590	Ethiopia, Tanzania, Mozambique and Nigeria,
GCA_966556535.1	SAMEA115957278		PRJEB73590	Ethiopia, Tanzania, Mozambique and Nigeria,
GCA_966571215.1	SAMEA115957593		PRJEB73590	Ethiopia, Tanzania, Mozambique and Nigeria,
GCA_966570365.1	SAMEA115957330		PRJEB73590	Ethiopia, Tanzania, Mozambique and Nigeria,
GCA_966519275.1	SAMEA115957360		PRJEB73590	Ethiopia, Tanzania, Mozambique and Nigeria,
GCA_966519245.1	SAMEA115957387		PRJEB73590	Ethiopia, Tanzania, Mozambique and Nigeria,
GCA_966502235.1	SAMEA115957262		PRJEB73590	Ethiopia, Tanzania, Mozambique and Nigeria,
GCA_966556195.1	SAMEA115957338		PRJEB73590	Ethiopia, Tanzania, Mozambique and Nigeria,
GCA_967842765.1	SAMEA115957455		PRJEB73590	Ethiopia, Tanzania, Mozambique and Nigeria,
GCA_967844355.1	SAMEA115957470		PRJEB73590	Ethiopia, Tanzania, Mozambique and Nigeria,
GCA_967763355.1	SAMEA115957484		PRJEB73590	Ethiopia, Tanzania, Mozambique and Nigeria,
GCA_966563755.1	SAMEA115957582		PRJEB73590	Ethiopia, Tanzania, Mozambique and Nigeria,
GCA_966512345.1	SAMEA115957555		PRJEB73590	Ethiopia, Tanzania, Mozambique and Nigeria,
GCA_900068905.1	SAMEA3218063		PRJEB8306	Malawi
GCA_000938575.1	SAMEA3218077		PRJEB8306	Malawi
GCA_000939135.1	SAMEA3218067		PRJEB8306	Malawi
GCA_000939695.1	SAMEA3218071		PRJEB8306	Malawi
GCA_000941535.1	SAMEA3218072		PRJEB8306	Malawi
GCA_000941195.1	SAMEA3218060		PRJEB8306	Malawi
GCA_000940455.1	SAMEA3218062		PRJEB8306	Malawi
GCA_000944855.1	SAMEA3218061		PRJEB8306	Malawi
GCA_000936455.1	SAMEA3218069		PRJEB8306	Malawi
GCA_000936005.1	SAMEA3218058		PRJEB8306	Malawi
GCA_000936165.1	SAMEA3218076		PRJEB8306	Malawi
GCA_000937355.1	SAMEA3218068		PRJEB8306	Malawi
GCA_000936775.1	SAMEA3218075		PRJEB8306	Malawi
GCA_000936715.1	SAMEA3218074		PRJEB8306	Malawi
GCA_000947375.1	SAMEA3218073		PRJEB8306	Malawi
GCA_000946855.1	SAMEA3218070		PRJEB8306	Malawi
GCA_000946335.1	SAMEA3218065		PRJEB8306	Malawi
GCA_001373235.1	SAMEA3218066		PRJEB8306	Malawi
GCA_001373215.1	SAMEA3218064		PRJEB8306	Malawi
GCA_001373195.1	SAMEA3218059		PRJEB8306	Malawi
GCA_033802305.1	SAMN38205183		PRJNA1028407	South Africa
GCA_032970735.1	SAMN37830234		PRJNA1028407	South Africa
GCA_032970605.1	SAMN37826605		PRJNA1028407	South Africa
GCA_037047235.1	SAMN39948923		PRJNA1076681	Jordan
GCA_037047215.1	SAMN39948803		PRJNA1076681	Jordan
GCA_037047195.1	SAMN39948805		PRJNA1076681	Jordan
GCA_037047175.1	SAMN39948804		PRJNA1076681	Jordan
GCA_037047155.1	SAMN39948801		PRJNA1076681	Jordan
GCA_037049485.1	SAMN39948934		PRJNA1076681	Jordan
GCA_037049465.1	SAMN39948868		PRJNA1076681	Jordan
GCA_037049445.1	SAMN39948877		PRJNA1076681	Jordan
GCA_037049425.1	SAMN39948872		PRJNA1076681	Jordan
GCA_037049395.1	SAMN39948876		PRJNA1076681	Jordan
GCA_037049385.1	SAMN39948880		PRJNA1076681	Jordan
GCA_037049365.1	SAMN39948882		PRJNA1076681	Jordan
GCA_037049985.1	SAMN39948791		PRJNA1076681	Jordan
GCA_037049955.1	SAMN39948788		PRJNA1076681	Jordan
GCA_037049945.1	SAMN39948792		PRJNA1076681	Jordan
GCA_037049925.1	SAMN39948790		PRJNA1076681	Jordan
GCA_037049885.1	SAMN39948793		PRJNA1076681	Jordan
GCA_037049865.1	SAMN39948795		PRJNA1076681	Jordan
GCA_037049845.1	SAMN39948796		PRJNA1076681	Jordan
GCA_037049825.1	SAMN39948797		PRJNA1076681	Jordan
GCA_037049805.1	SAMN39948794		PRJNA1076681	Jordan
GCA_037049785.1	SAMN39948789		PRJNA1076681	Jordan
GCA_037049765.1	SAMN39948799		PRJNA1076681	Jordan
GCA_037049725.1	SAMN39948798		PRJNA1076681	Jordan
GCA_037049545.1	SAMN39948935		PRJNA1076681	Jordan
GCA_037047135.1	SAMN39948802		PRJNA1076681	Jordan
GCA_037047115.1	SAMN39948800		PRJNA1076681	Jordan
GCA_037047095.1	SAMN39948808		PRJNA1076681	Jordan
GCA_037047075.1	SAMN39948807		PRJNA1076681	Jordan
GCA_037047055.1	SAMN39948810		PRJNA1076681	Jordan
GCA_037047035.1	SAMN39948811		PRJNA1076681	Jordan
GCA_037047015.1	SAMN39948806		PRJNA1076681	Jordan
GCA_037046995.1	SAMN39948809		PRJNA1076681	Jordan
GCA_037046975.1	SAMN39948812		PRJNA1076681	Jordan
GCA_037046935.1	SAMN39948816		PRJNA1076681	Jordan
GCA_037046955.1	SAMN39948815		PRJNA1076681	Jordan
GCA_037046915.1	SAMN39948819		PRJNA1076681	Jordan
GCA_037046895.1	SAMN39948813		PRJNA1076681	Jordan
GCA_037046845.1	SAMN39948817		PRJNA1076681	Jordan
GCA_037046815.1	SAMN39948824		PRJNA1076681	Jordan
GCA_037046805.1	SAMN39948820		PRJNA1076681	Jordan
GCA_037049325.1	SAMN39948878		PRJNA1076681	Jordan
GCA_037049305.1	SAMN39948879		PRJNA1076681	Jordan
GCA_037049285.1	SAMN39948884		PRJNA1076681	Jordan
GCA_037049265.1	SAMN39948885		PRJNA1076681	Jordan
GCA_037049245.1	SAMN39948888		PRJNA1076681	Jordan
GCA_037049225.1	SAMN39948883		PRJNA1076681	Jordan
GCA_037049205.1	SAMN39948875		PRJNA1076681	Jordan
GCA_037049185.1	SAMN39948932		PRJNA1076681	Jordan
GCA_037049165.1	SAMN39948887		PRJNA1076681	Jordan
GCA_037049145.1	SAMN39948924		PRJNA1076681	Jordan
GCA_037049125.1	SAMN39948931		PRJNA1076681	Jordan
GCA_037049105.1	SAMN39948895		PRJNA1076681	Jordan
GCA_037049085.1	SAMN39948909		PRJNA1076681	Jordan
GCA_037049065.1	SAMN39948910		PRJNA1076681	Jordan
GCA_037049045.1	SAMN39948905		PRJNA1076681	Jordan
GCA_037049025.1	SAMN39948911		PRJNA1076681	Jordan
GCA_037049005.1	SAMN39948907		PRJNA1076681	Jordan
GCA_037048975.1	SAMN39948901		PRJNA1076681	Jordan
GCA_037048965.1	SAMN39948917		PRJNA1076681	Jordan
GCA_037048945.1	SAMN39948914		PRJNA1076681	Jordan
GCA_037048925.1	SAMN39948906		PRJNA1076681	Jordan
GCA_037048905.1	SAMN39948915		PRJNA1076681	Jordan
GCA_037048885.1	SAMN39948912		PRJNA1076681	Jordan
GCA_037048865.1	SAMN39948908		PRJNA1076681	Jordan
GCA_037048845.1	SAMN39948921		PRJNA1076681	Jordan
GCA_037048825.1	SAMN39948916		PRJNA1076681	Jordan
GCA_037048805.1	SAMN39948920		PRJNA1076681	Jordan
GCA_037048785.1	SAMN39948913		PRJNA1076681	Jordan
GCA_037048765.1	SAMN39948825		PRJNA1076681	Jordan
GCA_037048745.1	SAMN39948814		PRJNA1076681	Jordan
GCA_037048725.1	SAMN39948818		PRJNA1076681	Jordan
GCA_037048705.1	SAMN39948828		PRJNA1076681	Jordan
GCA_037048685.1	SAMN39948827		PRJNA1076681	Jordan
GCA_037048665.1	SAMN39948822		PRJNA1076681	Jordan
GCA_037048645.1	SAMN39948830		PRJNA1076681	Jordan
GCA_037048625.1	SAMN39948832		PRJNA1076681	Jordan
GCA_037048605.1	SAMN39948831		PRJNA1076681	Jordan
GCA_037048585.1	SAMN39948835		PRJNA1076681	Jordan
GCA_037048565.1	SAMN39948834		PRJNA1076681	Jordan
GCA_037048545.1	SAMN39948826		PRJNA1076681	Jordan
GCA_037048525.1	SAMN39948829		PRJNA1076681	Jordan
GCA_037048505.1	SAMN39948836		PRJNA1076681	Jordan
GCA_037048485.1	SAMN39948838		PRJNA1076681	Jordan
GCA_037048465.1	SAMN39948842		PRJNA1076681	Jordan
GCA_037048445.1	SAMN39948839		PRJNA1076681	Jordan
GCA_037048425.1	SAMN39948837		PRJNA1076681	Jordan
GCA_037048405.1	SAMN39948843		PRJNA1076681	Jordan
GCA_037048385.1	SAMN39948841		PRJNA1076681	Jordan
GCA_037048365.1	SAMN39948844		PRJNA1076681	Jordan
GCA_037048345.1	SAMN39948840		PRJNA1076681	Jordan
GCA_037048325.1	SAMN39948833		PRJNA1076681	Jordan
GCA_037048305.1	SAMN39948846		PRJNA1076681	Jordan
GCA_037048285.1	SAMN39948847		PRJNA1076681	Jordan
GCA_037048265.1	SAMN39948928		PRJNA1076681	Jordan
GCA_037048235.1	SAMN39948929		PRJNA1076681	Jordan
GCA_037048225.1	SAMN39948925		PRJNA1076681	Jordan
GCA_037048205.1	SAMN39948930		PRJNA1076681	Jordan
GCA_037048185.1	SAMN39948850		PRJNA1076681	Jordan
GCA_037048165.1	SAMN39948933		PRJNA1076681	Jordan
GCA_037048145.1	SAMN39948854		PRJNA1076681	Jordan
GCA_037048125.1	SAMN39948853		PRJNA1076681	Jordan
GCA_037048105.1	SAMN39948851		PRJNA1076681	Jordan
GCA_037048085.1	SAMN39948856		PRJNA1076681	Jordan
GCA_037048045.1	SAMN39948849		PRJNA1076681	Jordan
GCA_037048055.1	SAMN39948845		PRJNA1076681	Jordan
GCA_037048025.1	SAMN39948858		PRJNA1076681	Jordan
GCA_037048005.1	SAMN39948861		PRJNA1076681	Jordan
GCA_037047985.1	SAMN39948859		PRJNA1076681	Jordan
GCA_037047965.1	SAMN39948848		PRJNA1076681	Jordan
GCA_037047945.1	SAMN39948857		PRJNA1076681	Jordan
GCA_037047925.1	SAMN39948862		PRJNA1076681	Jordan
GCA_037047905.1	SAMN39948852		PRJNA1076681	Jordan
GCA_037047885.1	SAMN39948863		PRJNA1076681	Jordan
GCA_037047865.1	SAMN39948855		PRJNA1076681	Jordan
GCA_037047845.1	SAMN39948864		PRJNA1076681	Jordan
GCA_037047825.1	SAMN39948860		PRJNA1076681	Jordan
GCA_037047805.1	SAMN39948866		PRJNA1076681	Jordan
GCA_037047765.1	SAMN39948870		PRJNA1076681	Jordan
GCA_037047785.1	SAMN39948865		PRJNA1076681	Jordan
GCA_037047745.1	SAMN39948867		PRJNA1076681	Jordan
GCA_037047725.1	SAMN39948869		PRJNA1076681	Jordan
GCA_037047705.1	SAMN39948871		PRJNA1076681	Jordan
GCA_037047685.1	SAMN39948873		PRJNA1076681	Jordan
GCA_037047665.1	SAMN39948874		PRJNA1076681	Jordan
GCA_037047645.1	SAMN39948886		PRJNA1076681	Jordan
GCA_037047625.1	SAMN39948889		PRJNA1076681	Jordan
GCA_037047605.1	SAMN39948892		PRJNA1076681	Jordan
GCA_037047585.1	SAMN39948893		PRJNA1076681	Jordan
GCA_037047565.1	SAMN39948894		PRJNA1076681	Jordan
GCA_037047525.1	SAMN39948896		PRJNA1076681	Jordan
GCA_037047545.1	SAMN39948897		PRJNA1076681	Jordan
GCA_037047505.1	SAMN39948890		PRJNA1076681	Jordan
GCA_037047485.1	SAMN39948898		PRJNA1076681	Jordan
GCA_037047465.1	SAMN39948902		PRJNA1076681	Jordan
GCA_037047445.1	SAMN39948903		PRJNA1076681	Jordan
GCA_037047425.1	SAMN39948891		PRJNA1076681	Jordan
GCA_037047405.1	SAMN39948900		PRJNA1076681	Jordan
GCA_037047385.1	SAMN39948899		PRJNA1076681	Jordan
GCA_037047365.1	SAMN39948904		PRJNA1076681	Jordan
GCA_037047345.1	SAMN39948927		PRJNA1076681	Jordan
GCA_037047325.1	SAMN39948918		PRJNA1076681	Jordan
GCA_037046885.1	SAMN39948823		PRJNA1076681	Jordan
GCA_037047305.1	SAMN39948926		PRJNA1076681	Jordan
GCA_037047275.1	SAMN39948922		PRJNA1076681	Jordan
GCA_037046855.1	SAMN39948821		PRJNA1076681	Jordan
GCA_037047245.1	SAMN39948919		PRJNA1076681	Jordan
GCA_050113195.1	SAMN47832325		PRJNA1096457	Niger
GCA_050113175.1	SAMN47832326		PRJNA1096457	Niger
GCA_050113155.1	SAMN47832328		PRJNA1096457	Niger
GCA_050113135.1	SAMN47832329		PRJNA1096457	Niger
GCA_050113115.1	SAMN47832327		PRJNA1096457	Niger
GCA_050113095.1	SAMN47832330		PRJNA1096457	Niger
GCA_050113075.1	SAMN47832331		PRJNA1096457	Niger
GCA_050113055.1	SAMN47832332		PRJNA1096457	Niger
GCA_050113035.1	SAMN47832333		PRJNA1096457	Niger
GCA_050113015.1	SAMN47832335		PRJNA1096457	Niger
GCA_050112995.1	SAMN47832334		PRJNA1096457	Niger
GCA_050112975.1	SAMN47832336		PRJNA1096457	Niger
GCA_050112955.1	SAMN47832337		PRJNA1096457	Niger
GCA_050112935.1	SAMN47832338		PRJNA1096457	Niger
GCA_050112915.1	SAMN47832339		PRJNA1096457	Niger
GCA_050112895.1	SAMN47832340		PRJNA1096457	Niger
GCA_049546905.1	SAMN47816852		PRJNA1096457	Niger
GCA_049546855.1	SAMN47816853		PRJNA1096457	Niger
GCA_049546825.1	SAMN47816851		PRJNA1096457	Niger
GCA_040507365.1	SAMN40756922		PRJNA1096457	Niger
GCA_040507325.1	SAMN40756861		PRJNA1096457	Niger
GCA_040416705.1	SAMN40756868		PRJNA1096457	Niger
GCA_040415955.1	SAMN40756905		PRJNA1096457	Niger
GCA_040415975.1	SAMN40756904		PRJNA1096457	Niger
GCA_040415895.1	SAMN40756907		PRJNA1096457	Niger
GCA_040415915.1	SAMN40756906		PRJNA1096457	Niger
GCA_040417825.1	SAMN40756814		PRJNA1096457	Niger
GCA_040417805.1	SAMN40756812		PRJNA1096457	Niger
GCA_040417765.1	SAMN40756813		PRJNA1096457	Niger
GCA_040417785.1	SAMN40756815		PRJNA1096457	Niger
GCA_040417745.1	SAMN40756816		PRJNA1096457	Niger
GCA_040417925.1	SAMN40756810		PRJNA1096457	Niger
GCA_040417905.1	SAMN40756807		PRJNA1096457	Niger
GCA_040417875.1	SAMN40756811		PRJNA1096457	Niger
GCA_040417845.1	SAMN40756809		PRJNA1096457	Niger
GCA_040417865.1	SAMN40756808		PRJNA1096457	Niger
GCA_040415905.1	SAMN40756908		PRJNA1096457	Niger
GCA_040415875.1	SAMN40756909		PRJNA1096457	Niger
GCA_040415855.1	SAMN40756910		PRJNA1096457	Niger
GCA_040415815.1	SAMN40756912		PRJNA1096457	Niger
GCA_040415805.1	SAMN40756911		PRJNA1096457	Niger
GCA_040415795.1	SAMN40756913		PRJNA1096457	Niger
GCA_040415765.1	SAMN40756915		PRJNA1096457	Niger
GCA_040415755.1	SAMN40756914		PRJNA1096457	Niger
GCA_040415705.1	SAMN40756916		PRJNA1096457	Niger
GCA_040415685.1	SAMN40756920		PRJNA1096457	Niger
GCA_040415675.1	SAMN40756917		PRJNA1096457	Niger
GCA_040415665.1	SAMN40756919		PRJNA1096457	Niger
GCA_040415655.1	SAMN40756918		PRJNA1096457	Niger
GCA_040415625.1	SAMN40756921		PRJNA1096457	Niger
GCA_040415585.1	SAMN40756926		PRJNA1096457	Niger
GCA_040415565.1	SAMN40756924		PRJNA1096457	Niger
GCA_040415575.1	SAMN40756923		PRJNA1096457	Niger
GCA_040415555.1	SAMN40756925		PRJNA1096457	Niger
GCA_040415535.1	SAMN40756927		PRJNA1096457	Niger
GCA_040415475.1	SAMN40756932		PRJNA1096457	Niger
GCA_040415455.1	SAMN40756929		PRJNA1096457	Niger
GCA_040415445.1	SAMN40756931		PRJNA1096457	Niger
GCA_040415465.1	SAMN40756928		PRJNA1096457	Niger
GCA_040415435.1	SAMN40756930		PRJNA1096457	Niger
GCA_040418045.1	SAMN40756801		PRJNA1096457	Niger
GCA_040418025.1	SAMN40756803		PRJNA1096457	Niger
GCA_040418005.1	SAMN40756802		PRJNA1096457	Niger
GCA_040417985.1	SAMN40756805		PRJNA1096457	Niger
GCA_040417945.1	SAMN40756806		PRJNA1096457	Niger
GCA_040417965.1	SAMN40756804		PRJNA1096457	Niger
GCA_040419185.1	SAMN40756748		PRJNA1096457	Niger
GCA_040419205.1	SAMN40756743		PRJNA1096457	Niger
GCA_040419165.1	SAMN40756745		PRJNA1096457	Niger
GCA_040419125.1	SAMN40756744		PRJNA1096457	Niger
GCA_040419145.1	SAMN40756746		PRJNA1096457	Niger
GCA_040419105.1	SAMN40756747		PRJNA1096457	Niger
GCA_040419065.1	SAMN40756753		PRJNA1096457	Niger
GCA_040419085.1	SAMN40756752		PRJNA1096457	Niger
GCA_040419045.1	SAMN40756749		PRJNA1096457	Niger
GCA_040419025.1	SAMN40756750		PRJNA1096457	Niger
GCA_040419005.1	SAMN40756751		PRJNA1096457	Niger
GCA_040418985.1	SAMN40756755		PRJNA1096457	Niger
GCA_040418945.1	SAMN40756758		PRJNA1096457	Niger
GCA_040418965.1	SAMN40756754		PRJNA1096457	Niger
GCA_040418915.1	SAMN40756756		PRJNA1096457	Niger
GCA_040418905.1	SAMN40756757		PRJNA1096457	Niger
GCA_040418885.1	SAMN40756759		PRJNA1096457	Niger
GCA_040418865.1	SAMN40756760		PRJNA1096457	Niger
GCA_040418845.1	SAMN40756761		PRJNA1096457	Niger
GCA_040418825.1	SAMN40756763		PRJNA1096457	Niger
GCA_040418805.1	SAMN40756762		PRJNA1096457	Niger
GCA_040418785.1	SAMN40756765		PRJNA1096457	Niger
GCA_040418755.1	SAMN40756764		PRJNA1096457	Niger
GCA_040418745.1	SAMN40756768		PRJNA1096457	Niger
GCA_040418725.1	SAMN40756767		PRJNA1096457	Niger
GCA_040418705.1	SAMN40756766		PRJNA1096457	Niger
GCA_040418685.1	SAMN40756770		PRJNA1096457	Niger
GCA_040418655.1	SAMN40756771		PRJNA1096457	Niger
GCA_040418645.1	SAMN40756769		PRJNA1096457	Niger
GCA_040418625.1	SAMN40756773		PRJNA1096457	Niger
GCA_040418605.1	SAMN40756772		PRJNA1096457	Niger
GCA_040418585.1	SAMN40756776		PRJNA1096457	Niger
GCA_040418565.1	SAMN40756774		PRJNA1096457	Niger
GCA_040418545.1	SAMN40756775		PRJNA1096457	Niger
GCA_040418525.1	SAMN40756778		PRJNA1096457	Niger
GCA_040418505.1	SAMN40756777		PRJNA1096457	Niger
GCA_040418485.1	SAMN40756780		PRJNA1096457	Niger
GCA_040418465.1	SAMN40756779		PRJNA1096457	Niger
GCA_040418445.1	SAMN40756781		PRJNA1096457	Niger
GCA_040418415.1	SAMN40756782		PRJNA1096457	Niger
GCA_040418405.1	SAMN40756783		PRJNA1096457	Niger
GCA_040418385.1	SAMN40756784		PRJNA1096457	Niger
GCA_040418365.1	SAMN40756786		PRJNA1096457	Niger
GCA_040418345.1	SAMN40756785		PRJNA1096457	Niger
GCA_040418325.1	SAMN40756788		PRJNA1096457	Niger
GCA_040418305.1	SAMN40756787		PRJNA1096457	Niger
GCA_040418285.1	SAMN40756790		PRJNA1096457	Niger
GCA_040418265.1	SAMN40756791		PRJNA1096457	Niger
GCA_040418245.1	SAMN40756789		PRJNA1096457	Niger
GCA_040418225.1	SAMN40756792		PRJNA1096457	Niger
GCA_040418205.1	SAMN40756793		PRJNA1096457	Niger
GCA_040418185.1	SAMN40756794		PRJNA1096457	Niger
GCA_040418165.1	SAMN40756795		PRJNA1096457	Niger
GCA_040418125.1	SAMN40756797		PRJNA1096457	Niger
GCA_040418145.1	SAMN40756796		PRJNA1096457	Niger
GCA_040418105.1	SAMN40756798		PRJNA1096457	Niger
GCA_040418065.1	SAMN40756799		PRJNA1096457	Niger
GCA_040418085.1	SAMN40756800		PRJNA1096457	Niger
GCA_040417725.1	SAMN40756817		PRJNA1096457	Niger
GCA_040417705.1	SAMN40756818		PRJNA1096457	Niger
GCA_040417685.1	SAMN40756819		PRJNA1096457	Niger
GCA_040417645.1	SAMN40756820		PRJNA1096457	Niger
GCA_040417665.1	SAMN40756821		PRJNA1096457	Niger
GCA_040417625.1	SAMN40756823		PRJNA1096457	Niger
GCA_040417605.1	SAMN40756822		PRJNA1096457	Niger
GCA_040417585.1	SAMN40756824		PRJNA1096457	Niger
GCA_040417565.1	SAMN40756825		PRJNA1096457	Niger
GCA_040417545.1	SAMN40756827		PRJNA1096457	Niger
GCA_040417525.1	SAMN40756826		PRJNA1096457	Niger
GCA_040417505.1	SAMN40756828		PRJNA1096457	Niger
GCA_040417485.1	SAMN40756829		PRJNA1096457	Niger
GCA_040417455.1	SAMN40756831		PRJNA1096457	Niger
GCA_040417445.1	SAMN40756832		PRJNA1096457	Niger
GCA_040417425.1	SAMN40756830		PRJNA1096457	Niger
GCA_040417405.1	SAMN40756833		PRJNA1096457	Niger
GCA_040417385.1	SAMN40756835		PRJNA1096457	Niger
GCA_040417365.1	SAMN40756839		PRJNA1096457	Niger
GCA_040417335.1	SAMN40756837		PRJNA1096457	Niger
GCA_040417325.1	SAMN40756834		PRJNA1096457	Niger
GCA_040417305.1	SAMN40756836		PRJNA1096457	Niger
GCA_040417255.1	SAMN40756840		PRJNA1096457	Niger
GCA_040417235.1	SAMN40756838		PRJNA1096457	Niger
GCA_040417215.1	SAMN40756841		PRJNA1096457	Niger
GCA_040417195.1	SAMN40756842		PRJNA1096457	Niger
GCA_040417175.1	SAMN40756843		PRJNA1096457	Niger
GCA_040417155.1	SAMN40756844		PRJNA1096457	Niger
GCA_040417135.1	SAMN40756846		PRJNA1096457	Niger
GCA_040417095.1	SAMN40756845		PRJNA1096457	Niger
GCA_040417115.1	SAMN40756847		PRJNA1096457	Niger
GCA_040417075.1	SAMN40756848		PRJNA1096457	Niger
GCA_040417055.1	SAMN40756850		PRJNA1096457	Niger
GCA_040417035.1	SAMN40756849		PRJNA1096457	Niger
GCA_040417015.1	SAMN40756854		PRJNA1096457	Niger
GCA_040416995.1	SAMN40756853		PRJNA1096457	Niger
GCA_040416975.1	SAMN40756855		PRJNA1096457	Niger
GCA_040416955.1	SAMN40756852		PRJNA1096457	Niger
GCA_040416935.1	SAMN40756851		PRJNA1096457	Niger
GCA_040416915.1	SAMN40756856		PRJNA1096457	Niger
GCA_040416835.1	SAMN40756860		PRJNA1096457	Niger
GCA_040416885.1	SAMN40756857		PRJNA1096457	Niger
GCA_040416865.1	SAMN40756858		PRJNA1096457	Niger
GCA_040416845.1	SAMN40756859		PRJNA1096457	Niger
GCA_040416815.1	SAMN40756862		PRJNA1096457	Niger
GCA_040416795.1	SAMN40756863		PRJNA1096457	Niger
GCA_040416775.1	SAMN40756866		PRJNA1096457	Niger
GCA_040416745.1	SAMN40756864		PRJNA1096457	Niger
GCA_040416725.1	SAMN40756865		PRJNA1096457	Niger
GCA_040416695.1	SAMN40756867		PRJNA1096457	Niger
GCA_040416665.1	SAMN40756869		PRJNA1096457	Niger
GCA_040416625.1	SAMN40756870		PRJNA1096457	Niger
GCA_040416635.1	SAMN40756871		PRJNA1096457	Niger
GCA_040416615.1	SAMN40756873		PRJNA1096457	Niger
GCA_040416595.1	SAMN40756872		PRJNA1096457	Niger
GCA_040416565.1	SAMN40756874		PRJNA1096457	Niger
GCA_040416515.1	SAMN40756877		PRJNA1096457	Niger
GCA_040416525.1	SAMN40756875		PRJNA1096457	Niger
GCA_040416505.1	SAMN40756878		PRJNA1096457	Niger
GCA_040416495.1	SAMN40756876		PRJNA1096457	Niger
GCA_040416475.1	SAMN40756879		PRJNA1096457	Niger
GCA_040416435.1	SAMN40756880		PRJNA1096457	Niger
GCA_040416405.1	SAMN40756883		PRJNA1096457	Niger
GCA_040416415.1	SAMN40756881		PRJNA1096457	Niger
GCA_040416395.1	SAMN40756882		PRJNA1096457	Niger
GCA_040416375.1	SAMN40756884		PRJNA1096457	Niger
GCA_040416355.1	SAMN40756885		PRJNA1096457	Niger
GCA_040416335.1	SAMN40756886		PRJNA1096457	Niger
GCA_040416295.1	SAMN40756888		PRJNA1096457	Niger
GCA_040416305.1	SAMN40756887		PRJNA1096457	Niger
GCA_040416265.1	SAMN40756889		PRJNA1096457	Niger
GCA_040416235.1	SAMN40756890		PRJNA1096457	Niger
GCA_040416205.1	SAMN40756891		PRJNA1096457	Niger
GCA_040416215.1	SAMN40756892		PRJNA1096457	Niger
GCA_040416195.1	SAMN40756893		PRJNA1096457	Niger
GCA_040416135.1	SAMN40756896		PRJNA1096457	Niger
GCA_040416165.1	SAMN40756895		PRJNA1096457	Niger
GCA_040416105.1	SAMN40756894		PRJNA1096457	Niger
GCA_040416115.1	SAMN40756898		PRJNA1096457	Niger
GCA_040416095.1	SAMN40756897		PRJNA1096457	Niger
GCA_040416045.1	SAMN40756899		PRJNA1096457	Niger
GCA_040416035.1	SAMN40756901		PRJNA1096457	Niger
GCA_040416055.1	SAMN40756900		PRJNA1096457	Niger
GCA_040416005.1	SAMN40756903		PRJNA1096457	Niger
GCA_040415995.1	SAMN40756902		PRJNA1096457	Niger
GCA_053165305.1	SAMN41832289		PRJNA1121524	Malawi
GCA_053165295.1	SAMN41832290		PRJNA1121524	Malawi
GCA_053165285.1	SAMN41753801		PRJNA1121524	Malawi
GCA_053165275.1	SAMN41753802		PRJNA1121524	Malawi
GCA_053165265.1	SAMN41753803		PRJNA1121524	Malawi
GCA_053165255.1	SAMN41753804		PRJNA1121524	Malawi
GCA_053165085.1	SAMN41753805		PRJNA1121524	Malawi
GCA_053165055.1	SAMN41753806		PRJNA1121524	Malawi
GCA_053164765.1	SAMN41753807		PRJNA1121524	Malawi
GCA_053164755.1	SAMN41753808		PRJNA1121524	Malawi
GCA_053164735.1	SAMN41753810		PRJNA1121524	Malawi
GCA_053164745.1	SAMN41753809		PRJNA1121524	Malawi
GCA_053164725.1	SAMN41753811		PRJNA1121524	Malawi
GCA_053164715.1	SAMN41753812		PRJNA1121524	Malawi
GCA_049059605.1	SAMN46992274		PRJNA1192017	Kenya
GCA_050955345.1	SAMN48925042		PRJNA1192017	Kenya
GCA_050955305.1	SAMN48925043		PRJNA1192017	Kenya
GCA_050954165.1	SAMN48925045		PRJNA1192017	Kenya
GCA_050954145.1	SAMN48925046		PRJNA1192017	Kenya
GCA_050954195.1	SAMN48925044		PRJNA1192017	Kenya
GCA_050955205.1	SAMN48925047		PRJNA1192017	Kenya
GCA_050955185.1	SAMN48925048		PRJNA1192017	Kenya
GCA_045801095.1	SAMN45098937		PRJNA1192017	Kenya
GCA_045800675.1	SAMN45098938		PRJNA1192017	Kenya
GCA_052072985.1	SAMN50264174		PRJNA1298299	Egypt
GCA_052072935.1	SAMN50264172		PRJNA1298299	Egypt
GCA_052072915.1	SAMN50264169		PRJNA1298299	Egypt
GCA_052072855.1	SAMN50264167		PRJNA1298299	Egypt
GCA_052072825.1	SAMN50264168		PRJNA1298299	Egypt
GCA_052072795.1	SAMN50264166		PRJNA1298299	Egypt
GCA_052072735.1	SAMN50264171		PRJNA1298299	Egypt
GCA_052072695.1	SAMN50264173		PRJNA1298299	Egypt
GCA_052072665.1	SAMN50264170		PRJNA1298299	Egypt
GCA_052072625.1	SAMN50264165		PRJNA1298299	Egypt
GCA_000713235.1	SAMN02687468		PRJNA233787	Jordan
GCA_001721225.1	SAMN02688212		PRJNA241122	Jordan
GCA_001721205.1	SAMN02688214		PRJNA241122	Jordan
GCA_001678965.1	SAMN02688215		PRJNA241122	Jordan
GCA_001677515.1	SAMN02688213		PRJNA241122	Jordan
GCA_001677495.1	SAMN02808333		PRJNA241122	Jordan
GCA_001677475.2	SAMN02808332		PRJNA241122	Jordan
GCA_001420045.1	SAMN04009872		PRJNA293513	Tanzania
GCA_001420135.1	SAMN04009882		PRJNA293513	Tanzania
GCA_001420065.1	SAMN04009875		PRJNA293513	Tanzania
GCA_001420075.1	SAMN04009866		PRJNA293513	Tanzania
GCA_001420055.1	SAMN04009869		PRJNA293513	Tanzania
GCA_001420125.1	SAMN04009878		PRJNA293513	Tanzania
GCA_001420165.1	SAMN04009886		PRJNA293513	Tanzania
GCA_001419785.1	SAMN04009847		PRJNA293513	Tanzania
GCA_001419865.1	SAMN04009854		PRJNA293513	Tanzania
GCA_001419965.1	SAMN04009862		PRJNA293513	Tanzania
GCA_001419895.1	SAMN04009857		PRJNA293513	Tanzania
GCA_001419925.1	SAMN04009859		PRJNA293513	Tanzania
GCA_001419885.1	SAMN04009856		PRJNA293513	Tanzania
GCA_001419845.1	SAMN04009850		PRJNA293513	Tanzania
GCA_001419825.1	SAMN04009848		PRJNA293513	Tanzania
GCA_001419945.1	SAMN04009860		PRJNA293513	Tanzania
GCA_001413995.1	SAMN04005265		PRJNA293513	Tanzania
GCA_002358075.1	SAMN07630250		PRJNA406824	Tunisia
GCA_003367575.1	SAMN09273490		PRJNA473419	Ghana
GCA_019355495.1	SAMN15486685		PRJNA473419	Ghana
GCA_019355475.1	SAMN15486686		PRJNA473419	Ghana
GCA_019355455.1	SAMN15486687		PRJNA473419	Ghana
GCA_019720795.1	SAMN20802105		PRJNA473419	Ghana
GCA_016432805.1	SAMN15945289		PRJNA473419	Ghana
GCA_016432785.1	SAMN15945290		PRJNA473419	Ghana
GCA_049380105.1	SAMN47554142		PRJNA473419	Ghana
GCA_049380025.1	SAMN47554137		PRJNA473419	Ghana
GCA_049380005.1	SAMN47554134		PRJNA473419	Ghana
GCA_049379965.1	SAMN47554139		PRJNA473419	Ghana
GCA_049379945.1	SAMN47554130		PRJNA473419	Ghana
GCA_049379865.1	SAMN47554133		PRJNA473419	Ghana
GCA_049379845.1	SAMN47554136		PRJNA473419	Ghana
GCA_049379905.1	SAMN47554131		PRJNA473419	Ghana
GCA_051629995.1	SAMN49831489		PRJNA473419	Ghana
GCA_051629955.1	SAMN49831492		PRJNA473419	Ghana
GCA_051631405.1	SAMN49831456		PRJNA473419	Ghana
GCA_051631345.1	SAMN49831457		PRJNA473419	Ghana
GCA_051631305.1	SAMN49831458		PRJNA473419	Ghana
GCA_051631245.1	SAMN49831459		PRJNA473419	Ghana
GCA_051631225.1	SAMN49831460		PRJNA473419	Ghana
GCA_051631185.1	SAMN49831461		PRJNA473419	Ghana
GCA_051631105.1	SAMN49831462		PRJNA473419	Ghana
GCA_051631085.1	SAMN49831463		PRJNA473419	Ghana
GCA_051631045.1	SAMN49831464		PRJNA473419	Ghana
GCA_051630965.1	SAMN49831465		PRJNA473419	Ghana
GCA_051630955.1	SAMN49831466		PRJNA473419	Ghana
GCA_051630875.1	SAMN49831467		PRJNA473419	Ghana
GCA_051630855.1	SAMN49831469		PRJNA473419	Ghana
GCA_051630835.1	SAMN49831468		PRJNA473419	Ghana
GCA_051630755.1	SAMN49831470		PRJNA473419	Ghana
GCA_051630675.1	SAMN49831472		PRJNA473419	Ghana
GCA_051630655.1	SAMN49831473		PRJNA473419	Ghana
GCA_051630595.1	SAMN49831474		PRJNA473419	Ghana
GCA_051630715.1	SAMN49831471		PRJNA473419	Ghana
GCA_051630555.1	SAMN49831475		PRJNA473419	Ghana
GCA_051630535.1	SAMN49831476		PRJNA473419	Ghana
GCA_051630475.1	SAMN49831477		PRJNA473419	Ghana
GCA_051630435.1	SAMN49831479		PRJNA473419	Ghana
GCA_051630395.1	SAMN49831478		PRJNA473419	Ghana
GCA_051630375.1	SAMN49831480		PRJNA473419	Ghana
GCA_051630315.1	SAMN49831481		PRJNA473419	Ghana
GCA_051630275.1	SAMN49831482		PRJNA473419	Ghana
GCA_051630215.1	SAMN49831483		PRJNA473419	Ghana
GCA_051630195.1	SAMN49831484		PRJNA473419	Ghana
GCA_051630135.1	SAMN49831485		PRJNA473419	Ghana
GCA_051630115.1	SAMN49831486		PRJNA473419	Ghana
GCA_051630075.1	SAMN49831487		PRJNA473419	Ghana
GCA_051630035.1	SAMN49831488		PRJNA473419	Ghana
GCA_051629895.1	SAMN49831490		PRJNA473419	Ghana
GCA_051629875.1	SAMN49831491		PRJNA473419	Ghana
GCA_009901465.1	SAMN13624710		PRJNA578301	Tanzania
GCA_009901425.1	SAMN13624708		PRJNA578301	Tanzania
GCA_009901485.1	SAMN13624706		PRJNA578301	Tanzania
GCA_009901505.1	SAMN13624707		PRJNA578301	Tanzania
GCA_009901445.1	SAMN13624713		PRJNA578301	Tanzania
GCA_009901365.1	SAMN13624704		PRJNA578301	Tanzania
GCA_009901325.1	SAMN13624711		PRJNA578301	Tanzania
GCA_009901405.1	SAMN13624705		PRJNA578301	Tanzania
GCA_009901385.1	SAMN13624712		PRJNA578301	Tanzania
GCA_009901345.1	SAMN13624714		PRJNA578301	Tanzania
GCA_009901245.1	SAMN13624728		PRJNA578301	Tanzania
GCA_009901295.1	SAMN13624715		PRJNA578301	Tanzania
GCA_009901265.1	SAMN13624709		PRJNA578301	Tanzania
GCA_009901285.1	SAMN13624722		PRJNA578301	Tanzania
GCA_009901225.1	SAMN13624723		PRJNA578301	Tanzania
GCA_009901205.1	SAMN13624742		PRJNA578301	Tanzania
GCA_009901185.1	SAMN13624739		PRJNA578301	Tanzania
GCA_009901165.1	SAMN13624750		PRJNA578301	Tanzania
GCA_009901085.1	SAMN13624754		PRJNA578301	Tanzania
GCA_009901145.1	SAMN13624736		PRJNA578301	Tanzania
GCA_009901125.1	SAMN13624748		PRJNA578301	Tanzania
GCA_009901105.1	SAMN13624755		PRJNA578301	Tanzania
GCA_009901045.1	SAMN13624760		PRJNA578301	Tanzania
GCA_009901065.1	SAMN13624764		PRJNA578301	Tanzania
GCA_009900985.1	SAMN13624775		PRJNA578301	Tanzania
GCA_009901005.1	SAMN13624749		PRJNA578301	Tanzania
GCA_009901025.1	SAMN13624767		PRJNA578301	Tanzania
GCA_009900965.1	SAMN13624769		PRJNA578301	Tanzania
GCA_009900945.1	SAMN13624716		PRJNA578301	Tanzania
GCA_009900925.1	SAMN13624721		PRJNA578301	Tanzania
GCA_009900865.1	SAMN13624718		PRJNA578301	Tanzania
GCA_009900905.1	SAMN13624784		PRJNA578301	Tanzania
GCA_009900885.1	SAMN13624719		PRJNA578301	Tanzania
GCA_009900835.1	SAMN13624720		PRJNA578301	Tanzania
GCA_009900825.1	SAMN13624717		PRJNA578301	Tanzania
GCA_009900805.1	SAMN13624794		PRJNA578301	Tanzania
GCA_009900625.1	SAMN13624126		PRJNA578301	Tanzania
GCA_009900645.1	SAMN13624125		PRJNA578301	Tanzania
GCA_009900565.1	SAMN13624139		PRJNA578301	Tanzania
GCA_009900605.1	SAMN13624131		PRJNA578301	Tanzania
GCA_009900505.1	SAMN13624778		PRJNA578301	Tanzania
GCA_009900585.1	SAMN13624129		PRJNA578301	Tanzania
GCA_009900545.1	SAMN13624146		PRJNA578301	Tanzania
GCA_009900525.1	SAMN13624147		PRJNA578301	Tanzania
GCA_009900465.1	SAMN13624779		PRJNA578301	Tanzania
GCA_009900485.1	SAMN13624782		PRJNA578301	Tanzania
GCA_009900445.1	SAMN13624781		PRJNA578301	Tanzania
GCA_009900405.1	SAMN13624768		PRJNA578301	Tanzania
GCA_009900425.1	SAMN13624761		PRJNA578301	Tanzania
GCA_009900365.1	SAMN13624762		PRJNA578301	Tanzania
GCA_009900345.1	SAMN13624771		PRJNA578301	Tanzania
GCA_009900375.1	SAMN13624765		PRJNA578301	Tanzania
GCA_009900325.1	SAMN13624773		PRJNA578301	Tanzania
GCA_009900285.1	SAMN13624777		PRJNA578301	Tanzania
GCA_009900305.1	SAMN13624774		PRJNA578301	Tanzania
GCA_009900265.1	SAMN13624796		PRJNA578301	Tanzania
GCA_009900245.1	SAMN13624795		PRJNA578301	Tanzania
GCA_009900205.1	SAMN13624789		PRJNA578301	Tanzania
GCA_009900225.1	SAMN13624791		PRJNA578301	Tanzania
GCA_009900185.1	SAMN13624790		PRJNA578301	Tanzania
GCA_009900165.1	SAMN13624787		PRJNA578301	Tanzania
GCA_009900115.1	SAMN13624780		PRJNA578301	Tanzania
GCA_009900145.1	SAMN13624788		PRJNA578301	Tanzania
GCA_009900045.1	SAMN13624793		PRJNA578301	Tanzania
GCA_009900075.1	SAMN13624783		PRJNA578301	Tanzania
GCA_009900095.1	SAMN13624792		PRJNA578301	Tanzania
GCA_009823735.1	SAMN13673793		PRJNA578301	Tanzania
GCA_009823785.1	SAMN13673783		PRJNA578301	Tanzania
GCA_009823775.1	SAMN13673779		PRJNA578301	Tanzania
GCA_009825305.1	SAMN13673762		PRJNA578301	Tanzania
GCA_009825295.1	SAMN13673725		PRJNA578301	Tanzania
GCA_009825265.1	SAMN13673764		PRJNA578301	Tanzania
GCA_009825255.1	SAMN13673763		PRJNA578301	Tanzania
GCA_009825235.1	SAMN13673726		PRJNA578301	Tanzania
GCA_009825205.1	SAMN13673767		PRJNA578301	Tanzania
GCA_009825195.1	SAMN13673722		PRJNA578301	Tanzania
GCA_009825155.1	SAMN13673766		PRJNA578301	Tanzania
GCA_009825165.1	SAMN13673727		PRJNA578301	Tanzania
GCA_009825135.1	SAMN13673768		PRJNA578301	Tanzania
GCA_009825075.1	SAMN13673772		PRJNA578301	Tanzania
GCA_009825065.1	SAMN13673771		PRJNA578301	Tanzania
GCA_009825085.1	SAMN13673765		PRJNA578301	Tanzania
GCA_009825055.1	SAMN13673770		PRJNA578301	Tanzania
GCA_009825035.1	SAMN13673750		PRJNA578301	Tanzania
GCA_009825015.1	SAMN13673749		PRJNA578301	Tanzania
GCA_009824985.1	SAMN13673773		PRJNA578301	Tanzania
GCA_009824965.1	SAMN13673774		PRJNA578301	Tanzania
GCA_009824955.1	SAMN13673775		PRJNA578301	Tanzania
GCA_009824935.1	SAMN13673777		PRJNA578301	Tanzania
GCA_009824895.1	SAMN13673776		PRJNA578301	Tanzania
GCA_009824905.1	SAMN13673778		PRJNA578301	Tanzania
GCA_009824855.1	SAMN13673782		PRJNA578301	Tanzania
GCA_009824845.1	SAMN13673751		PRJNA578301	Tanzania
GCA_009824835.1	SAMN13673780		PRJNA578301	Tanzania
GCA_009824805.1	SAMN13673781		PRJNA578301	Tanzania
GCA_009824785.1	SAMN13673711		PRJNA578301	Tanzania
GCA_009824765.1	SAMN13673712		PRJNA578301	Tanzania
GCA_009824745.1	SAMN13673714		PRJNA578301	Tanzania
GCA_009824735.1	SAMN13673716		PRJNA578301	Tanzania
GCA_009824715.1	SAMN13673717		PRJNA578301	Tanzania
GCA_009824685.1	SAMN13673718		PRJNA578301	Tanzania
GCA_009824665.1	SAMN13673720		PRJNA578301	Tanzania
GCA_009824655.1	SAMN13673721		PRJNA578301	Tanzania
GCA_009824635.1	SAMN13673719		PRJNA578301	Tanzania
GCA_009824615.1	SAMN13673728		PRJNA578301	Tanzania
GCA_009824585.1	SAMN13673729		PRJNA578301	Tanzania
GCA_009824555.1	SAMN13673730		PRJNA578301	Tanzania
GCA_009824545.1	SAMN13673732		PRJNA578301	Tanzania
GCA_009824535.1	SAMN13673731		PRJNA578301	Tanzania
GCA_009824515.1	SAMN13673733		PRJNA578301	Tanzania
GCA_009824495.1	SAMN13673734		PRJNA578301	Tanzania
GCA_009824475.1	SAMN13673736		PRJNA578301	Tanzania
GCA_009824415.1	SAMN13673737		PRJNA578301	Tanzania
GCA_009824425.1	SAMN13673735		PRJNA578301	Tanzania
GCA_009824395.1	SAMN13673740		PRJNA578301	Tanzania
GCA_009824405.1	SAMN13673738		PRJNA578301	Tanzania
GCA_009824375.1	SAMN13673739		PRJNA578301	Tanzania
GCA_009824345.1	SAMN13673741		PRJNA578301	Tanzania
GCA_009824335.1	SAMN13673742		PRJNA578301	Tanzania
GCA_009824305.1	SAMN13673743		PRJNA578301	Tanzania
GCA_009824295.1	SAMN13673744		PRJNA578301	Tanzania
GCA_009824275.1	SAMN13673745		PRJNA578301	Tanzania
GCA_009824215.1	SAMN13673755		PRJNA578301	Tanzania
GCA_009824225.1	SAMN13673747		PRJNA578301	Tanzania
GCA_009824205.1	SAMN13673754		PRJNA578301	Tanzania
GCA_009824195.1	SAMN13673746		PRJNA578301	Tanzania
GCA_009824175.1	SAMN13673757		PRJNA578301	Tanzania
GCA_009824125.1	SAMN13673724		PRJNA578301	Tanzania
GCA_009824135.1	SAMN13673756		PRJNA578301	Tanzania
GCA_009824105.1	SAMN13673723		PRJNA578301	Tanzania
GCA_009824095.1	SAMN13673759		PRJNA578301	Tanzania
GCA_009824075.1	SAMN13673758		PRJNA578301	Tanzania
GCA_009824035.1	SAMN13673786		PRJNA578301	Tanzania
GCA_009824045.1	SAMN13673760		PRJNA578301	Tanzania
GCA_009823995.1	SAMN13673789		PRJNA578301	Tanzania
GCA_009823975.1	SAMN13673784		PRJNA578301	Tanzania
GCA_009823985.1	SAMN13673753		PRJNA578301	Tanzania
GCA_009823945.1	SAMN13673785		PRJNA578301	Tanzania
GCA_009823935.1	SAMN13673748		PRJNA578301	Tanzania
GCA_009823905.1	SAMN13673788		PRJNA578301	Tanzania
GCA_009823885.1	SAMN13673791		PRJNA578301	Tanzania
GCA_009823875.1	SAMN13673792		PRJNA578301	Tanzania
GCA_009823855.1	SAMN13673752		PRJNA578301	Tanzania
GCA_009823835.1	SAMN13673787		PRJNA578301	Tanzania
GCA_009799475.1	SAMN13559090		PRJNA578301	Tanzania
GCA_009799445.1	SAMN13559037		PRJNA578301	Tanzania
GCA_009799455.1	SAMN13558791		PRJNA578301	Tanzania
GCA_009799415.1	SAMN13558801		PRJNA578301	Tanzania
GCA_009799405.1	SAMN13558828		PRJNA578301	Tanzania
GCA_009799375.1	SAMN13558836		PRJNA578301	Tanzania
GCA_009799355.1	SAMN13558843		PRJNA578301	Tanzania
GCA_009799345.1	SAMN13558831		PRJNA578301	Tanzania
GCA_009799245.1	SAMN13542397		PRJNA578301	Tanzania
GCA_009799255.1	SAMN13542395		PRJNA578301	Tanzania
GCA_009799225.1	SAMN13542396		PRJNA578301	Tanzania
GCA_009799195.1	SAMN13542398		PRJNA578301	Tanzania
GCA_009799185.1	SAMN13542399		PRJNA578301	Tanzania
GCA_009799155.1	SAMN13542400		PRJNA578301	Tanzania
GCA_009799135.1	SAMN13542401		PRJNA578301	Tanzania
GCA_009799125.1	SAMN13542402		PRJNA578301	Tanzania
GCA_009799095.1	SAMN13542403		PRJNA578301	Tanzania
GCA_009799085.1	SAMN13542404		PRJNA578301	Tanzania
GCA_009799045.1	SAMN13542405		PRJNA578301	Tanzania
GCA_009799035.1	SAMN13542406		PRJNA578301	Tanzania
GCA_009799025.1	SAMN13542407		PRJNA578301	Tanzania
GCA_009799005.1	SAMN13542408		PRJNA578301	Tanzania
GCA_009798985.1	SAMN13542409		PRJNA578301	Tanzania
GCA_009798945.1	SAMN13542411		PRJNA578301	Tanzania
GCA_009798925.1	SAMN13542413		PRJNA578301	Tanzania
GCA_009798935.1	SAMN13542410		PRJNA578301	Tanzania
GCA_009798905.1	SAMN13542416		PRJNA578301	Tanzania
GCA_009798885.1	SAMN13542414		PRJNA578301	Tanzania
GCA_009798855.1	SAMN13542417		PRJNA578301	Tanzania
GCA_009798835.1	SAMN13542419		PRJNA578301	Tanzania
GCA_009798825.1	SAMN13542418		PRJNA578301	Tanzania
GCA_009798795.1	SAMN13542420		PRJNA578301	Tanzania
GCA_009798785.1	SAMN13542421		PRJNA578301	Tanzania
GCA_009798755.1	SAMN13542427		PRJNA578301	Tanzania
GCA_009798715.1	SAMN13542424		PRJNA578301	Tanzania
GCA_009798705.1	SAMN13542428		PRJNA578301	Tanzania
GCA_009798685.1	SAMN13542429		PRJNA578301	Tanzania
GCA_009798655.1	SAMN13542430		PRJNA578301	Tanzania
GCA_009798645.1	SAMN13542432		PRJNA578301	Tanzania
GCA_009798615.1	SAMN13542431		PRJNA578301	Tanzania
GCA_009798605.1	SAMN13542433		PRJNA578301	Tanzania
GCA_009798575.1	SAMN13542434		PRJNA578301	Tanzania
GCA_009798535.1	SAMN13542435		PRJNA578301	Tanzania
GCA_009798525.1	SAMN13542440		PRJNA578301	Tanzania
GCA_009798505.1	SAMN13542445		PRJNA578301	Tanzania
GCA_009798515.1	SAMN13542439		PRJNA578301	Tanzania
GCA_009798445.1	SAMN13542448		PRJNA578301	Tanzania
GCA_009798425.1	SAMN13542451		PRJNA578301	Tanzania
GCA_009798435.1	SAMN13542473		PRJNA578301	Tanzania
GCA_009798415.1	SAMN13542474		PRJNA578301	Tanzania
GCA_009798405.1	SAMN13542471		PRJNA578301	Tanzania
GCA_009795685.1	SAMN13559031		PRJNA578301	Tanzania
GCA_009793215.1	SAMN13558848		PRJNA578301	Tanzania
GCA_009793445.1	SAMN13558865		PRJNA578301	Tanzania
GCA_009793435.1	SAMN13558864		PRJNA578301	Tanzania
GCA_009793415.1	SAMN13558863		PRJNA578301	Tanzania
GCA_009793405.1	SAMN13558862		PRJNA578301	Tanzania
GCA_009798725.1	SAMN13542423		PRJNA578301	Tanzania
GCA_009798335.1	SAMN13542477		PRJNA578301	Tanzania
GCA_009798305.1	SAMN13542478		PRJNA578301	Tanzania
GCA_009798315.1	SAMN13542479		PRJNA578301	Tanzania
GCA_009798285.1	SAMN13542412		PRJNA578301	Tanzania
GCA_009798265.1	SAMN13542415		PRJNA578301	Tanzania
GCA_009798185.1	SAMN13542437		PRJNA578301	Tanzania
GCA_009798205.1	SAMN13542422		PRJNA578301	Tanzania
GCA_009798195.1	SAMN13542436		PRJNA578301	Tanzania
GCA_009798215.1	SAMN13542425		PRJNA578301	Tanzania
GCA_009798165.1	SAMN13542426		PRJNA578301	Tanzania
GCA_009798105.1	SAMN13542444		PRJNA578301	Tanzania
GCA_009798095.1	SAMN13542447		PRJNA578301	Tanzania
GCA_009798085.1	SAMN13542438		PRJNA578301	Tanzania
GCA_009798075.1	SAMN13542443		PRJNA578301	Tanzania
GCA_009798065.1	SAMN13542441		PRJNA578301	Tanzania
GCA_009798005.1	SAMN13542450		PRJNA578301	Tanzania
GCA_009797975.1	SAMN13542470		PRJNA578301	Tanzania
GCA_009797995.1	SAMN13542480		PRJNA578301	Tanzania
GCA_009797985.1	SAMN13542476		PRJNA578301	Tanzania
GCA_009797965.1	SAMN13542475		PRJNA578301	Tanzania
GCA_009795645.1	SAMN13559032		PRJNA578301	Tanzania
GCA_009795595.1	SAMN13559035		PRJNA578301	Tanzania
GCA_009795575.1	SAMN13559034		PRJNA578301	Tanzania
GCA_009795605.1	SAMN13559036		PRJNA578301	Tanzania
GCA_009795565.1	SAMN13559033		PRJNA578301	Tanzania
GCA_009795545.1	SAMN13559038		PRJNA578301	Tanzania
GCA_009795495.1	SAMN13559075		PRJNA578301	Tanzania
GCA_009795505.1	SAMN13559060		PRJNA578301	Tanzania
GCA_009795485.1	SAMN13559074		PRJNA578301	Tanzania
GCA_009795465.1	SAMN13559077		PRJNA578301	Tanzania
GCA_009795445.1	SAMN13559076		PRJNA578301	Tanzania
GCA_009795405.1	SAMN13559079		PRJNA578301	Tanzania
GCA_009795395.1	SAMN13559080		PRJNA578301	Tanzania
GCA_009795385.1	SAMN13559078		PRJNA578301	Tanzania
GCA_009795355.1	SAMN13559082		PRJNA578301	Tanzania
GCA_009795345.1	SAMN13559081		PRJNA578301	Tanzania
GCA_009795315.1	SAMN13559083		PRJNA578301	Tanzania
GCA_009795295.1	SAMN13559084		PRJNA578301	Tanzania
GCA_009795275.1	SAMN13559086		PRJNA578301	Tanzania
GCA_009795265.1	SAMN13559085		PRJNA578301	Tanzania
GCA_009795245.1	SAMN13559088		PRJNA578301	Tanzania
GCA_009795215.1	SAMN13559087		PRJNA578301	Tanzania
GCA_009795195.1	SAMN13559091		PRJNA578301	Tanzania
GCA_009795175.1	SAMN13559092		PRJNA578301	Tanzania
GCA_009795165.1	SAMN13559089		PRJNA578301	Tanzania
GCA_009795125.1	SAMN13559094		PRJNA578301	Tanzania
GCA_009795135.1	SAMN13559093		PRJNA578301	Tanzania
GCA_009795095.1	SAMN13559096		PRJNA578301	Tanzania
GCA_009795075.1	SAMN13559095		PRJNA578301	Tanzania
GCA_009795065.1	SAMN13559097		PRJNA578301	Tanzania
GCA_009795025.1	SAMN13559100		PRJNA578301	Tanzania
GCA_009795035.1	SAMN13559098		PRJNA578301	Tanzania
GCA_009794995.1	SAMN13559101		PRJNA578301	Tanzania
GCA_009794975.1	SAMN13559099		PRJNA578301	Tanzania
GCA_009794965.1	SAMN13559102		PRJNA578301	Tanzania
GCA_009794915.1	SAMN13559103		PRJNA578301	Tanzania
GCA_009794925.1	SAMN13559104		PRJNA578301	Tanzania
GCA_009794885.1	SAMN13559107		PRJNA578301	Tanzania
GCA_009794875.1	SAMN13559105		PRJNA578301	Tanzania
GCA_009794865.1	SAMN13559106		PRJNA578301	Tanzania
GCA_009794835.1	SAMN13559108		PRJNA578301	Tanzania
GCA_009794805.1	SAMN13559110		PRJNA578301	Tanzania
GCA_009794785.1	SAMN13559109		PRJNA578301	Tanzania
GCA_009794765.1	SAMN13559112		PRJNA578301	Tanzania
GCA_009794775.1	SAMN13559111		PRJNA578301	Tanzania
GCA_009794745.1	SAMN13558790		PRJNA578301	Tanzania
GCA_009794685.1	SAMN13558778		PRJNA578301	Tanzania
GCA_009794705.1	SAMN13558777		PRJNA578301	Tanzania
GCA_009794675.1	SAMN13558776		PRJNA578301	Tanzania
GCA_009794665.1	SAMN13558789		PRJNA578301	Tanzania
GCA_009794605.1	SAMN13558794		PRJNA578301	Tanzania
GCA_009794575.1	SAMN13558793		PRJNA578301	Tanzania
GCA_009794565.1	SAMN13558796		PRJNA578301	Tanzania
GCA_009794595.1	SAMN13558792		PRJNA578301	Tanzania
GCA_009794585.1	SAMN13558795		PRJNA578301	Tanzania
GCA_009794545.1	SAMN13558797		PRJNA578301	Tanzania
GCA_009794485.1	SAMN13558800		PRJNA578301	Tanzania
GCA_009794495.1	SAMN13558799		PRJNA578301	Tanzania
GCA_009794505.1	SAMN13558798		PRJNA578301	Tanzania
GCA_009794465.1	SAMN13558802		PRJNA578301	Tanzania
GCA_009794435.1	SAMN13558803		PRJNA578301	Tanzania
GCA_009794405.1	SAMN13558806		PRJNA578301	Tanzania
GCA_009794395.1	SAMN13558804		PRJNA578301	Tanzania
GCA_009794385.1	SAMN13558805		PRJNA578301	Tanzania
GCA_009794365.1	SAMN13558807		PRJNA578301	Tanzania
GCA_009794325.1	SAMN13558808		PRJNA578301	Tanzania
GCA_009794305.1	SAMN13558810		PRJNA578301	Tanzania
GCA_009794285.1	SAMN13558809		PRJNA578301	Tanzania
GCA_009794265.1	SAMN13558812		PRJNA578301	Tanzania
GCA_009794275.1	SAMN13558811		PRJNA578301	Tanzania
GCA_009794245.1	SAMN13558813		PRJNA578301	Tanzania
GCA_009794205.1	SAMN13558815		PRJNA578301	Tanzania
GCA_009794215.1	SAMN13558814		PRJNA578301	Tanzania
GCA_009794175.1	SAMN13558816		PRJNA578301	Tanzania
GCA_009794155.1	SAMN13558817		PRJNA578301	Tanzania
GCA_009794145.1	SAMN13558818		PRJNA578301	Tanzania
GCA_009794105.1	SAMN13558819		PRJNA578301	Tanzania
GCA_009794115.1	SAMN13558820		PRJNA578301	Tanzania
GCA_009794045.1	SAMN13558822		PRJNA578301	Tanzania
GCA_009794065.1	SAMN13558824		PRJNA578301	Tanzania
GCA_009794055.1	SAMN13558823		PRJNA578301	Tanzania
GCA_009794005.1	SAMN13558825		PRJNA578301	Tanzania
GCA_009794015.1	SAMN13558826		PRJNA578301	Tanzania
GCA_009793945.1	SAMN13558830		PRJNA578301	Tanzania
GCA_009793955.1	SAMN13558832		PRJNA578301	Tanzania
GCA_009793935.1	SAMN13558834		PRJNA578301	Tanzania
GCA_009793925.1	SAMN13558827		PRJNA578301	Tanzania
GCA_009793905.1	SAMN13558833		PRJNA578301	Tanzania
GCA_009793885.1	SAMN13558835		PRJNA578301	Tanzania
GCA_009793855.1	SAMN13558838		PRJNA578301	Tanzania
GCA_009793825.1	SAMN13558839		PRJNA578301	Tanzania
GCA_009793815.1	SAMN13558841		PRJNA578301	Tanzania
GCA_009793805.1	SAMN13558840		PRJNA578301	Tanzania
GCA_009793765.1	SAMN13558844		PRJNA578301	Tanzania
GCA_009793775.1	SAMN13558842		PRJNA578301	Tanzania
GCA_009793745.1	SAMN13558846		PRJNA578301	Tanzania
GCA_009793705.1	SAMN13558849		PRJNA578301	Tanzania
GCA_009793715.1	SAMN13558847		PRJNA578301	Tanzania
GCA_009793665.1	SAMN13558850		PRJNA578301	Tanzania
GCA_009793645.1	SAMN13558851		PRJNA578301	Tanzania
GCA_009793635.1	SAMN13558852		PRJNA578301	Tanzania
GCA_009793615.1	SAMN13558855		PRJNA578301	Tanzania
GCA_009793605.1	SAMN13558854		PRJNA578301	Tanzania
GCA_009793565.1	SAMN13558857		PRJNA578301	Tanzania
GCA_009793545.1	SAMN13558856		PRJNA578301	Tanzania
GCA_009793535.1	SAMN13558858		PRJNA578301	Tanzania
GCA_009793525.1	SAMN13558860		PRJNA578301	Tanzania
GCA_009793505.1	SAMN13558859		PRJNA578301	Tanzania
GCA_009766285.1	SAMN13068784		PRJNA578301	Tanzania
GCA_009766265.1	SAMN13068789		PRJNA578301	Tanzania
GCA_009766555.1	SAMN13068767		PRJNA578301	Tanzania
GCA_009766565.1	SAMN13068766		PRJNA578301	Tanzania
GCA_009766575.1	SAMN13068771		PRJNA578301	Tanzania
GCA_009766545.1	SAMN13068772		PRJNA578301	Tanzania
GCA_009766485.1	SAMN13068773		PRJNA578301	Tanzania
GCA_009766445.1	SAMN13068776		PRJNA578301	Tanzania
GCA_009766455.1	SAMN13068774		PRJNA578301	Tanzania
GCA_009766475.1	SAMN13068777		PRJNA578301	Tanzania
GCA_009766465.1	SAMN13068775		PRJNA578301	Tanzania
GCA_009766425.1	SAMN13068778		PRJNA578301	Tanzania
GCA_009766375.1	SAMN13068779		PRJNA578301	Tanzania
GCA_009766295.1	SAMN13068782		PRJNA578301	Tanzania
GCA_009766365.1	SAMN13068781		PRJNA578301	Tanzania
GCA_009766355.1	SAMN13068780		PRJNA578301	Tanzania
GCA_009767145.1	SAMN13068753		PRJNA578301	Tanzania
GCA_009767125.1	SAMN13068755		PRJNA578301	Tanzania
GCA_009767135.1	SAMN13068754		PRJNA578301	Tanzania
GCA_009767075.1	SAMN13068760		PRJNA578301	Tanzania
GCA_009767045.1	SAMN13068761		PRJNA578301	Tanzania
GCA_009767025.1	SAMN13068708		PRJNA578301	Tanzania
GCA_009767015.1	SAMN13068709		PRJNA578301	Tanzania
GCA_009767005.1	SAMN13068707		PRJNA578301	Tanzania
GCA_009766965.1	SAMN13068711		PRJNA578301	Tanzania
GCA_009766975.1	SAMN13068710		PRJNA578301	Tanzania
GCA_009766915.1	SAMN13068713		PRJNA578301	Tanzania
GCA_009766925.1	SAMN13068712		PRJNA578301	Tanzania
GCA_009766905.1	SAMN13068715		PRJNA578301	Tanzania
GCA_009766705.1	SAMN13068723		PRJNA578301	Tanzania
GCA_009766715.1	SAMN13068722		PRJNA578301	Tanzania
GCA_009766725.1	SAMN13068721		PRJNA578301	Tanzania
GCA_009766675.1	SAMN13068735		PRJNA578301	Tanzania
GCA_009766655.1	SAMN13068736		PRJNA578301	Tanzania
GCA_009766665.1	SAMN13068763		PRJNA578301	Tanzania
GCA_009766645.1	SAMN13068724		PRJNA578301	Tanzania
GCA_009767545.1	SAMN13068726		PRJNA578301	Tanzania
GCA_009767515.1	SAMN13068729		PRJNA578301	Tanzania
GCA_009767495.1	SAMN13068727		PRJNA578301	Tanzania
GCA_009767485.1	SAMN13068728		PRJNA578301	Tanzania
GCA_009767465.1	SAMN13068730		PRJNA578301	Tanzania
GCA_009767445.1	SAMN13068731		PRJNA578301	Tanzania
GCA_009767395.1	SAMN13068732		PRJNA578301	Tanzania
GCA_009767405.1	SAMN13068734		PRJNA578301	Tanzania
GCA_009767385.1	SAMN13068733		PRJNA578301	Tanzania
GCA_009767345.1	SAMN13068740		PRJNA578301	Tanzania
GCA_009767355.1	SAMN13068739		PRJNA578301	Tanzania
GCA_009767305.1	SAMN13068744		PRJNA578301	Tanzania
GCA_009767285.1	SAMN13068743		PRJNA578301	Tanzania
GCA_009767295.1	SAMN13068741		PRJNA578301	Tanzania
GCA_009767255.1	SAMN13068747		PRJNA578301	Tanzania
GCA_009767245.1	SAMN13068749		PRJNA578301	Tanzania
GCA_009767185.1	SAMN13068752		PRJNA578301	Tanzania
GCA_009767195.1	SAMN13068751		PRJNA578301	Tanzania
GCA_009768095.1	SAMN13527752		PRJNA578301	Tanzania
GCA_009768055.1	SAMN13527755		PRJNA578301	Tanzania
GCA_009768045.1	SAMN13527754		PRJNA578301	Tanzania
GCA_009768205.1	SAMN13527747		PRJNA578301	Tanzania
GCA_009768185.1	SAMN13527749		PRJNA578301	Tanzania
GCA_009768155.1	SAMN13527751		PRJNA578301	Tanzania
GCA_009768145.1	SAMN13527750		PRJNA578301	Tanzania
GCA_009768625.1	SAMN13527721		PRJNA578301	Tanzania
GCA_009768595.1	SAMN13527725		PRJNA578301	Tanzania
GCA_009768575.1	SAMN13527727		PRJNA578301	Tanzania
GCA_009768565.1	SAMN13527726		PRJNA578301	Tanzania
GCA_009768535.1	SAMN13527728		PRJNA578301	Tanzania
GCA_009768525.1	SAMN13527729		PRJNA578301	Tanzania
GCA_009768485.1	SAMN13527734		PRJNA578301	Tanzania
GCA_009768495.1	SAMN13527730		PRJNA578301	Tanzania
GCA_009768465.1	SAMN13527735		PRJNA578301	Tanzania
GCA_009768435.1	SAMN13527736		PRJNA578301	Tanzania
GCA_009768425.1	SAMN13527737		PRJNA578301	Tanzania
GCA_009768385.1	SAMN13527738		PRJNA578301	Tanzania
GCA_009768375.1	SAMN13527739		PRJNA578301	Tanzania
GCA_009768365.1	SAMN13527740		PRJNA578301	Tanzania
GCA_009768335.1	SAMN13527741		PRJNA578301	Tanzania
GCA_009768325.1	SAMN13527742		PRJNA578301	Tanzania
GCA_009768285.1	SAMN13527743		PRJNA578301	Tanzania
GCA_009768265.1	SAMN13527746		PRJNA578301	Tanzania
GCA_009768255.1	SAMN13527745		PRJNA578301	Tanzania
GCA_009768245.1	SAMN13527744		PRJNA578301	Tanzania
GCA_009765595.1	SAMN13068785		PRJNA578301	Tanzania
GCA_009765585.1	SAMN13068786		PRJNA578301	Tanzania
GCA_009765545.1	SAMN13068787		PRJNA578301	Tanzania
GCA_009762105.1	SAMN13068720		PRJNA578301	Tanzania
GCA_009762085.1	SAMN13068737		PRJNA578301	Tanzania
GCA_009762095.1	SAMN13068725		PRJNA578301	Tanzania
GCA_009762075.1	SAMN13068738		PRJNA578301	Tanzania
GCA_009762055.1	SAMN13068742		PRJNA578301	Tanzania
GCA_009762025.1	SAMN13068746		PRJNA578301	Tanzania
GCA_009762015.1	SAMN13068745		PRJNA578301	Tanzania
GCA_009761975.1	SAMN13068748		PRJNA578301	Tanzania
GCA_009761955.1	SAMN13068750		PRJNA578301	Tanzania
GCA_009761965.1	SAMN13068756		PRJNA578301	Tanzania
GCA_009761905.1	SAMN13068770		PRJNA578301	Tanzania
GCA_009761895.1	SAMN13068759		PRJNA578301	Tanzania
GCA_009761865.1	SAMN13068762		PRJNA578301	Tanzania
GCA_009761885.1	SAMN13068768		PRJNA578301	Tanzania
GCA_009761855.1	SAMN13068769		PRJNA578301	Tanzania
GCA_009761825.1	SAMN13068788		PRJNA578301	Tanzania
GCA_009762195.1	SAMN13068716		PRJNA578301	Tanzania
GCA_009762185.1	SAMN13068714		PRJNA578301	Tanzania
GCA_009762205.1	SAMN13068717		PRJNA578301	Tanzania
GCA_009762175.1	SAMN13068718		PRJNA578301	Tanzania
GCA_011763335.1	SAMN13616209		PRJNA578301	Tanzania
GCA_011763315.1	SAMN13616211		PRJNA578301	Tanzania
GCA_011763295.1	SAMN13616212		PRJNA578301	Tanzania
GCA_011763275.1	SAMN13616210		PRJNA578301	Tanzania
GCA_011763235.1	SAMN13616214		PRJNA578301	Tanzania
GCA_011763255.1	SAMN13616213		PRJNA578301	Tanzania
GCA_011763215.1	SAMN13616217		PRJNA578301	Tanzania
GCA_011763195.1	SAMN13616216		PRJNA578301	Tanzania
GCA_011763175.1	SAMN13616215		PRJNA578301	Tanzania
GCA_011763155.1	SAMN13616218		PRJNA578301	Tanzania
GCA_011763135.1	SAMN13616219		PRJNA578301	Tanzania
GCA_011763115.1	SAMN13616221		PRJNA578301	Tanzania
GCA_011763095.1	SAMN13616223		PRJNA578301	Tanzania
GCA_011763075.1	SAMN13616224		PRJNA578301	Tanzania
GCA_011763055.1	SAMN13616220		PRJNA578301	Tanzania
GCA_011763035.1	SAMN13616225		PRJNA578301	Tanzania
GCA_011763015.1	SAMN13616230		PRJNA578301	Tanzania
GCA_011762995.1	SAMN13616237		PRJNA578301	Tanzania
GCA_011762975.1	SAMN13616268		PRJNA578301	Tanzania
GCA_011762955.1	SAMN13616254		PRJNA578301	Tanzania
GCA_011762935.1	SAMN13616265		PRJNA578301	Tanzania
GCA_011762915.1	SAMN13616270		PRJNA578301	Tanzania
GCA_011762895.1	SAMN13616269		PRJNA578301	Tanzania
GCA_011762875.1	SAMN13616272		PRJNA578301	Tanzania
GCA_011762855.1	SAMN13616275		PRJNA578301	Tanzania
GCA_011762835.1	SAMN13616274		PRJNA578301	Tanzania
GCA_011762815.1	SAMN13616273		PRJNA578301	Tanzania
GCA_011762795.1	SAMN13616271		PRJNA578301	Tanzania
GCA_011762695.1	SAMN13616279		PRJNA578301	Tanzania
GCA_011318355.1	SAMN13683278		PRJNA578301	Tanzania
GCA_011318335.1	SAMN13683280		PRJNA578301	Tanzania
GCA_011318275.1	SAMN13683282		PRJNA578301	Tanzania
GCA_011318235.1	SAMN13683284		PRJNA578301	Tanzania
GCA_011318255.1	SAMN13683283		PRJNA578301	Tanzania
GCA_011318215.1	SAMN13683285		PRJNA578301	Tanzania
GCA_011318195.1	SAMN13683287		PRJNA578301	Tanzania
GCA_011318175.1	SAMN13683288		PRJNA578301	Tanzania
GCA_011318155.1	SAMN13683286		PRJNA578301	Tanzania
GCA_011318115.1	SAMN13683289		PRJNA578301	Tanzania
GCA_011318135.1	SAMN13683290		PRJNA578301	Tanzania
GCA_011318095.1	SAMN13683291		PRJNA578301	Tanzania
GCA_011318075.1	SAMN13683292		PRJNA578301	Tanzania
GCA_011318055.1	SAMN13683294		PRJNA578301	Tanzania
GCA_011318015.1	SAMN13683295		PRJNA578301	Tanzania
GCA_011318035.1	SAMN13683296		PRJNA578301	Tanzania
GCA_011317995.1	SAMN13683297		PRJNA578301	Tanzania
GCA_011317975.1	SAMN13683302		PRJNA578301	Tanzania
GCA_011317955.1	SAMN13683298		PRJNA578301	Tanzania
GCA_011317915.1	SAMN13683299		PRJNA578301	Tanzania
GCA_011317925.1	SAMN13683300		PRJNA578301	Tanzania
GCA_011317895.1	SAMN13683301		PRJNA578301	Tanzania
GCA_011317875.1	SAMN13683303		PRJNA578301	Tanzania
GCA_011317825.1	SAMN13683308		PRJNA578301	Tanzania
GCA_011317815.1	SAMN13683305		PRJNA578301	Tanzania
GCA_011317795.1	SAMN13683304		PRJNA578301	Tanzania
GCA_011317775.1	SAMN13683307		PRJNA578301	Tanzania
GCA_011317725.1	SAMN13683309		PRJNA578301	Tanzania
GCA_011317705.1	SAMN13683311		PRJNA578301	Tanzania
GCA_011317675.1	SAMN13683310		PRJNA578301	Tanzania
GCA_011317645.1	SAMN13683312		PRJNA578301	Tanzania
GCA_011317625.1	SAMN13683314		PRJNA578301	Tanzania
GCA_011317605.1	SAMN13683313		PRJNA578301	Tanzania
GCA_011317565.1	SAMN13683318		PRJNA578301	Tanzania
GCA_011317525.1	SAMN13683319		PRJNA578301	Tanzania
GCA_011317465.1	SAMN13673713		PRJNA578301	Tanzania
GCA_011317395.1	SAMN13673715		PRJNA578301	Tanzania
GCA_011317375.1	SAMN13673761		PRJNA578301	Tanzania
GCA_011317355.1	SAMN13673769		PRJNA578301	Tanzania
GCA_011319155.1	SAMN13683349		PRJNA578301	Tanzania
GCA_011319175.1	SAMN13683348		PRJNA578301	Tanzania
GCA_011319095.1	SAMN13683353		PRJNA578301	Tanzania
GCA_011319045.1	SAMN13683358		PRJNA578301	Tanzania
GCA_011319115.1	SAMN13683351		PRJNA578301	Tanzania
GCA_011319135.1	SAMN13683350		PRJNA578301	Tanzania
GCA_011319075.1	SAMN13683354		PRJNA578301	Tanzania
GCA_011319035.1	SAMN13683356		PRJNA578301	Tanzania
GCA_011318995.1	SAMN13683359		PRJNA578301	Tanzania
GCA_011319015.1	SAMN13683357		PRJNA578301	Tanzania
GCA_011318955.1	SAMN13683363		PRJNA578301	Tanzania
GCA_011318975.1	SAMN13683364		PRJNA578301	Tanzania
GCA_011318915.1	SAMN13683365		PRJNA578301	Tanzania
GCA_011318935.1	SAMN13683366		PRJNA578301	Tanzania
GCA_011318875.1	SAMN13683368		PRJNA578301	Tanzania
GCA_011318895.1	SAMN13683367		PRJNA578301	Tanzania
GCA_011318855.1	SAMN13683369		PRJNA578301	Tanzania
GCA_011318815.1	SAMN13683371		PRJNA578301	Tanzania
GCA_011318835.1	SAMN13683370		PRJNA578301	Tanzania
GCA_011318795.1	SAMN13683376		PRJNA578301	Tanzania
GCA_011318755.1	SAMN13683379		PRJNA578301	Tanzania
GCA_011318775.1	SAMN13683378		PRJNA578301	Tanzania
GCA_011318735.1	SAMN13683380		PRJNA578301	Tanzania
GCA_011318655.1	SAMN13683396		PRJNA578301	Tanzania
GCA_011318695.1	SAMN13683385		PRJNA578301	Tanzania
GCA_011318715.1	SAMN13683381		PRJNA578301	Tanzania
GCA_011318675.1	SAMN13683386		PRJNA578301	Tanzania
GCA_011318635.1	SAMN13683395		PRJNA578301	Tanzania
GCA_011318595.1	SAMN13683398		PRJNA578301	Tanzania
GCA_011318615.1	SAMN13683397		PRJNA578301	Tanzania
GCA_011318495.1	SAMN13683271		PRJNA578301	Tanzania
GCA_011318555.1	SAMN13683400		PRJNA578301	Tanzania
GCA_011318575.1	SAMN13683399		PRJNA578301	Tanzania
GCA_011318535.1	SAMN13683402		PRJNA578301	Tanzania
GCA_011318515.1	SAMN13683401		PRJNA578301	Tanzania
GCA_011318475.1	SAMN13683273		PRJNA578301	Tanzania
GCA_011318435.1	SAMN13683274		PRJNA578301	Tanzania
GCA_011318455.1	SAMN13683272		PRJNA578301	Tanzania
GCA_011318395.1	SAMN13683276		PRJNA578301	Tanzania
GCA_011318375.1	SAMN13683277		PRJNA578301	Tanzania
GCA_011318415.1	SAMN13683275		PRJNA578301	Tanzania
GCA_011318315.1	SAMN13683279		PRJNA578301	Tanzania
GCA_011318295.1	SAMN13683281		PRJNA578301	Tanzania
GCA_009720065.1	SAMN13268570		PRJNA589205	Nigeria
GCA_013112335.1	SAMN14485346		PRJNA616250	Gambia
GCA_013122565.1	SAMN14485325		PRJNA616250	Gambia
GCA_018972265.1	SAMN19700014		PRJNA737575	Ethiopia
GCA_018972245.1	SAMN19700013		PRJNA737575	Ethiopia
GCA_018972225.1	SAMN19700015		PRJNA737575	Ethiopia
GCA_018972205.1	SAMN19700016		PRJNA737575	Ethiopia
GCA_025536675.1	SAMN19728230		PRJNA738374	Senegal
GCA_025536655.1	SAMN19728231		PRJNA738374	Senegal
GCA_025536635.1	SAMN19728233		PRJNA738374	Senegal
GCA_025536575.1	SAMN19728235		PRJNA738374	Senegal
GCA_025536555.1	SAMN19728238		PRJNA738374	Senegal
GCA_025536535.1	SAMN19728239		PRJNA738374	Senegal
GCA_025536515.1	SAMN19728242		PRJNA738374	Senegal
GCA_025536495.1	SAMN19728240		PRJNA738374	Senegal
GCA_025544715.1	SAMN19728224		PRJNA738374	Senegal
GCA_025544755.1	SAMN19728221		PRJNA738374	Senegal
GCA_025544835.1	SAMN19728223		PRJNA738374	Senegal
GCA_025544795.1	SAMN19728228		PRJNA738374	Senegal
GCA_022530665.1	SAMN26088609		PRJNA806525	Sudan and Zambia
GCA_022530645.1	SAMN26088608		PRJNA806525	Sudan and Zambia
GCA_022530625.1	SAMN26088607		PRJNA806525	Sudan and Zambia
GCA_022531725.1	SAMN26095835		PRJNA806525	Sudan and Zambia
GCA_022531605.1	SAMN26095829		PRJNA806525	Sudan and Zambia
GCA_022531485.1	SAMN26095828		PRJNA806525	Sudan and Zambia
GCA_022531425.1	SAMN26095824		PRJNA806525	Sudan and Zambia
GCA_022531295.1	SAMN26095822		PRJNA806525	Sudan and Zambia
GCA_022531175.1	SAMN26095821		PRJNA806525	Sudan and Zambia
GCA_022531055.1	SAMN26095818		PRJNA806525	Sudan and Zambia
GCA_022557295.1	SAMN25990926		PRJNA806525	Sudan and Zambia
GCA_022488345.1	SAMN26095817		PRJNA806525	Sudan and Zambia
GCA_022488325.1	SAMN26095831		PRJNA806525	Sudan and Zambia
GCA_022488305.1	SAMN26095830		PRJNA806525	Sudan and Zambia
GCA_022488285.1	SAMN26095825		PRJNA806525	Sudan and Zambia
GCA_022488265.1	SAMN26095826		PRJNA806525	Sudan and Zambia
GCA_022488245.1	SAMN26095827		PRJNA806525	Sudan and Zambia
GCA_022488225.1	SAMN26095820		PRJNA806525	Sudan and Zambia
GCA_022488205.1	SAMN26095823		PRJNA806525	Sudan and Zambia
GCA_022488185.1	SAMN26095816		PRJNA806525	Sudan and Zambia
GCA_022488165.1	SAMN26095819		PRJNA806525	Sudan and Zambia
GCA_022968855.1	SAMN27356685		PRJNA823741	Ghana
GCA_022968355.1	SAMN27356684		PRJNA823741	Ghana
GCA_022968635.1	SAMN27356668		PRJNA823741	Ghana
GCA_022968615.1	SAMN27356667		PRJNA823741	Ghana
GCA_022968595.1	SAMN27356669		PRJNA823741	Ghana
GCA_022968575.1	SAMN27356675		PRJNA823741	Ghana
GCA_022968555.1	SAMN27356677		PRJNA823741	Ghana
GCA_022968525.1	SAMN27356678		PRJNA823741	Ghana
GCA_022968515.1	SAMN27356676		PRJNA823741	Ghana
GCA_022968495.1	SAMN27356679		PRJNA823741	Ghana
GCA_022968465.1	SAMN27356681		PRJNA823741	Ghana
GCA_022968455.1	SAMN27356680		PRJNA823741	Ghana
GCA_022968425.1	SAMN27356683		PRJNA823741	Ghana
GCA_022968415.1	SAMN27356674		PRJNA823741	Ghana
GCA_022968235.1	SAMN27356671		PRJNA823741	Ghana
GCA_022968215.1	SAMN27356673		PRJNA823741	Ghana
GCA_022968335.1	SAMN27356672		PRJNA823741	Ghana
GCA_022967975.1	SAMN27356665		PRJNA823741	Ghana
GCA_022967965.1	SAMN27356666		PRJNA823741	Ghana
GCA_022968115.1	SAMN27356663		PRJNA823741	Ghana
GCA_022968075.1	SAMN27356662		PRJNA823741	Ghana
GCA_022968055.1	SAMN27356664		PRJNA823741	Ghana
GCA_025630715.1	SAMN31146635		PRJNA823741	Ghana
GCA_025630975.1	SAMN31146634		PRJNA823741	Ghana
GCA_025660355.1	SAMN27356682		PRJNA823741	Ghana
GCA_025660335.1	SAMN27356710		PRJNA823741	Ghana
GCA_040716855.1	SAMN27642201		PRJNA828150	Jordan
GCA_040716815.1	SAMN27642204		PRJNA828150	Jordan
GCA_040716805.1	SAMN27642202		PRJNA828150	Jordan
GCA_040716825.1	SAMN27642203		PRJNA828150	Jordan
GCA_040716795.1	SAMN27642205		PRJNA828150	Jordan
GCA_040716765.1	SAMN27642206		PRJNA828150	Jordan
GCA_040716735.1	SAMN27642209		PRJNA828150	Jordan
GCA_040716745.1	SAMN27642207		PRJNA828150	Jordan
GCA_040716715.1	SAMN27642208		PRJNA828150	Jordan
GCA_040716695.1	SAMN27642210		PRJNA828150	Jordan
GCA_040716665.1	SAMN27642212		PRJNA828150	Jordan
GCA_040716645.1	SAMN27642214		PRJNA828150	Jordan
GCA_040716635.1	SAMN27642211		PRJNA828150	Jordan
GCA_040716605.1	SAMN27642213		PRJNA828150	Jordan
GCA_040716595.1	SAMN27642215		PRJNA828150	Jordan
GCA_040716555.1	SAMN27642217		PRJNA828150	Jordan
GCA_040716565.1	SAMN27642216		PRJNA828150	Jordan
GCA_040716535.1	SAMN27642218		PRJNA828150	Jordan
GCA_040716505.1	SAMN27642219		PRJNA828150	Jordan
GCA_040713915.1	SAMN27642220		PRJNA828150	Jordan
GCA_040713875.1	SAMN27642222		PRJNA828150	Jordan
GCA_040713885.1	SAMN27642221		PRJNA828150	Jordan
GCA_040713835.1	SAMN27642223		PRJNA828150	Jordan
GCA_040713845.1	SAMN27642224		PRJNA828150	Jordan
GCA_040713815.1	SAMN27642225		PRJNA828150	Jordan
GCA_040713795.1	SAMN27642227		PRJNA828150	Jordan
GCA_040713775.1	SAMN27642226		PRJNA828150	Jordan
GCA_040713755.1	SAMN27642228		PRJNA828150	Jordan
GCA_040713735.1	SAMN27642230		PRJNA828150	Jordan
GCA_040713685.1	SAMN27642231		PRJNA828150	Jordan
GCA_040713695.1	SAMN27642229		PRJNA828150	Jordan
GCA_040713675.1	SAMN27642232		PRJNA828150	Jordan
GCA_040713625.1	SAMN27642234		PRJNA828150	Jordan
GCA_040713645.1	SAMN27642235		PRJNA828150	Jordan
GCA_040713615.1	SAMN27642233		PRJNA828150	Jordan
GCA_040713585.1	SAMN27642237		PRJNA828150	Jordan
GCA_040713575.1	SAMN27642238		PRJNA828150	Jordan
GCA_040713555.1	SAMN27642236		PRJNA828150	Jordan
GCA_040713525.1	SAMN27642239		PRJNA828150	Jordan
GCA_040713515.1	SAMN27642240		PRJNA828150	Jordan
GCA_040713485.1	SAMN27642242		PRJNA828150	Jordan
GCA_040713475.1	SAMN27642243		PRJNA828150	Jordan
GCA_040713455.1	SAMN27642241		PRJNA828150	Jordan
GCA_040713425.1	SAMN27642245		PRJNA828150	Jordan
GCA_040713395.1	SAMN27642246		PRJNA828150	Jordan
GCA_040713415.1	SAMN27642244		PRJNA828150	Jordan
GCA_040713355.1	SAMN27642247		PRJNA828150	Jordan
GCA_040713365.1	SAMN27642249		PRJNA828150	Jordan
GCA_040713335.1	SAMN27642248		PRJNA828150	Jordan
GCA_040713315.1	SAMN27642250		PRJNA828150	Jordan
GCA_040713295.1	SAMN27642252		PRJNA828150	Jordan
GCA_040713275.1	SAMN27642251		PRJNA828150	Jordan
GCA_040713245.1	SAMN27642254		PRJNA828150	Jordan
GCA_040713235.1	SAMN27642253		PRJNA828150	Jordan
GCA_040713185.1	SAMN27642256		PRJNA828150	Jordan
GCA_040713175.1	SAMN27642258		PRJNA828150	Jordan
GCA_040713165.1	SAMN27642257		PRJNA828150	Jordan
GCA_040713155.1	SAMN27642255		PRJNA828150	Jordan
GCA_040713135.1	SAMN27642259		PRJNA828150	Jordan
GCA_040713065.1	SAMN27642263		PRJNA828150	Jordan
GCA_040713085.1	SAMN27642261		PRJNA828150	Jordan
GCA_040713075.1	SAMN27642260		PRJNA828150	Jordan
GCA_040713055.1	SAMN27642262		PRJNA828150	Jordan
GCA_040713035.1	SAMN27642264		PRJNA828150	Jordan
GCA_040713015.1	SAMN27642265		PRJNA828150	Jordan
GCA_040712995.1	SAMN27642266		PRJNA828150	Jordan
GCA_040712975.1	SAMN27642267		PRJNA828150	Jordan
GCA_040712915.1	SAMN27642269		PRJNA828150	Jordan
GCA_040712925.1	SAMN27642271		PRJNA828150	Jordan
GCA_040712895.1	SAMN27642270		PRJNA828150	Jordan
GCA_040712905.1	SAMN27642268		PRJNA828150	Jordan
GCA_040712875.1	SAMN27642272		PRJNA828150	Jordan
GCA_040712825.1	SAMN27642273		PRJNA828150	Jordan
GCA_040712795.1	SAMN27642277		PRJNA828150	Jordan
GCA_040712805.1	SAMN27642274		PRJNA828150	Jordan
GCA_040712815.1	SAMN27642275		PRJNA828150	Jordan
GCA_040712775.1	SAMN27642276		PRJNA828150	Jordan
GCA_040712755.1	SAMN27642278		PRJNA828150	Jordan
GCA_040712725.1	SAMN27642279		PRJNA828150	Jordan
GCA_040712705.1	SAMN27642280		PRJNA828150	Jordan
GCA_040712685.1	SAMN27642282		PRJNA828150	Jordan
GCA_040712665.1	SAMN27642281		PRJNA828150	Jordan
GCA_040712645.1	SAMN27642283		PRJNA828150	Jordan
GCA_040712635.1	SAMN27642284		PRJNA828150	Jordan
GCA_040712595.1	SAMN27642286		PRJNA828150	Jordan
GCA_040712565.1	SAMN27642287		PRJNA828150	Jordan
GCA_040712535.1	SAMN27642289		PRJNA828150	Jordan
GCA_040712545.1	SAMN27642288		PRJNA828150	Jordan
GCA_040712555.1	SAMN27642285		PRJNA828150	Jordan
GCA_040712505.1	SAMN27642293		PRJNA828150	Jordan
GCA_040712485.1	SAMN27642291		PRJNA828150	Jordan
GCA_040712465.1	SAMN27642294		PRJNA828150	Jordan
GCA_040712435.1	SAMN27642292		PRJNA828150	Jordan
GCA_040712445.1	SAMN27642290		PRJNA828150	Jordan
GCA_040712345.1	SAMN27642295		PRJNA828150	Jordan
GCA_040712355.1	SAMN27642296		PRJNA828150	Jordan
GCA_040712375.1	SAMN27642297		PRJNA828150	Jordan
GCA_040712365.1	SAMN27642299		PRJNA828150	Jordan
GCA_040712335.1	SAMN27642298		PRJNA828150	Jordan
GCA_024700845.1	SAMN29553898		PRJNA856486	Mali
GCA_024330025.2	SAMN29553880		PRJNA856486	Mali
GCA_024331345.2	SAMN29553884		PRJNA856486	Mali
GCA_024700835.2	SAMN29553885		PRJNA856486	Mali
GCA_024331475.2	SAMN29553890		PRJNA856486	Mali
GCA_024330145.2	SAMN29553883		PRJNA856486	Mali
GCA_024329775.2	SAMN29553881		PRJNA856486	Mali
GCA_024331425.2	SAMN29553886		PRJNA856486	Mali
GCA_024331525.2	SAMN29553889		PRJNA856486	Mali
GCA_024331585.2	SAMN29553894		PRJNA856486	Mali
GCA_024331375.2	SAMN29553892		PRJNA856486	Mali
GCA_024331445.2	SAMN29553888		PRJNA856486	Mali
GCA_024331495.2	SAMN29553887		PRJNA856486	Mali
GCA_024700885.2	SAMN29553897		PRJNA856486	Mali
GCA_024700815.2	SAMN29553896		PRJNA856486	Mali
GCA_024331535.2	SAMN29553893		PRJNA856486	Mali
GCA_024700745.2	SAMN29553895		PRJNA856486	Mali
GCA_024700875.2	SAMN29553891		PRJNA856486	Mali
GCA_024329785.2	SAMN29553882		PRJNA856486	Mali
GCA_030025055.1	SAMN34372872		PRJNA962793	Nigeria
GCA_030025045.1	SAMN34372873		PRJNA962793	Nigeria
GCA_030024925.1	SAMN34372874		PRJNA962793	Nigeria
GCA_030024735.1	SAMN34372878		PRJNA962793	Nigeria
GCA_030024825.1	SAMN34372875		PRJNA962793	Nigeria
GCA_030024805.1	SAMN34372876		PRJNA962793	Nigeria
GCA_030024785.1	SAMN34372877		PRJNA962793	Nigeria
GCA_030024765.1	SAMN34372879		PRJNA962793	Nigeria
GCA_030024505.1	SAMN34372884		PRJNA962793	Nigeria
GCA_030024465.1	SAMN34372886		PRJNA962793	Nigeria
GCA_030024425.1	SAMN34372889		PRJNA962793	Nigeria
GCA_030024405.1	SAMN34372885		PRJNA962793	Nigeria
GCA_030024385.1	SAMN34372888		PRJNA962793	Nigeria
GCA_030024545.1	SAMN34372883		PRJNA962793	Nigeria
GCA_030024645.1	SAMN34372881		PRJNA962793	Nigeria
GCA_030024605.1	SAMN34372882		PRJNA962793	Nigeria
GCA_030024615.1	SAMN34372880		PRJNA962793	Nigeria
GCA_030024345.1	SAMN34372890		PRJNA962793	Nigeria
GCA_030024325.1	SAMN34372887		PRJNA962793	Nigeria
GCA_030520165.1	SAMN35842356		PRJNA986545	Senegal
