Gene,AMRfinder,ARGANNOT,CARD,MEGARES,NCBI,RESFINDER,TotalGenomes
(AGly)aac3-IIa,0.0,40.0,0.0,0.0,0.0,0.0,40
(AGly)aac3-IId,0.0,178.0,0.0,0.0,0.0,0.0,178
(AGly)aac3-VIa,0.0,3.0,0.0,0.0,0.0,0.0,3
(AGly)aac6-Ib,0.0,1.0,0.0,0.0,0.0,0.0,1
(AGly)aadA1-pm,0.0,100.0,0.0,0.0,0.0,0.0,100
(AGly)aadA2,0.0,80.0,0.0,0.0,0.0,0.0,80
(AGly)aadA22,0.0,1.0,0.0,0.0,0.0,0.0,1
(AGly)aadA3,0.0,1.0,0.0,0.0,0.0,0.0,1
(AGly)aadA5,0.0,147.0,0.0,0.0,0.0,0.0,147
(AGly)aph(3'')-Ia,0.0,1.0,0.0,0.0,0.0,0.0,1
(AGly)aph3-Ia,0.0,23.0,0.0,0.0,0.0,0.0,23
(AGly)rmtB,0.0,58.0,0.0,0.0,0.0,0.0,58
(AGly)sat-2A,0.0,90.0,0.0,0.0,0.0,0.0,90
(AGly)str,0.0,1.0,0.0,0.0,0.0,0.0,1
(AGly)strA,0.0,254.0,0.0,0.0,0.0,0.0,254
(AGly)strB,0.0,260.0,0.0,0.0,0.0,0.0,260
(Bla)AmpC1_Ecoli,0.0,292.0,0.0,0.0,0.0,0.0,292
(Bla)AmpC2_Ecoli,0.0,444.0,0.0,0.0,0.0,0.0,444
(Bla)Penicillin_Binding_Protein_Ecoli,0.0,444.0,0.0,0.0,0.0,0.0,444
(Bla)ampH,0.0,1.0,0.0,0.0,0.0,0.0,1
(Bla)ampH_Ecoli,0.0,444.0,0.0,0.0,0.0,0.0,444
(Bla)blaACT-38,0.0,1.0,0.0,0.0,0.0,0.0,1
(Bla)blaCMY-111,0.0,4.0,0.0,0.0,0.0,0.0,4
(Bla)blaCMY-42,0.0,1.0,0.0,0.0,0.0,0.0,1
(Bla)blaCMY-83,0.0,1.0,0.0,0.0,0.0,0.0,1
(Bla)blaCTX-M-14,0.0,2.0,0.0,0.0,0.0,0.0,2
(Bla)blaCTX-M-15,0.0,250.0,0.0,0.0,0.0,0.0,250
(Bla)blaCTX-M-27,0.0,30.0,0.0,0.0,0.0,0.0,30
(Bla)blaCTX-M-55,0.0,15.0,0.0,0.0,0.0,0.0,15
(Bla)blaDHA-1,0.0,2.0,0.0,0.0,0.0,0.0,2
(Bla)blaNDM-1,0.0,1.0,0.0,0.0,0.0,0.0,1
(Bla)blaNDM-19,0.0,1.0,0.0,0.0,0.0,0.0,1
(Bla)blaNDM-20,0.0,1.0,0.0,0.0,0.0,0.0,1
(Bla)blaNDM-5,0.0,158.0,0.0,0.0,0.0,0.0,158
(Bla)blaOXA-1,0.0,111.0,0.0,0.0,0.0,0.0,111
(Bla)blaOXA-48,0.0,2.0,0.0,0.0,0.0,0.0,2
(Bla)blaOXA-9,0.0,1.0,0.0,0.0,0.0,0.0,1
(Bla)blaTEM-105,0.0,244.0,0.0,0.0,0.0,0.0,244
(Bla)blaTEM-135,0.0,2.0,0.0,0.0,0.0,0.0,2
(Bla)blaTEM-150,0.0,2.0,0.0,0.0,0.0,0.0,2
(Bla)blaTEM-158,0.0,32.0,0.0,0.0,0.0,0.0,32
(Bla)blaTEM-1D,0.0,1.0,0.0,0.0,0.0,0.0,1
(Bla)blaTEM-206,0.0,3.0,0.0,0.0,0.0,0.0,3
(Bla)blaTEM-33,0.0,10.0,0.0,0.0,0.0,0.0,10
(Bla)blaTEM-57,0.0,1.0,0.0,0.0,0.0,0.0,1
(Flq)qepA,0.0,19.0,0.0,0.0,0.0,0.0,19
(Flq)qnr-S1,0.0,15.0,0.0,0.0,0.0,0.0,15
(Flq)qnrB1,0.0,1.0,0.0,0.0,0.0,0.0,1
(Flq)qnrB4,0.0,2.0,0.0,0.0,0.0,0.0,2
(MLS)erm(B),0.0,56.0,0.0,0.0,0.0,0.0,56
(MLS)mph(A),0.0,298.0,0.0,0.0,0.0,0.0,298
(MLS)mph(B),0.0,1.0,0.0,0.0,0.0,0.0,1
(Phe)catA1,0.0,18.0,0.0,0.0,0.0,0.0,18
(Phe)catA2,0.0,5.0,0.0,0.0,0.0,0.0,5
(Phe)catA8,0.0,1.0,0.0,0.0,0.0,0.0,1
(Phe)catB3,0.0,2.0,0.0,0.0,0.0,0.0,2
(Phe)catB4,0.0,66.0,0.0,0.0,0.0,0.0,66
(Phe)cmlA1,0.0,1.0,0.0,0.0,0.0,0.0,1
(Phe)floR,0.0,2.0,0.0,0.0,0.0,0.0,2
(Sul)sul1,0.0,229.0,0.0,0.0,0.0,0.0,229
(Sul)sul2,0.0,256.0,0.0,0.0,0.0,0.0,256
(Sul)sul3,0.0,4.0,0.0,0.0,0.0,0.0,4
(Tet)tetA,0.0,236.0,0.0,0.0,0.0,0.0,236
(Tet)tetB,0.0,150.0,0.0,0.0,0.0,0.0,150
(Tet)tetC,0.0,1.0,0.0,0.0,0.0,0.0,1
(Tet)tetD,0.0,1.0,0.0,0.0,0.0,0.0,1
(Tet)tetL,0.0,1.0,0.0,0.0,0.0,0.0,1
(Tet)tetM,0.0,1.0,0.0,0.0,0.0,0.0,1
(Tet)tetR,0.0,236.0,0.0,0.0,0.0,0.0,236
(Tet)tetU,0.0,1.0,0.0,0.0,0.0,0.0,1
(Tmt)dfrA1,0.0,99.0,0.0,0.0,0.0,0.0,99
(Tmt)dfrA12,0.0,82.0,0.0,0.0,0.0,0.0,82
(Tmt)dfrA14,0.0,23.0,0.0,0.0,0.0,0.0,23
(Tmt)dfrA17,0.0,150.0,0.0,0.0,0.0,0.0,150
(Tmt)dfrA5,0.0,1.0,0.0,0.0,0.0,0.0,1
(Tmt)dfrA8,0.0,6.0,0.0,0.0,0.0,0.0,6
(Tmt)dfrG,0.0,1.0,0.0,0.0,0.0,0.0,1
(Tmt)dhfr7,0.0,2.0,0.0,0.0,0.0,0.0,2
AAC(3)-IId,0.0,0.0,178.0,0.0,0.0,0.0,178
AAC(3)-IIe,0.0,0.0,40.0,0.0,0.0,0.0,40
AAC(3)-VIa,0.0,0.0,3.0,0.0,0.0,0.0,3
AAC(6')-Ib10,0.0,0.0,115.0,0.0,0.0,0.0,115
AAC3,0.0,0.0,0.0,219.0,0.0,0.0,219
ACRA,0.0,0.0,0.0,444.0,0.0,0.0,444
ACRB,0.0,0.0,0.0,443.0,0.0,0.0,443
ACRD,0.0,0.0,0.0,444.0,0.0,0.0,444
ACRE,0.0,0.0,0.0,434.0,0.0,0.0,434
ACRF,0.0,0.0,0.0,436.0,0.0,0.0,436
ACRS,0.0,0.0,0.0,355.0,0.0,0.0,355
ACT,0.0,0.0,0.0,1.0,0.0,0.0,1
ACT-118,0.0,0.0,1.0,0.0,0.0,0.0,1
AMPC,0.0,0.0,0.0,91.0,0.0,0.0,91
AMPH,0.0,0.0,0.0,444.0,0.0,0.0,444
ANT3-DPRIME,0.0,0.0,0.0,323.0,0.0,0.0,323
ANT6,0.0,0.0,0.0,1.0,0.0,0.0,1
APH(3'')-Ib,0.0,0.0,254.0,0.0,0.0,0.0,254
APH(3')-Ia,0.0,0.0,24.0,0.0,0.0,0.0,24
APH(6)-Id,0.0,0.0,260.0,0.0,0.0,0.0,260
APH3-DPRIME,0.0,0.0,0.0,254.0,0.0,0.0,254
APH3-PRIME,0.0,0.0,0.0,22.0,0.0,0.0,22
APH6,0.0,0.0,0.0,260.0,0.0,0.0,260
ASMA,0.0,0.0,0.0,440.0,0.0,0.0,440
AcrE,0.0,0.0,434.0,0.0,0.0,0.0,434
AcrF,0.0,0.0,436.0,0.0,0.0,0.0,436
AcrS,0.0,0.0,355.0,0.0,0.0,0.0,355
BACA,0.0,0.0,0.0,443.0,0.0,0.0,443
BAER,0.0,0.0,0.0,441.0,0.0,0.0,441
BAES,0.0,0.0,0.0,441.0,0.0,0.0,441
BCR,0.0,0.0,0.0,444.0,0.0,0.0,444
BLAEC,0.0,0.0,0.0,353.0,0.0,0.0,353
BRP,0.0,0.0,0.0,163.0,0.0,0.0,163
BRP(MBL),0.0,0.0,163.0,0.0,0.0,0.0,163
CATA,0.0,0.0,0.0,20.0,0.0,0.0,20
CMLA,0.0,0.0,0.0,1.0,0.0,0.0,1
CMY,0.0,0.0,0.0,6.0,0.0,0.0,6
CMY-159,0.0,0.0,1.0,0.0,0.0,0.0,1
CMY-59,0.0,0.0,5.0,0.0,0.0,0.0,5
CPXAR,0.0,0.0,0.0,444.0,0.0,0.0,444
CRP,0.0,0.0,444.0,444.0,0.0,0.0,444
CTX,0.0,0.0,0.0,353.0,0.0,0.0,353
CTX-M-14,0.0,0.0,2.0,0.0,0.0,0.0,2
CTX-M-15,0.0,0.0,250.0,0.0,0.0,0.0,250
CTX-M-27,0.0,0.0,30.0,0.0,0.0,0.0,30
CTX-M-55,0.0,0.0,15.0,0.0,0.0,0.0,15
CmlA7_1,0.0,0.0,0.0,0.0,0.0,1.0,1
DFRA,0.0,0.0,0.0,355.0,0.0,0.0,355
DFRG,0.0,0.0,0.0,1.0,0.0,0.0,1
DHA,0.0,0.0,0.0,2.0,0.0,0.0,2
DHA-1,0.0,0.0,2.0,0.0,0.0,0.0,2
EC-15,0.0,0.0,202.0,0.0,0.0,0.0,202
EC-5,0.0,0.0,151.0,0.0,0.0,0.0,151
EFRA,0.0,0.0,0.0,1.0,0.0,0.0,1
EFRB,0.0,0.0,0.0,1.0,0.0,0.0,1
EMRA,0.0,0.0,0.0,444.0,0.0,0.0,444
EMRB,0.0,0.0,0.0,440.0,0.0,0.0,440
EMRD,0.0,0.0,0.0,444.0,0.0,0.0,444
EMRK,0.0,0.0,0.0,444.0,0.0,0.0,444
EMRR,0.0,0.0,0.0,444.0,0.0,0.0,444
EMRY,0.0,0.0,0.0,444.0,0.0,0.0,444
EPTA,0.0,0.0,0.0,443.0,0.0,0.0,443
ERMB,0.0,0.0,0.0,56.0,0.0,0.0,56
EVGS,0.0,0.0,0.0,438.0,0.0,0.0,438
ErmB,0.0,0.0,56.0,0.0,0.0,0.0,56
Escherichia_coli_acrA,0.0,0.0,444.0,0.0,0.0,0.0,444
Escherichia_coli_ampC_beta-lactamase,0.0,0.0,91.0,0.0,0.0,0.0,91
Escherichia_coli_emrE,0.0,0.0,239.0,0.0,0.0,0.0,239
Escherichia_coli_mdfA,0.0,0.0,441.0,0.0,0.0,0.0,441
FLOR,0.0,0.0,0.0,2.0,0.0,0.0,2
FloR_4,0.0,0.0,0.0,0.0,0.0,2.0,2
GADW,0.0,0.0,0.0,442.0,0.0,0.0,442
GADX,0.0,0.0,0.0,437.0,0.0,0.0,437
GESA,0.0,0.0,0.0,1.0,0.0,0.0,1
H-NS,0.0,0.0,444.0,0.0,0.0,0.0,444
HNS,0.0,0.0,0.0,444.0,0.0,0.0,444
IBCR,0.0,0.0,0.0,1.0,0.0,0.0,1
KDPE,0.0,0.0,0.0,441.0,0.0,0.0,441
KPN,0.0,0.0,0.0,4.0,0.0,0.0,4
KPNO,0.0,0.0,0.0,443.0,0.0,0.0,443
Klebsiella_pneumoniae_KpnH,0.0,0.0,4.0,0.0,0.0,0.0,4
MARA,0.0,0.0,0.0,444.0,0.0,0.0,444
MARR,0.0,0.0,0.0,442.0,0.0,0.0,442
MDFA,0.0,0.0,0.0,441.0,0.0,0.0,441
MDTA,0.0,0.0,0.0,442.0,0.0,0.0,442
MDTB,0.0,0.0,0.0,442.0,0.0,0.0,442
MDTC,0.0,0.0,0.0,442.0,0.0,0.0,442
MDTE,0.0,0.0,0.0,441.0,0.0,0.0,441
MDTF,0.0,0.0,0.0,439.0,0.0,0.0,439
MDTG,0.0,0.0,0.0,444.0,0.0,0.0,444
MDTH,0.0,0.0,0.0,360.0,0.0,0.0,360
MDTI,0.0,0.0,0.0,443.0,0.0,0.0,443
MDTJ,0.0,0.0,0.0,444.0,0.0,0.0,444
MDTK,0.0,0.0,0.0,443.0,0.0,0.0,443
MDTM,0.0,0.0,0.0,439.0,0.0,0.0,439
MDTN,0.0,0.0,0.0,442.0,0.0,0.0,442
MDTO,0.0,0.0,0.0,440.0,0.0,0.0,440
MDTP,0.0,0.0,0.0,441.0,0.0,0.0,441
MPHA,0.0,0.0,0.0,298.0,0.0,0.0,298
MPHB,0.0,0.0,0.0,293.0,0.0,0.0,293
MSBA,0.0,0.0,0.0,442.0,0.0,0.0,442
MVRC,0.0,0.0,0.0,239.0,0.0,0.0,239
Mrx,0.0,0.0,294.0,0.0,0.0,0.0,294
NDM,0.0,0.0,0.0,161.0,0.0,0.0,161
NDM-1,0.0,0.0,1.0,0.0,0.0,0.0,1
NDM-16b,0.0,0.0,1.0,0.0,0.0,0.0,1
NDM-19,0.0,0.0,1.0,0.0,0.0,0.0,1
NDM-39,0.0,0.0,2.0,0.0,0.0,0.0,2
NDM-5,0.0,0.0,156.0,0.0,0.0,0.0,156
OXA,0.0,0.0,0.0,112.0,0.0,0.0,112
OXA-1,0.0,0.0,111.0,0.0,0.0,0.0,111
OXA-48,0.0,0.0,2.0,0.0,0.0,0.0,2
OXA-9,0.0,0.0,1.0,0.0,0.0,0.0,1
OmpA,0.0,0.0,443.0,0.0,0.0,0.0,443
PBP2,0.0,0.0,0.0,444.0,0.0,0.0,444
PBP4B,0.0,0.0,0.0,292.0,0.0,0.0,292
PMRF,0.0,0.0,0.0,443.0,0.0,0.0,443
PmrF,0.0,0.0,443.0,0.0,0.0,0.0,443
QACEDELTA1,0.0,0.0,0.0,2.0,0.0,0.0,2
QACL,0.0,0.0,0.0,4.0,0.0,0.0,4
QEPA,0.0,0.0,0.0,19.0,0.0,0.0,19
QNRB,0.0,0.0,0.0,3.0,0.0,0.0,3
QNRS,0.0,0.0,0.0,15.0,0.0,0.0,15
QepA2,0.0,0.0,10.0,0.0,0.0,0.0,10
QepA4,0.0,0.0,9.0,0.0,0.0,0.0,9
QnrB17,0.0,0.0,1.0,0.0,0.0,0.0,1
QnrB4,0.0,0.0,2.0,0.0,0.0,0.0,2
QnrS1,0.0,0.0,15.0,0.0,0.0,0.0,15
RMTB,0.0,0.0,0.0,58.0,0.0,0.0,58
ROBA,0.0,0.0,0.0,443.0,0.0,0.0,443
SAT-2,0.0,0.0,90.0,0.0,0.0,0.0,90
SOXS,0.0,0.0,0.0,443.0,0.0,0.0,443
SULI,0.0,0.0,0.0,230.0,0.0,0.0,230
SULII,0.0,0.0,0.0,254.0,0.0,0.0,254
SULIII,0.0,0.0,0.0,4.0,0.0,0.0,4
TEM,0.0,0.0,0.0,259.0,0.0,0.0,259
TEM-1,0.0,0.0,230.0,0.0,0.0,0.0,230
TEM-12,0.0,0.0,1.0,0.0,0.0,0.0,1
TEM-150,0.0,0.0,2.0,0.0,0.0,0.0,2
TEM-206,0.0,0.0,2.0,0.0,0.0,0.0,2
TEM-239,0.0,0.0,1.0,0.0,0.0,0.0,1
TEM-254,0.0,0.0,7.0,0.0,0.0,0.0,7
TEM-33,0.0,0.0,3.0,0.0,0.0,0.0,3
TEM-35,0.0,0.0,48.0,0.0,0.0,0.0,48
TEM-57,0.0,0.0,1.0,0.0,0.0,0.0,1
TETA,0.0,0.0,0.0,236.0,0.0,0.0,236
TETB,0.0,0.0,0.0,150.0,0.0,0.0,150
TETC,0.0,0.0,0.0,2.0,0.0,0.0,2
TETD,0.0,0.0,0.0,112.0,0.0,0.0,112
TETL,0.0,0.0,0.0,1.0,0.0,0.0,1
TETM,0.0,0.0,0.0,1.0,0.0,0.0,1
TETU,0.0,0.0,0.0,1.0,0.0,0.0,1
TolC,0.0,0.0,440.0,0.0,0.0,0.0,440
UGD,0.0,0.0,0.0,216.0,0.0,0.0,216
YOGI,0.0,0.0,0.0,444.0,0.0,0.0,444
YojI,0.0,0.0,444.0,0.0,0.0,0.0,444
aac(3)-IIa_6,0.0,0.0,0.0,0.0,0.0,40.0,40
aac(3)-IId,178.0,0.0,0.0,0.0,178.0,0.0,178
aac(3)-IId_1,0.0,0.0,0.0,0.0,0.0,178.0,178
aac(3)-IIe,41.0,0.0,0.0,0.0,40.0,0.0,41
aac(3)-VIa,3.0,0.0,0.0,0.0,3.0,0.0,3
aac(3)-VIa_2,0.0,0.0,0.0,0.0,0.0,3.0,3
aac(6')-Ib,1.0,0.0,0.0,0.0,0.0,0.0,1
aac(6')-Ib-AKT,0.0,0.0,0.0,0.0,1.0,0.0,1
aac(6')-Ib-D181Y,0.0,0.0,0.0,0.0,115.0,0.0,115
aac(6')-Ib-cr5,115.0,0.0,0.0,0.0,0.0,0.0,115
aac(6')-Ib-cr_1,0.0,0.0,0.0,0.0,0.0,115.0,115
aac(6')-Ib_1,0.0,0.0,0.0,0.0,0.0,1.0,1
aadA,0.0,0.0,100.0,0.0,0.0,0.0,100
aadA1,102.0,0.0,0.0,0.0,101.0,0.0,102
aadA2,85.0,0.0,80.0,0.0,81.0,0.0,85
aadA22,0.0,0.0,1.0,0.0,0.0,0.0,1
aadA22_1,0.0,0.0,0.0,0.0,0.0,1.0,1
aadA2_1,0.0,0.0,0.0,0.0,0.0,80.0,80
aadA2_2,0.0,0.0,0.0,0.0,0.0,1.0,1
aadA3,0.0,0.0,1.0,0.0,0.0,0.0,1
aadA5,150.0,0.0,147.0,0.0,147.0,0.0,150
aadA5_1,0.0,0.0,0.0,0.0,0.0,147.0,147
aafA,1.0,0.0,0.0,0.0,0.0,0.0,1
aafD,1.0,0.0,0.0,0.0,0.0,0.0,1
aaiC,2.0,0.0,0.0,0.0,0.0,0.0,2
aap,6.0,0.0,0.0,0.0,0.0,0.0,6
aar,3.0,0.0,0.0,0.0,0.0,0.0,3
aatA,2.0,0.0,0.0,0.0,0.0,0.0,2
acrB,0.0,0.0,443.0,0.0,0.0,0.0,443
acrD,0.0,0.0,444.0,0.0,0.0,0.0,444
acrF,437.0,0.0,0.0,0.0,0.0,0.0,437
acrR_E190RfsTer20,20.0,0.0,0.0,0.0,0.0,0.0,20
acrR_E72Ter,2.0,0.0,0.0,0.0,0.0,0.0,2
acrR_E76SfsTer13,2.0,0.0,0.0,0.0,0.0,0.0,2
acrR_I197SfsTer47,2.0,0.0,0.0,0.0,0.0,0.0,2
acrR_V29YfsTer44,69.0,0.0,0.0,0.0,0.0,0.0,69
afaC,49.0,0.0,0.0,0.0,0.0,0.0,49
ampC_T-32A,2.0,0.0,0.0,0.0,0.0,0.0,2
ant(3'')-Ia_1,0.0,0.0,0.0,0.0,0.0,100.0,100
aph(2'')-Ii,0.0,0.0,0.0,0.0,1.0,0.0,1
aph(3'')-Ib,264.0,0.0,0.0,0.0,254.0,0.0,264
aph(3'')-Ib_2,0.0,0.0,0.0,0.0,0.0,8.0,8
aph(3'')-Ib_5,0.0,0.0,0.0,0.0,0.0,246.0,246
aph(3')-Ia,24.0,0.0,0.0,0.0,24.0,0.0,24
aph(3')-Ia_1,0.0,0.0,0.0,0.0,0.0,22.0,22
aph(3')-Ia_3,0.0,0.0,0.0,0.0,0.0,1.0,1
aph(3')-Ia_9,0.0,0.0,0.0,0.0,0.0,1.0,1
aph(6)-Id,261.0,0.0,0.0,0.0,260.0,0.0,261
aph(6)-Id_1,0.0,0.0,0.0,0.0,0.0,260.0,260
ariR,435.0,0.0,0.0,0.0,0.0,0.0,435
arsA,13.0,0.0,0.0,0.0,0.0,0.0,13
arsD,13.0,0.0,0.0,0.0,0.0,0.0,13
arsR,13.0,0.0,0.0,0.0,0.0,0.0,13
astA,54.0,0.0,0.0,0.0,0.0,0.0,54
bacA,0.0,0.0,443.0,0.0,0.0,0.0,443
blaACT,1.0,0.0,0.0,0.0,0.0,0.0,1
blaACT-137,0.0,0.0,0.0,0.0,1.0,0.0,1
blaACT-4_2,0.0,0.0,0.0,0.0,0.0,1.0,1
blaCMY,1.0,0.0,0.0,0.0,0.0,0.0,1
blaCMY-159,0.0,0.0,0.0,0.0,1.0,0.0,1
blaCMY-2,4.0,0.0,0.0,0.0,4.0,0.0,4
blaCMY-2_1,0.0,0.0,0.0,0.0,0.0,4.0,4
blaCMY-42,1.0,0.0,0.0,0.0,1.0,0.0,1
blaCMY-42_1,0.0,0.0,0.0,0.0,0.0,1.0,1
blaCMY-98_1,0.0,0.0,0.0,0.0,0.0,1.0,1
blaCTX-M,6.0,0.0,0.0,0.0,0.0,0.0,6
blaCTX-M-14,2.0,0.0,0.0,0.0,2.0,0.0,2
blaCTX-M-14_1,0.0,0.0,0.0,0.0,0.0,2.0,2
blaCTX-M-15,247.0,0.0,0.0,0.0,250.0,0.0,250
blaCTX-M-156_1,0.0,0.0,0.0,0.0,0.0,2.0,2
blaCTX-M-15_1,0.0,0.0,0.0,0.0,0.0,248.0,248
blaCTX-M-27,30.0,0.0,0.0,0.0,30.0,0.0,30
blaCTX-M-27_1,0.0,0.0,0.0,0.0,0.0,30.0,30
blaCTX-M-55,15.0,0.0,0.0,0.0,15.0,0.0,15
blaCTX-M-55_1,0.0,0.0,0.0,0.0,0.0,15.0,15
blaDHA-1,2.0,0.0,0.0,0.0,2.0,0.0,2
blaDHA-1_1,0.0,0.0,0.0,0.0,0.0,2.0,2
blaEC,444.0,0.0,0.0,0.0,0.0,0.0,444
blaEC-15,0.0,0.0,0.0,0.0,202.0,0.0,202
blaEC-19,0.0,0.0,0.0,0.0,242.0,0.0,242
blaNDM,9.0,0.0,0.0,0.0,0.0,0.0,9
blaNDM-1,1.0,0.0,0.0,0.0,1.0,0.0,1
blaNDM-16b,0.0,0.0,0.0,0.0,1.0,0.0,1
blaNDM-19,1.0,0.0,0.0,0.0,1.0,0.0,1
blaNDM-19_1,0.0,0.0,0.0,0.0,0.0,1.0,1
blaNDM-1_1,0.0,0.0,0.0,0.0,0.0,1.0,1
blaNDM-20_1,0.0,0.0,0.0,0.0,0.0,1.0,1
blaNDM-39,0.0,0.0,0.0,0.0,2.0,0.0,2
blaNDM-5,154.0,0.0,0.0,0.0,156.0,0.0,156
blaNDM-5_1,0.0,0.0,0.0,0.0,0.0,158.0,158
blaOXA,14.0,0.0,0.0,0.0,0.0,0.0,14
blaOXA-1,104.0,0.0,0.0,0.0,111.0,0.0,111
blaOXA-1_1,0.0,0.0,0.0,0.0,0.0,111.0,111
blaOXA-48,1.0,0.0,0.0,0.0,2.0,0.0,2
blaOXA-48_1,0.0,0.0,0.0,0.0,0.0,2.0,2
blaOXA-9,0.0,0.0,0.0,0.0,1.0,0.0,1
blaOXA-9_1,0.0,0.0,0.0,0.0,0.0,1.0,1
blaTEM,29.0,0.0,0.0,0.0,0.0,0.0,29
blaTEM-1,220.0,0.0,0.0,0.0,248.0,0.0,248
blaTEM-12,0.0,0.0,0.0,0.0,1.0,0.0,1
blaTEM-150,0.0,0.0,0.0,0.0,2.0,0.0,2
blaTEM-169,7.0,0.0,0.0,0.0,7.0,0.0,7
blaTEM-169_1,0.0,0.0,0.0,0.0,0.0,7.0,7
blaTEM-190,22.0,0.0,0.0,0.0,0.0,0.0,22
blaTEM-1A_1,0.0,0.0,0.0,0.0,0.0,2.0,2
blaTEM-1B_1,0.0,0.0,0.0,0.0,0.0,248.0,248
blaTEM-1C_1,0.0,0.0,0.0,0.0,0.0,2.0,2
blaTEM-1D_1,0.0,0.0,0.0,0.0,0.0,1.0,1
blaTEM-235,0.0,0.0,0.0,0.0,2.0,0.0,2
blaTEM-33,3.0,0.0,0.0,0.0,3.0,0.0,3
blaTEM-33_1,0.0,0.0,0.0,0.0,0.0,3.0,3
blaTEM-35,10.0,0.0,0.0,0.0,32.0,0.0,32
blaTEM-35_1,0.0,0.0,0.0,0.0,0.0,32.0,32
blaTEM-54,1.0,0.0,0.0,0.0,0.0,0.0,1
blaTEM-57,1.0,0.0,0.0,0.0,0.0,0.0,1
blaTEM-84,7.0,0.0,0.0,0.0,0.0,0.0,7
blaTEMp_C32T,79.0,0.0,0.0,0.0,0.0,0.0,79
blaTEMp_G162T,5.0,0.0,0.0,0.0,0.0,0.0,5
ble,164.0,0.0,0.0,0.0,0.0,0.0,164
ble-MBL,0.0,0.0,0.0,0.0,163.0,0.0,163
capU,189.0,0.0,0.0,0.0,0.0,0.0,189
catA,1.0,0.0,0.0,0.0,0.0,0.0,1
catA1,19.0,0.0,18.0,0.0,18.0,0.0,19
catA1_1,0.0,0.0,0.0,0.0,0.0,18.0,18
catA2,5.0,0.0,0.0,0.0,5.0,0.0,5
catA2_1,0.0,0.0,0.0,0.0,0.0,5.0,5
catA8,0.0,0.0,1.0,0.0,1.0,0.0,1
catB3,112.0,0.0,2.0,0.0,2.0,0.0,112
catB3_2,0.0,0.0,0.0,0.0,0.0,2.0,2
catII_from_Escherichia_coli_K-12,0.0,0.0,5.0,0.0,0.0,0.0,5
cat_5,0.0,0.0,0.0,0.0,0.0,1.0,1
cdtB,1.0,0.0,0.0,0.0,0.0,0.0,1
cif,1.0,0.0,0.0,0.0,0.0,0.0,1
cirA_E464Ter,1.0,0.0,0.0,0.0,0.0,0.0,1
cirA_N270KfsTer12,1.0,0.0,0.0,0.0,0.0,0.0,1
cirA_Q56Ter,5.0,0.0,0.0,0.0,0.0,0.0,5
cirA_S90YfsTer15,67.0,0.0,0.0,0.0,0.0,0.0,67
cirA_V70EfsTer7,5.0,0.0,0.0,0.0,0.0,0.0,5
cirA_W124Ter,5.0,0.0,0.0,0.0,0.0,0.0,5
cirA_W615Ter,1.0,0.0,0.0,0.0,0.0,0.0,1
cirA_Y98Ter,1.0,0.0,0.0,0.0,0.0,0.0,1
clpK,17.0,0.0,0.0,0.0,0.0,0.0,17
cmlA1,1.0,0.0,1.0,0.0,1.0,0.0,1
cnf1,45.0,0.0,0.0,0.0,0.0,0.0,45
cpxA,0.0,0.0,443.0,0.0,0.0,0.0,443
csnA,1.0,0.0,0.0,0.0,0.0,0.0,1
cswA,1.0,0.0,0.0,0.0,0.0,0.0,1
cvaB,2.0,0.0,0.0,0.0,0.0,0.0,2
cvaC,4.0,0.0,0.0,0.0,0.0,0.0,4
dfrA1,99.0,0.0,99.0,0.0,99.0,0.0,99
dfrA12,82.0,0.0,82.0,0.0,82.0,0.0,82
dfrA12_8,0.0,0.0,0.0,0.0,0.0,82.0,82
dfrA14,23.0,0.0,23.0,0.0,23.0,0.0,23
dfrA14_5,0.0,0.0,0.0,0.0,0.0,23.0,23
dfrA17,151.0,0.0,150.0,0.0,150.0,0.0,151
dfrA17_1,0.0,0.0,0.0,0.0,0.0,150.0,150
dfrA1_10,0.0,0.0,0.0,0.0,0.0,5.0,5
dfrA1_8,0.0,0.0,0.0,0.0,0.0,94.0,94
dfrA5,1.0,0.0,1.0,0.0,1.0,0.0,1
dfrA5_1,0.0,0.0,0.0,0.0,0.0,1.0,1
dfrA7,2.0,0.0,2.0,0.0,2.0,0.0,2
dfrA7_5,0.0,0.0,0.0,0.0,0.0,2.0,2
dfrA8,6.0,0.0,6.0,0.0,6.0,0.0,6
dfrA8_1,0.0,0.0,0.0,0.0,0.0,6.0,6
dfrG,1.0,0.0,1.0,0.0,1.0,0.0,1
dfrG_1,0.0,0.0,0.0,0.0,0.0,1.0,1
eae,1.0,0.0,0.0,0.0,0.0,0.0,1
efrA,0.0,0.0,1.0,0.0,0.0,0.0,1
efrB,0.0,0.0,1.0,0.0,0.0,0.0,1
ehxA,3.0,0.0,0.0,0.0,0.0,0.0,3
eilA,1.0,0.0,0.0,0.0,0.0,0.0,1
emeA,0.0,0.0,1.0,0.0,0.0,0.0,1
emrA,0.0,0.0,444.0,0.0,0.0,0.0,444
emrB,0.0,0.0,440.0,0.0,0.0,0.0,440
emrD,151.0,0.0,0.0,0.0,0.0,0.0,151
emrE,240.0,0.0,0.0,0.0,0.0,0.0,240
emrK,0.0,0.0,444.0,0.0,0.0,0.0,444
emrR,0.0,0.0,444.0,0.0,0.0,0.0,444
emrY,0.0,0.0,444.0,0.0,0.0,0.0,444
eptA,0.0,0.0,443.0,0.0,0.0,0.0,443
erm(B),57.0,0.0,0.0,0.0,56.0,0.0,57
erm(B)_1,0.0,0.0,0.0,0.0,0.0,11.0,11
erm(B)_12,0.0,0.0,0.0,0.0,0.0,1.0,1
erm(B)_18,0.0,0.0,0.0,0.0,0.0,44.0,44
espA,1.0,0.0,0.0,0.0,0.0,0.0,1
espB,1.0,0.0,0.0,0.0,0.0,0.0,1
espF,1.0,0.0,0.0,0.0,0.0,0.0,1
espI,3.0,0.0,0.0,0.0,0.0,0.0,3
espX1,252.0,0.0,0.0,0.0,0.0,0.0,252
estX-3,4.0,0.0,0.0,0.0,4.0,0.0,4
evgA,0.0,0.0,443.0,0.0,0.0,0.0,443
evgS,0.0,0.0,438.0,0.0,0.0,0.0,438
fdeC,404.0,0.0,0.0,0.0,0.0,0.0,404
fieF,1.0,0.0,0.0,0.0,0.0,0.0,1
floR,2.0,0.0,2.0,0.0,2.0,0.0,2
ftsI_N337NYRIN,171.0,0.0,0.0,0.0,0.0,0.0,171
gadW,0.0,0.0,442.0,0.0,0.0,0.0,442
gadX,0.0,0.0,437.0,0.0,0.0,0.0,437
gyrA_D87G,2.0,0.0,0.0,0.0,0.0,0.0,2
gyrA_D87N,324.0,0.0,0.0,0.0,0.0,0.0,324
gyrA_S83A,1.0,0.0,0.0,0.0,0.0,0.0,1
gyrA_S83L,359.0,0.0,0.0,0.0,0.0,0.0,359
hdeD-GI,3.0,0.0,0.0,0.0,0.0,0.0,3
hlyA-alpha,45.0,0.0,0.0,0.0,0.0,0.0,45
hsp20,17.0,0.0,0.0,0.0,0.0,0.0,17
ibeA,4.0,0.0,0.0,0.0,0.0,0.0,4
iha,170.0,0.0,0.0,0.0,0.0,0.0,170
ireA,12.0,0.0,0.0,0.0,0.0,0.0,12
iroB,5.0,0.0,0.0,0.0,0.0,0.0,5
iroC,5.0,0.0,0.0,0.0,0.0,0.0,5
iroD,5.0,0.0,0.0,0.0,0.0,0.0,5
iroE,5.0,0.0,0.0,0.0,0.0,0.0,5
iroN,5.0,0.0,0.0,0.0,0.0,0.0,5
iss,328.0,0.0,0.0,0.0,0.0,0.0,328
iucA,183.0,0.0,0.0,0.0,0.0,0.0,183
iucB,183.0,0.0,0.0,0.0,0.0,0.0,183
iucC,184.0,0.0,0.0,0.0,0.0,0.0,184
iucD,185.0,0.0,0.0,0.0,0.0,0.0,185
iutA,182.0,0.0,0.0,0.0,0.0,0.0,182
kdpE,0.0,0.0,441.0,0.0,0.0,0.0,441
kefB-GI,17.0,0.0,0.0,0.0,0.0,0.0,17
leuO,0.0,0.0,443.0,0.0,0.0,0.0,443
lpfA-O113,2.0,0.0,0.0,0.0,0.0,0.0,2
lpfA1,1.0,0.0,0.0,0.0,0.0,0.0,1
ltcA,2.0,0.0,0.0,0.0,0.0,0.0,2
marA,0.0,0.0,444.0,0.0,0.0,0.0,444
mchB,8.0,0.0,0.0,0.0,0.0,0.0,8
mchF,11.0,0.0,0.0,0.0,0.0,0.0,11
mcr-1,1.0,0.0,0.0,0.0,0.0,0.0,1
mdsA,1.0,0.0,1.0,0.0,0.0,0.0,1
mdtA,0.0,0.0,442.0,0.0,0.0,0.0,442
mdtB,0.0,0.0,442.0,0.0,0.0,0.0,442
mdtC,0.0,0.0,442.0,0.0,0.0,0.0,442
mdtE,0.0,0.0,441.0,0.0,0.0,0.0,441
mdtF,0.0,0.0,439.0,0.0,0.0,0.0,439
mdtG,0.0,0.0,444.0,0.0,0.0,0.0,444
mdtH,0.0,0.0,360.0,0.0,0.0,0.0,360
mdtM,440.0,0.0,439.0,0.0,0.0,0.0,440
mdtN,0.0,0.0,442.0,0.0,0.0,0.0,442
mdtO,0.0,0.0,440.0,0.0,0.0,0.0,440
mdtP,0.0,0.0,441.0,0.0,0.0,0.0,441
merA,13.0,0.0,0.0,0.0,0.0,0.0,13
merB,2.0,0.0,0.0,0.0,0.0,0.0,2
merC,15.0,0.0,0.0,0.0,0.0,0.0,15
merD,14.0,0.0,0.0,0.0,0.0,0.0,14
merE,13.0,0.0,0.0,0.0,0.0,0.0,13
merP,16.0,0.0,0.0,0.0,0.0,0.0,16
merR,30.0,0.0,0.0,0.0,0.0,0.0,30
merT,28.0,0.0,0.0,0.0,0.0,0.0,28
mph(A),302.0,0.0,0.0,0.0,298.0,0.0,302
mph(A)_1,0.0,0.0,0.0,0.0,0.0,2.0,2
mph(A)_2,0.0,0.0,0.0,0.0,0.0,296.0,296
mph(B),1.0,0.0,0.0,0.0,1.0,0.0,1
mph(B)_1,0.0,0.0,0.0,0.0,0.0,1.0,1
mphA,0.0,0.0,298.0,0.0,0.0,0.0,298
mphB,0.0,0.0,1.0,0.0,0.0,0.0,1
mrx(A),307.0,0.0,0.0,0.0,294.0,0.0,307
msbA,0.0,0.0,442.0,0.0,0.0,0.0,442
nfaE,50.0,0.0,0.0,0.0,0.0,0.0,50
nfsA_N134IfsTer94,2.0,0.0,0.0,0.0,0.0,0.0,2
nfsA_P21AfsTer2,1.0,0.0,0.0,0.0,0.0,0.0,1
nfsA_Q195Ter,1.0,0.0,0.0,0.0,0.0,0.0,1
nfsA_Q67Ter,1.0,0.0,0.0,0.0,0.0,0.0,1
nfsA_R218Ter,6.0,0.0,0.0,0.0,0.0,0.0,6
nfsA_S121Ter,2.0,0.0,0.0,0.0,0.0,0.0,2
nfsA_W159Ter,1.0,0.0,0.0,0.0,0.0,0.0,1
nfsA_W212Ter,1.0,0.0,0.0,0.0,0.0,0.0,1
nfsB_E102Ter,2.0,0.0,0.0,0.0,0.0,0.0,2
nfsB_E175Ter,1.0,0.0,0.0,0.0,0.0,0.0,1
nfsB_F167LfsTer11,1.0,0.0,0.0,0.0,0.0,0.0,1
nleA,1.0,0.0,0.0,0.0,0.0,0.0,1
nleB2,1.0,0.0,0.0,0.0,0.0,0.0,1
ompC_T72RfsTer12,1.0,0.0,0.0,0.0,0.0,0.0,1
ompF_E139VfsTer29,2.0,0.0,0.0,0.0,0.0,0.0,2
ompF_G214CfsTer2,2.0,0.0,0.0,0.0,0.0,0.0,2
ompF_Y62TfsTer1,15.0,0.0,0.0,0.0,0.0,0.0,15
oqxA,1.0,0.0,0.0,0.0,0.0,0.0,1
pagO,1.0,0.0,0.0,0.0,0.0,0.0,1
papA,103.0,0.0,0.0,0.0,0.0,0.0,103
papC,72.0,0.0,0.0,0.0,0.0,0.0,72
papE,7.0,0.0,0.0,0.0,0.0,0.0,7
papF,73.0,0.0,0.0,0.0,0.0,0.0,73
papG-II,73.0,0.0,0.0,0.0,0.0,0.0,73
papH,6.0,0.0,0.0,0.0,0.0,0.0,6
parC_A108T,2.0,0.0,0.0,0.0,0.0,0.0,2
parC_E84G,99.0,0.0,0.0,0.0,0.0,0.0,99
parC_E84V,95.0,0.0,0.0,0.0,0.0,0.0,95
parC_S80I,326.0,0.0,0.0,0.0,0.0,0.0,326
parE_E460D,2.0,0.0,0.0,0.0,0.0,0.0,2
parE_I529L,118.0,0.0,0.0,0.0,0.0,0.0,118
parE_S458A,101.0,0.0,0.0,0.0,0.0,0.0,101
pcoA,7.0,0.0,0.0,0.0,0.0,0.0,7
pcoB,7.0,0.0,0.0,0.0,0.0,0.0,7
pcoC,9.0,0.0,0.0,0.0,0.0,0.0,9
pcoD,8.0,0.0,0.0,0.0,0.0,0.0,8
pcoE,8.0,0.0,0.0,0.0,0.0,0.0,8
pcoR,8.0,0.0,0.0,0.0,0.0,0.0,8
pcoS,9.0,0.0,0.0,0.0,0.0,0.0,9
pet,1.0,0.0,0.0,0.0,0.0,0.0,1
pic,1.0,0.0,0.0,0.0,0.0,0.0,1
psi-GI,17.0,0.0,0.0,0.0,0.0,0.0,17
ptsI_V25I,151.0,0.0,0.0,0.0,0.0,0.0,151
qacE,3.0,0.0,0.0,0.0,0.0,0.0,3
qacEdelta1,235.0,0.0,236.0,0.0,0.0,0.0,236
qacG,1.0,0.0,0.0,0.0,0.0,0.0,1
qacL,4.0,0.0,4.0,0.0,0.0,0.0,4
qepA,7.0,0.0,0.0,0.0,0.0,0.0,7
qepA1,8.0,0.0,0.0,0.0,10.0,0.0,10
qepA1_1,0.0,0.0,0.0,0.0,0.0,10.0,10
qepA4,9.0,0.0,0.0,0.0,9.0,0.0,9
qepA4_1,0.0,0.0,0.0,0.0,0.0,9.0,9
qnrB,1.0,0.0,0.0,0.0,0.0,0.0,1
qnrB1,1.0,0.0,0.0,0.0,1.0,0.0,1
qnrB1_1,0.0,0.0,0.0,0.0,0.0,1.0,1
qnrB4,2.0,0.0,0.0,0.0,2.0,0.0,2
qnrB4_1,0.0,0.0,0.0,0.0,0.0,2.0,2
qnrS1,15.0,0.0,0.0,0.0,15.0,0.0,15
qnrS1_1,0.0,0.0,0.0,0.0,0.0,15.0,15
rdmCL,1.0,0.0,0.0,0.0,0.0,0.0,1
rmtB,15.0,0.0,58.0,0.0,0.0,0.0,58
rmtB1,55.0,0.0,0.0,0.0,58.0,0.0,58
rmtB_1,0.0,0.0,0.0,0.0,0.0,58.0,58
rpoB_P564L,2.0,0.0,0.0,0.0,0.0,0.0,2
rpoB_V146F,1.0,0.0,0.0,0.0,0.0,0.0,1
sat,155.0,0.0,0.0,0.0,0.0,0.0,155
sat2,91.0,0.0,0.0,0.0,0.0,0.0,91
sat2_fam,0.0,0.0,0.0,0.0,90.0,0.0,90
senB,142.0,0.0,0.0,0.0,0.0,0.0,142
shsP,3.0,0.0,0.0,0.0,0.0,0.0,3
sigA,9.0,0.0,0.0,0.0,0.0,0.0,9
silA,10.0,0.0,0.0,0.0,0.0,0.0,10
silB,10.0,0.0,0.0,0.0,0.0,0.0,10
silC,10.0,0.0,0.0,0.0,0.0,0.0,10
silE,9.0,0.0,0.0,0.0,0.0,0.0,9
silF,10.0,0.0,0.0,0.0,0.0,0.0,10
silP,8.0,0.0,0.0,0.0,0.0,0.0,8
silR,11.0,0.0,0.0,0.0,0.0,0.0,11
silS,10.0,0.0,0.0,0.0,0.0,0.0,10
sslE,2.0,0.0,0.0,0.0,0.0,0.0,2
sta1,2.0,0.0,0.0,0.0,0.0,0.0,2
str,1.0,0.0,0.0,0.0,1.0,0.0,1
str_2,0.0,0.0,0.0,0.0,0.0,1.0,1
stx1c_operon,3.0,0.0,0.0,0.0,0.0,0.0,3
stx2b_operon,3.0,0.0,0.0,0.0,0.0,0.0,3
stxA1,3.0,0.0,0.0,0.0,0.0,0.0,3
stxA2,3.0,0.0,0.0,0.0,0.0,0.0,3
stxB1,3.0,0.0,0.0,0.0,0.0,0.0,3
stxB2,3.0,0.0,0.0,0.0,0.0,0.0,3
subA,3.0,0.0,0.0,0.0,0.0,0.0,3
subB,3.0,0.0,0.0,0.0,0.0,0.0,3
sul1,235.0,0.0,229.0,0.0,229.0,0.0,235
sul1_2,0.0,0.0,0.0,0.0,0.0,2.0,2
sul1_5,0.0,0.0,0.0,0.0,0.0,227.0,227
sul2,264.0,0.0,256.0,0.0,256.0,0.0,264
sul2_14,0.0,0.0,0.0,0.0,0.0,1.0,1
sul2_2,0.0,0.0,0.0,0.0,0.0,243.0,243
sul2_21,0.0,0.0,0.0,0.0,0.0,2.0,2
sul2_3,0.0,0.0,0.0,0.0,0.0,9.0,9
sul3,4.0,0.0,4.0,0.0,4.0,0.0,4
sul3_2,0.0,0.0,0.0,0.0,0.0,4.0,4
tccP,1.0,0.0,0.0,0.0,0.0,0.0,1
terA,5.0,0.0,0.0,0.0,0.0,0.0,5
terB,5.0,0.0,0.0,0.0,0.0,0.0,5
terC,5.0,0.0,0.0,0.0,0.0,0.0,5
terD,16.0,0.0,0.0,0.0,0.0,0.0,16
terE,5.0,0.0,0.0,0.0,0.0,0.0,5
terW,12.0,0.0,0.0,0.0,0.0,0.0,12
terZ,12.0,0.0,0.0,0.0,0.0,0.0,12
tet(A),239.0,0.0,236.0,0.0,236.0,0.0,239
tet(A)_4,0.0,0.0,0.0,0.0,0.0,2.0,2
tet(A)_6,0.0,0.0,0.0,0.0,0.0,234.0,234
tet(B),150.0,0.0,150.0,0.0,150.0,0.0,150
tet(B)_2,0.0,0.0,0.0,0.0,0.0,150.0,150
tet(C),1.0,0.0,1.0,0.0,1.0,0.0,1
tet(C)_3,0.0,0.0,0.0,0.0,0.0,1.0,1
tet(D),1.0,0.0,1.0,0.0,1.0,0.0,1
tet(D)_1,0.0,0.0,0.0,0.0,0.0,1.0,1
tet(L),1.0,0.0,1.0,0.0,1.0,0.0,1
tet(L)_2,0.0,0.0,0.0,0.0,0.0,1.0,1
tet(M),1.0,0.0,1.0,0.0,1.0,0.0,1
tet(M)_10,0.0,0.0,0.0,0.0,0.0,1.0,1
tir,1.0,0.0,0.0,0.0,0.0,0.0,1
traT,31.0,0.0,0.0,0.0,0.0,0.0,31
trxLHR,17.0,0.0,0.0,0.0,0.0,0.0,17
tsh,2.0,0.0,0.0,0.0,0.0,0.0,2
ugd,0.0,0.0,216.0,0.0,0.0,0.0,216
uhpT_E350Q,148.0,0.0,0.0,0.0,0.0,0.0,148
ybtP,291.0,0.0,0.0,0.0,0.0,0.0,291
ybtQ,290.0,0.0,0.0,0.0,0.0,0.0,290
yfdX1,3.0,0.0,0.0,0.0,0.0,0.0,3
yfdX2,3.0,0.0,0.0,0.0,0.0,0.0,3
