RawName,MaxCount,Databases,GroupKey
blaEC,444,AMRfinder,BLAEC
MDTG,444,MEGARES,MDTG
MARA,444,MEGARES,MARA
ACRA,444,MEGARES,ACRA
EMRK,444,MEGARES,EMRK
EMRY,444,MEGARES,EMRY
EMRD,444,MEGARES,EMRD
YOGI,444,MEGARES,YOGI
AMPH,444,MEGARES,AMPH
CPXAR,444,MEGARES,CPXAR
ACRD,444,MEGARES,ACRD
BCR,444,MEGARES,BCR
EMRA,444,MEGARES,EMRA
EMRR,444,MEGARES,EMRR
HNS,444,MEGARES,HNS
MDTJ,444,MEGARES,MDTJ
mdtG,444,CARD,MDTG
marA,444,CARD,MARA
Escherichia_coli_acrA,444,CARD,ESCHERICHIA_COLI_ACRA
emrK,444,CARD,EMRK
emrY,444,CARD,EMRY
YojI,444,CARD,YOJI
CRP,444,CARD;MEGARES,CRP
acrD,444,CARD,ACRD
emrA,444,CARD,EMRA
H-NS,444,CARD,H-NS
PBP2,444,MEGARES,PBP
(Bla)Penicillin_Binding_Protein_Ecoli,444,ARGANNOT,(BLA)PENICILLIN_BINDING_PROTEIN_ECOLI
(Bla)AmpC2_Ecoli,444,ARGANNOT,(BLA)AMPC2_ECOLI
(Bla)ampH_Ecoli,444,ARGANNOT,(BLA)AMPH_ECOLI
emrR,444,CARD,EMRR
BACA,443,MEGARES,BACA
SOXS,443,MEGARES,SOXS
PmrF,443,CARD,PMRF
acrB,443,CARD,ACRB
evgA,443,CARD,EVGA
OmpA,443,CARD,OMPA
cpxA,443,CARD,CPXA
eptA,443,CARD,EPTA
bacA,443,CARD,BACA
leuO,443,CARD,LEUO
MDTK,443,MEGARES,MDTK
MDTI,443,MEGARES,MDTI
EPTA,443,MEGARES,EPTA
ROBA,443,MEGARES,ROBA
KPNO,443,MEGARES,KPNO
ACRB,443,MEGARES,ACRB
PMRF,443,MEGARES,PMRF
MDTC,442,MEGARES,MDTC
mdtB,442,CARD,MDTB
mdtA,442,CARD,MDTA
msbA,442,CARD,MSBA
mdtN,442,CARD,MDTN
GADW,442,MEGARES,GADW
MARR,442,MEGARES,MARR
MDTB,442,MEGARES,MDTB
MDTA,442,MEGARES,MDTA
MSBA,442,MEGARES,MSBA
MDTN,442,MEGARES,MDTN
gadW,442,CARD,GADW
mdtC,442,CARD,MDTC
mdtP,441,CARD,MDTP
Escherichia_coli_mdfA,441,CARD,ESCHERICHIA_COLI_MDFA
MDTE,441,MEGARES,MDTE
mdtE,441,CARD,MDTE
kdpE,441,CARD,KDPE
KDPE,441,MEGARES,KDPE
MDTP,441,MEGARES,MDTP
BAES,441,MEGARES,BAES
BAER,441,MEGARES,BAER
MDFA,441,MEGARES,MDFA
mdtO,440,CARD,MDTO
TolC,440,CARD,TOLC
emrB,440,CARD,EMRB
mdtM,440,AMRfinder;CARD,MDTM
ASMA,440,MEGARES,ASMA
EMRB,440,MEGARES,EMRB
MDTO,440,MEGARES,MDTO
MDTF,439,MEGARES,MDTF
MDTM,439,MEGARES,MDTM
mdtF,439,CARD,MDTF
EVGS,438,MEGARES,EVGS
evgS,438,CARD,EVGS
GADX,437,MEGARES,GADX
acrF,437,AMRfinder,ACRF
gadX,437,CARD,GADX
AcrF,436,CARD,ACRF
ACRF,436,MEGARES,ACRF
ariR,435,AMRfinder,ARIR
AcrE,434,CARD,ACRE
ACRE,434,MEGARES,ACRE
fdeC,404,AMRfinder,FDEC
mdtH,360,CARD,MDTH
MDTH,360,MEGARES,MDTH
gyrA_S83L,359,AMRfinder,GYRA_S83L
ACRS,355,MEGARES,ACRS
AcrS,355,CARD,ACRS
DFRA,355,MEGARES,DFRA
BLAEC,353,MEGARES,BLAEC
CTX,353,MEGARES,CTX
iss,328,AMRfinder,ISS
parC_S80I,326,AMRfinder,PARC_S80I
gyrA_D87N,324,AMRfinder,GYRA_D87N
ANT3-DPRIME,323,MEGARES,ANT3-DPRIME
mrx(A),307,AMRfinder;NCBI,MRX(A)
mph(A),302,AMRfinder;NCBI,MPH(A)
MPHA,298,MEGARES,MPHA
(MLS)mph(A),298,ARGANNOT,(MLS)MPH(A)
mphA,298,CARD,MPHA
mph(A)_2,296,RESFINDER,MPH(A)
Mrx,294,CARD,MRX
MPHB,293,MEGARES,MPHB
PBP4B,292,MEGARES,PBP4B
(Bla)AmpC1_Ecoli,292,ARGANNOT,(BLA)AMPC1_ECOLI
ybtP,291,AMRfinder,YBTP
ybtQ,290,AMRfinder,YBTQ
sul2,264,AMRfinder;NCBI;CARD,SUL
aph(3'')-Ib,264,AMRfinder;NCBI,APH(3'')-IB
aph(6)-Id,261,AMRfinder;NCBI,APH(6)-ID
aph(6)-Id_1,260,RESFINDER,APH(6)-ID
(AGly)strB,260,ARGANNOT,(AGLY)STRB
APH6,260,MEGARES,APH
APH(6)-Id,260,CARD,APH(6)-ID
TEM,259,MEGARES,TEM
(Sul)sul2,256,ARGANNOT,(SUL)SUL
APH(3'')-Ib,254,CARD,APH(3'')-IB
APH3-DPRIME,254,MEGARES,APH3-DPRIME
SULII,254,MEGARES,SULII
(AGly)strA,254,ARGANNOT,(AGLY)STRA
espX1,252,AMRfinder,ESPX
(Bla)blaCTX-M-15,250,ARGANNOT,(BLA)BLACTX-M-
blaCTX-M-15,250,AMRfinder;NCBI,BLACTX-M-
CTX-M-15,250,CARD,CTX-M-
blaTEM-1,248,AMRfinder;NCBI,BLATEM-
blaTEM-1B_1,248,RESFINDER,BLATEM-1B
blaCTX-M-15_1,248,RESFINDER,BLACTX-M-
aph(3'')-Ib_5,246,RESFINDER,APH(3'')-IB
(Bla)blaTEM-105,244,ARGANNOT,(BLA)BLATEM-
sul2_2,243,RESFINDER,SUL
blaEC-19,242,NCBI,BLAEC-
emrE,240,AMRfinder,EMRE
tet(A),239,AMRfinder;NCBI;CARD,TET(A)
Escherichia_coli_emrE,239,CARD,ESCHERICHIA_COLI_EMRE
MVRC,239,MEGARES,MVRC
(Tet)tetR,236,ARGANNOT,(TET)TETR
TETA,236,MEGARES,TETA
qacEdelta1,236,AMRfinder;CARD,QACEDELTA
(Tet)tetA,236,ARGANNOT,(TET)TETA
sul1,235,AMRfinder;NCBI;CARD,SUL
tet(A)_6,234,RESFINDER,TET(A)
SULI,230,MEGARES,SULI
TEM-1,230,CARD,TEM-
(Sul)sul1,229,ARGANNOT,(SUL)SUL
sul1_5,227,RESFINDER,SUL
AAC3,219,MEGARES,AAC
ugd,216,CARD,UGD
UGD,216,MEGARES,UGD
EC-15,202,CARD,EC-
blaEC-15,202,NCBI,BLAEC-
capU,189,AMRfinder,CAPU
iucD,185,AMRfinder,IUCD
iucC,184,AMRfinder,IUCC
iucA,183,AMRfinder,IUCA
iucB,183,AMRfinder,IUCB
iutA,182,AMRfinder,IUTA
AAC(3)-IId,178,CARD,AAC(3)-IID
aac(3)-IId,178,AMRfinder;NCBI,AAC(3)-IID
aac(3)-IId_1,178,RESFINDER,AAC(3)-IID
(AGly)aac3-IId,178,ARGANNOT,(AGLY)AAC3-IID
ftsI_N337NYRIN,171,AMRfinder,FTSI_N337NYRIN
iha,170,AMRfinder,IHA
ble,164,AMRfinder,BLE
ble-MBL,163,NCBI,BLE-MBL
BRP(MBL),163,CARD,BRP(MBL)
BRP,163,MEGARES,BRP
NDM,161,MEGARES,NDM
(Bla)blaNDM-5,158,ARGANNOT,(BLA)BLANDM-
blaNDM-5_1,158,RESFINDER,BLANDM-
blaNDM-5,156,AMRfinder;NCBI,BLANDM-
NDM-5,156,CARD,NDM-
sat,155,AMRfinder,SAT
EC-5,151,CARD,EC-
ptsI_V25I,151,AMRfinder,PTSI_V25I
emrD,151,AMRfinder,EMRD
dfrA17,151,AMRfinder;NCBI;CARD,DFRA
aadA5,150,AMRfinder;NCBI;CARD,AADA
tet(B),150,AMRfinder;NCBI;CARD,TET(B)
(Tet)tetB,150,ARGANNOT,(TET)TETB
dfrA17_1,150,RESFINDER,DFRA
(Tmt)dfrA17,150,ARGANNOT,(TMT)DFRA
tet(B)_2,150,RESFINDER,TET(B)
TETB,150,MEGARES,TETB
uhpT_E350Q,148,AMRfinder,UHPT_E350Q
(AGly)aadA5,147,ARGANNOT,(AGLY)AADA
aadA5_1,147,RESFINDER,AADA
senB,142,AMRfinder,SENB
parE_I529L,118,AMRfinder,PARE_I529L
aac(6')-Ib-cr5,115,AMRfinder,AAC(6')-IB-CR
AAC(6')-Ib10,115,CARD,AAC(6')-IB
aac(6')-Ib-cr_1,115,RESFINDER,AAC(6')-IB-CR
aac(6')-Ib-D181Y,115,NCBI,AAC(6')-IB-D181Y
catB3,112,AMRfinder;NCBI;CARD,CATB
TETD,112,MEGARES,TETD
OXA,112,MEGARES,OXA
blaOXA-1_1,111,RESFINDER,BLAOXA-
OXA-1,111,CARD,OXA-
(Bla)blaOXA-1,111,ARGANNOT,(BLA)BLAOXA-
blaOXA-1,111,AMRfinder;NCBI,BLAOXA-
papA,103,AMRfinder,PAPA
aadA1,102,AMRfinder;NCBI,AADA
parE_S458A,101,AMRfinder,PARE_S458A
aadA,100,CARD,AADA
(AGly)aadA1-pm,100,ARGANNOT,(AGLY)AADA1-PM
ant(3'')-Ia_1,100,RESFINDER,ANT(3'')-IA
parC_E84G,99,AMRfinder,PARC_E84G
(Tmt)dfrA1,99,ARGANNOT,(TMT)DFRA
dfrA1,99,AMRfinder;NCBI;CARD,DFRA
parC_E84V,95,AMRfinder,PARC_E84V
dfrA1_8,94,RESFINDER,DFRA
AMPC,91,MEGARES,AMPC
Escherichia_coli_ampC_beta-lactamase,91,CARD,ESCHERICHIA_COLI_AMPC_BETA-LACTAMASE
sat2,91,AMRfinder,SAT
(AGly)sat-2A,90,ARGANNOT,(AGLY)SAT-2A
sat2_fam,90,NCBI,SAT2_FAM
SAT-2,90,CARD,SAT-
aadA2,85,AMRfinder;NCBI;CARD,AADA
dfrA12,82,AMRfinder;NCBI;CARD,DFRA
(Tmt)dfrA12,82,ARGANNOT,(TMT)DFRA
dfrA12_8,82,RESFINDER,DFRA
aadA2_1,80,RESFINDER,AADA
(AGly)aadA2,80,ARGANNOT,(AGLY)AADA
blaTEMp_C32T,79,AMRfinder,BLATEMP_C32T
papG-II,73,AMRfinder,PAPG-II
papF,73,AMRfinder,PAPF
papC,72,AMRfinder,PAPC
acrR_V29YfsTer44,69,AMRfinder,ACRR_V29YFSTER
cirA_S90YfsTer15,67,AMRfinder,CIRA_S90YFSTER
(Phe)catB4,66,ARGANNOT,(PHE)CATB
RMTB,58,MEGARES,RMTB
rmtB_1,58,RESFINDER,RMTB
(AGly)rmtB,58,ARGANNOT,(AGLY)RMTB
rmtB,58,AMRfinder;CARD,RMTB
rmtB1,58,AMRfinder;NCBI,RMTB
erm(B),57,AMRfinder;NCBI,ERM(B)
(MLS)erm(B),56,ARGANNOT,(MLS)ERM(B)
ERMB,56,MEGARES,ERMB
ErmB,56,CARD,ERMB
astA,54,AMRfinder,ASTA
nfaE,50,AMRfinder,NFAE
afaC,49,AMRfinder,AFAC
TEM-35,48,CARD,TEM-
cnf1,45,AMRfinder,CNF
hlyA-alpha,45,AMRfinder,HLYA-ALPHA
erm(B)_18,44,RESFINDER,ERM(B)
aac(3)-IIe,41,AMRfinder;NCBI,AAC(3)-IIE
aac(3)-IIa_6,40,RESFINDER,AAC(3)-IIA
(AGly)aac3-IIa,40,ARGANNOT,(AGLY)AAC3-IIA
AAC(3)-IIe,40,CARD,AAC(3)-IIE
blaTEM-35,32,AMRfinder;NCBI,BLATEM-
blaTEM-35_1,32,RESFINDER,BLATEM-
(Bla)blaTEM-158,32,ARGANNOT,(BLA)BLATEM-
traT,31,AMRfinder,TRAT
blaCTX-M-27,30,AMRfinder;NCBI,BLACTX-M-
merR,30,AMRfinder,MERR
CTX-M-27,30,CARD,CTX-M-
blaCTX-M-27_1,30,RESFINDER,BLACTX-M-
(Bla)blaCTX-M-27,30,ARGANNOT,(BLA)BLACTX-M-
blaTEM,29,AMRfinder,BLATEM
merT,28,AMRfinder,MERT
APH(3')-Ia,24,CARD,APH(3')-IA
aph(3')-Ia,24,AMRfinder;NCBI,APH(3')-IA
(AGly)aph3-Ia,23,ARGANNOT,(AGLY)APH3-IA
dfrA14,23,AMRfinder;NCBI;CARD,DFRA
(Tmt)dfrA14,23,ARGANNOT,(TMT)DFRA
dfrA14_5,23,RESFINDER,DFRA
blaTEM-190,22,AMRfinder,BLATEM-
APH3-PRIME,22,MEGARES,APH3-PRIME
aph(3')-Ia_1,22,RESFINDER,APH(3')-IA
acrR_E190RfsTer20,20,AMRfinder,ACRR_E190RFSTER
CATA,20,MEGARES,CATA
QEPA,19,MEGARES,QEPA
(Flq)qepA,19,ARGANNOT,(FLQ)QEPA
catA1,19,AMRfinder;NCBI;CARD,CATA
catA1_1,18,RESFINDER,CATA
(Phe)catA1,18,ARGANNOT,(PHE)CATA
psi-GI,17,AMRfinder,PSI-GI
hsp20,17,AMRfinder,HSP
clpK,17,AMRfinder,CLPK
trxLHR,17,AMRfinder,TRXLHR
kefB-GI,17,AMRfinder,KEFB-GI
merP,16,AMRfinder,MERP
terD,16,AMRfinder,TERD
(Flq)qnr-S1,15,ARGANNOT,(FLQ)QNR-S
merC,15,AMRfinder,MERC
(Bla)blaCTX-M-55,15,ARGANNOT,(BLA)BLACTX-M-
QnrS1,15,CARD,QNRS
qnrS1,15,AMRfinder;NCBI,QNRS
blaCTX-M-55,15,AMRfinder;NCBI,BLACTX-M-
ompF_Y62TfsTer1,15,AMRfinder,OMPF_Y62TFSTER
blaCTX-M-55_1,15,RESFINDER,BLACTX-M-
qnrS1_1,15,RESFINDER,QNRS
CTX-M-55,15,CARD,CTX-M-
QNRS,15,MEGARES,QNRS
blaOXA,14,AMRfinder,BLAOXA
merD,14,AMRfinder,MERD
arsD,13,AMRfinder,ARSD
arsA,13,AMRfinder,ARSA
merA,13,AMRfinder,MERA
merE,13,AMRfinder,MERE
arsR,13,AMRfinder,ARSR
ireA,12,AMRfinder,IREA
terZ,12,AMRfinder,TERZ
terW,12,AMRfinder,TERW
mchF,11,AMRfinder,MCHF
silR,11,AMRfinder,SILR
erm(B)_1,11,RESFINDER,ERM(B)
silF,10,AMRfinder,SILF
silB,10,AMRfinder,SILB
silA,10,AMRfinder,SILA
qepA1,10,AMRfinder;NCBI,QEPA
QepA2,10,CARD,QEPA
silS,10,AMRfinder,SILS
qepA1_1,10,RESFINDER,QEPA
(Bla)blaTEM-33,10,ARGANNOT,(BLA)BLATEM-
silC,10,AMRfinder,SILC
silE,9,AMRfinder,SILE
QepA4,9,CARD,QEPA
blaNDM,9,AMRfinder,BLANDM
pcoC,9,AMRfinder,PCOC
pcoS,9,AMRfinder,PCOS
sigA,9,AMRfinder,SIGA
qepA4_1,9,RESFINDER,QEPA
sul2_3,9,RESFINDER,SUL
qepA4,9,AMRfinder;NCBI,QEPA
mchB,8,AMRfinder,MCHB
pcoR,8,AMRfinder,PCOR
pcoE,8,AMRfinder,PCOE
aph(3'')-Ib_2,8,RESFINDER,APH(3'')-IB
silP,8,AMRfinder,SILP
pcoD,8,AMRfinder,PCOD
qepA,7,AMRfinder,QEPA
blaTEM-84,7,AMRfinder,BLATEM-
blaTEM-169,7,AMRfinder;NCBI,BLATEM-
pcoA,7,AMRfinder,PCOA
papE,7,AMRfinder,PAPE
pcoB,7,AMRfinder,PCOB
TEM-254,7,CARD,TEM-
blaTEM-169_1,7,RESFINDER,BLATEM-
CMY,6,MEGARES,CMY
(Tmt)dfrA8,6,ARGANNOT,(TMT)DFRA
nfsA_R218Ter,6,AMRfinder,NFSA_R218TER
blaCTX-M,6,AMRfinder,BLACTX-M
aap,6,AMRfinder,AAP
dfrA8,6,AMRfinder;NCBI;CARD,DFRA
papH,6,AMRfinder,PAPH
dfrA8_1,6,RESFINDER,DFRA
cirA_W124Ter,5,AMRfinder,CIRA_W124TER
(Phe)catA2,5,ARGANNOT,(PHE)CATA
catII_from_Escherichia_coli_K-12,5,CARD,CATII_FROM_ESCHERICHIA_COLI_K-
CMY-59,5,CARD,CMY-
dfrA1_10,5,RESFINDER,DFRA
iroD,5,AMRfinder,IROD
iroC,5,AMRfinder,IROC
iroB,5,AMRfinder,IROB
catA2,5,AMRfinder;NCBI,CATA
cirA_V70EfsTer7,5,AMRfinder,CIRA_V70EFSTER
terA,5,AMRfinder,TERA
terB,5,AMRfinder,TERB
terC,5,AMRfinder,TERC
catA2_1,5,RESFINDER,CATA
iroE,5,AMRfinder,IROE
iroN,5,AMRfinder,IRON
cirA_Q56Ter,5,AMRfinder,CIRA_Q56TER
blaTEMp_G162T,5,AMRfinder,BLATEMP_G162T
terE,5,AMRfinder,TERE
sul3,4,AMRfinder;NCBI;CARD,SUL
(Bla)blaCMY-111,4,ARGANNOT,(BLA)BLACMY-
(Sul)sul3,4,ARGANNOT,(SUL)SUL
sul3_2,4,RESFINDER,SUL
blaCMY-2_1,4,RESFINDER,BLACMY-
qacL,4,AMRfinder;CARD,QACL
estX-3,4,AMRfinder;NCBI,ESTX-
cvaC,4,AMRfinder,CVAC
blaCMY-2,4,AMRfinder;NCBI,BLACMY-
SULIII,4,MEGARES,SULIII
QACL,4,MEGARES,QACL
KPN,4,MEGARES,KPN
Klebsiella_pneumoniae_KpnH,4,CARD,KLEBSIELLA_PNEUMONIAE_KPNH
ibeA,4,AMRfinder,IBEA
ehxA,3,AMRfinder,EHXA
stxB2,3,AMRfinder,STXB
aar,3,AMRfinder,AAR
blaTEM-33,3,AMRfinder;NCBI,BLATEM-
stx2b_operon,3,AMRfinder,STX2B_OPERON
stxA2,3,AMRfinder,STXA
hdeD-GI,3,AMRfinder,HDED-GI
yfdX2,3,AMRfinder,YFDX
shsP,3,AMRfinder,SHSP
subB,3,AMRfinder,SUBB
aac(3)-VIa,3,AMRfinder;NCBI,AAC(3)-VIA
QNRB,3,MEGARES,QNRB
subA,3,AMRfinder,SUBA
espI,3,AMRfinder,ESPI
stxA1,3,AMRfinder,STXA
stx1c_operon,3,AMRfinder,STX1C_OPERON
stxB1,3,AMRfinder,STXB
qacE,3,AMRfinder,QACE
yfdX1,3,AMRfinder,YFDX
(AGly)aac3-VIa,3,ARGANNOT,(AGLY)AAC3-VIA
TEM-33,3,CARD,TEM-
AAC(3)-VIa,3,CARD,AAC(3)-VIA
aac(3)-VIa_2,3,RESFINDER,AAC(3)-VIA
blaTEM-33_1,3,RESFINDER,BLATEM-
(Bla)blaTEM-206,3,ARGANNOT,(BLA)BLATEM-
lpfA-O113,2,AMRfinder,LPFA-O
tet(A)_4,2,RESFINDER,TET(A)
qnrB4_1,2,RESFINDER,QNRB
blaDHA-1_1,2,RESFINDER,BLADHA-
blaOXA-48_1,2,RESFINDER,BLAOXA-
mph(A)_1,2,RESFINDER,MPH(A)
dfrA7_5,2,RESFINDER,DFRA
blaCTX-M-14_1,2,RESFINDER,BLACTX-M-
sul1_2,2,RESFINDER,SUL
DHA,2,MEGARES,DHA
QACEDELTA1,2,MEGARES,QACEDELTA
TETC,2,MEGARES,TETC
FLOR,2,MEGARES,FLOR
sul2_21,2,RESFINDER,SUL
blaTEM-1C_1,2,RESFINDER,BLATEM-1C
blaTEM-1A_1,2,RESFINDER,BLATEM-1A
catB3_2,2,RESFINDER,CATB
(Bla)blaCTX-M-14,2,ARGANNOT,(BLA)BLACTX-M-
FloR_4,2,RESFINDER,FLOR
blaCTX-M-156_1,2,RESFINDER,BLACTX-M-
CTX-M-14,2,CARD,CTX-M-
OXA-48,2,CARD,OXA-
DHA-1,2,CARD,DHA-
QnrB4,2,CARD,QNRB
TEM-150,2,CARD,TEM-
NDM-39,2,CARD,NDM-
TEM-206,2,CARD,TEM-
blaOXA-48,2,AMRfinder;NCBI,BLAOXA-
blaNDM-39,2,NCBI,BLANDM-
blaTEM-235,2,NCBI,BLATEM-
aatA,2,AMRfinder,AATA
nfsA_N134IfsTer94,2,AMRfinder,NFSA_N134IFSTER
(Bla)blaOXA-48,2,ARGANNOT,(BLA)BLAOXA-
gyrA_D87G,2,AMRfinder,GYRA_D87G
acrR_E72Ter,2,AMRfinder,ACRR_E72TER
acrR_I197SfsTer47,2,AMRfinder,ACRR_I197SFSTER
ompF_E139VfsTer29,2,AMRfinder,OMPF_E139VFSTER
ampC_T-32A,2,AMRfinder,AMPC_T-32A
sslE,2,AMRfinder,SSLE
tsh,2,AMRfinder,TSH
cvaB,2,AMRfinder,CVAB
qnrB4,2,AMRfinder;NCBI,QNRB
blaDHA-1,2,AMRfinder;NCBI,BLADHA-
ompF_G214CfsTer2,2,AMRfinder,OMPF_G214CFSTER
acrR_E76SfsTer13,2,AMRfinder,ACRR_E76SFSTER
parC_A108T,2,AMRfinder,PARC_A108T
dfrA7,2,AMRfinder;NCBI;CARD,DFRA
rpoB_P564L,2,AMRfinder,RPOB_P564L
nfsA_S121Ter,2,AMRfinder,NFSA_S121TER
blaTEM-150,2,NCBI,BLATEM-
blaCTX-M-14,2,AMRfinder;NCBI,BLACTX-M-
(Phe)floR,2,ARGANNOT,(PHE)FLOR
merB,2,AMRfinder,MERB
parE_E460D,2,AMRfinder,PARE_E460D
floR,2,AMRfinder;NCBI;CARD,FLOR
sta1,2,AMRfinder,STA
ltcA,2,AMRfinder,LTCA
aaiC,2,AMRfinder,AAIC
nfsB_E102Ter,2,AMRfinder,NFSB_E102TER
(Bla)blaTEM-135,2,ARGANNOT,(BLA)BLATEM-
(Phe)catB3,2,ARGANNOT,(PHE)CATB
(Bla)blaTEM-150,2,ARGANNOT,(BLA)BLATEM-
(Tmt)dhfr7,2,ARGANNOT,(TMT)DHFR
(Flq)qnrB4,2,ARGANNOT,(FLQ)QNRB
(Bla)blaDHA-1,2,ARGANNOT,(BLA)BLADHA-
(Bla)blaNDM-20,1,ARGANNOT,(BLA)BLANDM-
(Bla)blaACT-38,1,ARGANNOT,(BLA)BLAACT-
(Bla)ampH,1,ARGANNOT,(BLA)AMPH
(Bla)blaTEM-1D,1,ARGANNOT,(BLA)BLATEM-1D
(MLS)mph(B),1,ARGANNOT,(MLS)MPH(B)
(Tmt)dfrA5,1,ARGANNOT,(TMT)DFRA
(Phe)cmlA1,1,ARGANNOT,(PHE)CMLA
blaNDM-19_1,1,RESFINDER,BLANDM-
sul2_14,1,RESFINDER,SUL
CmlA7_1,1,RESFINDER,CMLA
mph(B)_1,1,RESFINDER,MPH(B)
blaACT-4_2,1,RESFINDER,BLAACT-
aph(3')-Ia_9,1,RESFINDER,APH(3')-IA
blaNDM-20_1,1,RESFINDER,BLANDM-
blaTEM-1D_1,1,RESFINDER,BLATEM-1D
dfrA5_1,1,RESFINDER,DFRA
(Bla)blaTEM-57,1,ARGANNOT,(BLA)BLATEM-
tet(C)_3,1,RESFINDER,TET(C)
str_2,1,RESFINDER,STR
dfrG_1,1,RESFINDER,DFRG
cat_5,1,RESFINDER,CAT
tet(L)_2,1,RESFINDER,TET(L)
tet(M)_10,1,RESFINDER,TET(M)
(Tet)tetU,1,ARGANNOT,(TET)TETU
aph(3')-Ia_3,1,RESFINDER,APH(3')-IA
aadA22_1,1,RESFINDER,AADA
aadA2_2,1,RESFINDER,AADA
blaCMY-98_1,1,RESFINDER,BLACMY-
(AGly)aph(3'')-Ia,1,ARGANNOT,(AGLY)APH(3'')-IA
(AGly)aadA22,1,ARGANNOT,(AGLY)AADA
(Bla)blaCMY-83,1,ARGANNOT,(BLA)BLACMY-
(Flq)qnrB1,1,ARGANNOT,(FLQ)QNRB
(Bla)blaCMY-42,1,ARGANNOT,(BLA)BLACMY-
(Tet)tetD,1,ARGANNOT,(TET)TETD
(Bla)blaNDM-1,1,ARGANNOT,(BLA)BLANDM-
(Bla)blaOXA-9,1,ARGANNOT,(BLA)BLAOXA-
(AGly)aac6-Ib,1,ARGANNOT,(AGLY)AAC6-IB
blaOXA-9_1,1,RESFINDER,BLAOXA-
blaNDM-1_1,1,RESFINDER,BLANDM-
tet(D)_1,1,RESFINDER,TET(D)
blaCMY-42_1,1,RESFINDER,BLACMY-
qnrB1_1,1,RESFINDER,QNRB
erm(B)_12,1,RESFINDER,ERM(B)
(Bla)blaNDM-19,1,ARGANNOT,(BLA)BLANDM-
TEM-239,1,CARD,TEM-
(Tet)tetC,1,ARGANNOT,(TET)TETC
cirA_E464Ter,1,AMRfinder,CIRA_E464TER
mph(B),1,AMRfinder;NCBI,MPH(B)
nfsA_Q67Ter,1,AMRfinder,NFSA_Q67TER
ompC_T72RfsTer12,1,AMRfinder,OMPC_T72RFSTER
cswA,1,AMRfinder,CSWA
pic,1,AMRfinder,PIC
pet,1,AMRfinder,PET
dfrA5,1,AMRfinder;NCBI;CARD,DFRA
qacG,1,AMRfinder,QACG
cirA_W615Ter,1,AMRfinder,CIRA_W615TER
nfsA_P21AfsTer2,1,AMRfinder,NFSA_P21AFSTER
mcr-1,1,AMRfinder,MCR-
blaCMY-42,1,AMRfinder;NCBI,BLACMY-
aafA,1,AMRfinder,AAFA
aafD,1,AMRfinder,AAFD
tet(M),1,AMRfinder;NCBI;CARD,TET(M)
tet(L),1,AMRfinder;NCBI;CARD,TET(L)
catA,1,AMRfinder,CATA
dfrG,1,AMRfinder;NCBI;CARD,DFRG
str,1,AMRfinder;NCBI,STR
cmlA1,1,AMRfinder;NCBI;CARD,CMLA
blaTEM-57,1,AMRfinder,BLATEM-
nfsB_E175Ter,1,AMRfinder,NFSB_E175TER
rdmCL,1,AMRfinder,RDMCL
cirA_N270KfsTer12,1,AMRfinder,CIRA_N270KFSTER
qnrB1,1,AMRfinder;NCBI,QNRB
nfsB_F167LfsTer11,1,AMRfinder,NFSB_F167LFSTER
blaNDM-1,1,AMRfinder;NCBI,BLANDM-
aac(6')-Ib,1,AMRfinder,AAC(6')-IB
nfsA_Q195Ter,1,AMRfinder,NFSA_Q195TER
cirA_Y98Ter,1,AMRfinder,CIRA_Y98TER
tet(C),1,AMRfinder;NCBI;CARD,TET(C)
gyrA_S83A,1,AMRfinder,GYRA_S83A
mdsA,1,AMRfinder;CARD,MDSA
pagO,1,AMRfinder,PAGO
cdtB,1,AMRfinder,CDTB
blaNDM-19,1,AMRfinder;NCBI,BLANDM-
nfsA_W212Ter,1,AMRfinder,NFSA_W212TER
nfsA_W159Ter,1,AMRfinder,NFSA_W159TER
nleA,1,AMRfinder,NLEA
espF,1,AMRfinder,ESPF
espB,1,AMRfinder,ESPB
espA,1,AMRfinder,ESPA
eae,1,AMRfinder,EAE
tir,1,AMRfinder,TIR
tccP,1,AMRfinder,TCCP
nleB2,1,AMRfinder,NLEB
cif,1,AMRfinder,CIF
tet(D),1,AMRfinder;NCBI;CARD,TET(D)
csnA,1,AMRfinder,CSNA
(AGly)aadA3,1,ARGANNOT,(AGLY)AADA
DFRG,1,MEGARES,DFRG
TEM-57,1,CARD,TEM-
aadA22,1,CARD,AADA
CMY-159,1,CARD,CMY-
QnrB17,1,CARD,QNRB
NDM-1,1,CARD,NDM-
OXA-9,1,CARD,OXA-
TETM,1,MEGARES,TETM
TETL,1,MEGARES,TETL
EFRA,1,MEGARES,EFRA
EFRB,1,MEGARES,EFRB
ANT6,1,MEGARES,ANT
lpfA1,1,AMRfinder,LPFA
GESA,1,MEGARES,GESA
ACT,1,MEGARES,ACT
CMLA,1,MEGARES,CMLA
IBCR,1,MEGARES,IBCR
TETU,1,MEGARES,TETU
(Tet)tetM,1,ARGANNOT,(TET)TETM
(Tet)tetL,1,ARGANNOT,(TET)TETL
(Phe)catA8,1,ARGANNOT,(PHE)CATA
(Tmt)dfrG,1,ARGANNOT,(TMT)DFRG
(AGly)str,1,ARGANNOT,(AGLY)STR
mphB,1,CARD,MPHB
ACT-118,1,CARD,ACT-
NDM-16b,1,CARD,NDM-16B
TEM-12,1,CARD,TEM-
eilA,1,AMRfinder,EILA
blaACT,1,AMRfinder,BLAACT
fieF,1,AMRfinder,FIEF
oqxA,1,AMRfinder,OQXA
qnrB,1,AMRfinder,QNRB
blaCMY,1,AMRfinder,BLACMY
rpoB_V146F,1,AMRfinder,RPOB_V146F
blaTEM-54,1,AMRfinder,BLATEM-
catA8,1,NCBI;CARD,CATA
blaTEM-12,1,NCBI,BLATEM-
blaNDM-16b,1,NCBI,BLANDM-16B
blaACT-137,1,NCBI,BLAACT-
blaCMY-159,1,NCBI,BLACMY-
blaOXA-9,1,NCBI,BLAOXA-
aac(6')-Ib-AKT,1,NCBI,AAC(6')-IB-AKT
aph(2'')-Ii,1,NCBI,APH(2'')-II
efrA,1,CARD,EFRA
efrB,1,CARD,EFRB
emeA,1,CARD,EMEA
aadA3,1,CARD,AADA
NDM-19,1,CARD,NDM-
aac(6')-Ib_1,1,RESFINDER,AAC(6')-IB
