Gene,ST,Present_ST,Total_ST,Present_others,Total_others,OddsRatio,p_fisher,p_fisher_adj
blaNDM-5,ST167,158,189,0,255,inf,2.4993432894293417e-89,3.6740346354611325e-87
dfrA17,ST131,121,151,30,293,35.35888888888889,2.0389466721099356e-50,1.4986258040008028e-48
aadA5,ST131,120,151,30,293,33.935483870967744,1.5513899699504635e-49,7.601810852757272e-48
blaNDM-5,ST131,0,151,158,293,0.0,2.506392340627661e-38,9.210991851806655e-37
mph(A),ST10,21,104,281,340,0.05312352613300176,1.4613039208144715e-31,4.2962335271945456e-30
rmtB,ST167,70,189,0,255,inf,1.381139128823046e-30,3.3837908656164633e-29
tet(B),ST167,117,189,33,255,10.931818181818182,1.6619844425842556e-27,3.146944158213089e-26
aadA2,ST167,79,189,6,255,29.804545454545455,1.9267005050284218e-27,3.146944158213089e-26
dfrA12,ST167,77,189,5,255,34.375,1.8112978289903542e-27,3.146944158213089e-26
tet(B),ST131,5,151,145,293,0.03495512517713746,6.0194397283936564e-27,8.848576400738674e-26
dfrA1,ST167,87,189,12,255,17.272058823529413,3.99059991145494e-26,5.332892608944329e-25
blaCTX-M-15,ST10,13,104,237,340,0.062085593731163354,7.168680357212483e-26,8.781633437585292e-25
blaCTX-M-15,ST167,158,189,92,255,9.03015427769986,1.88439207718886e-24,2.13081257959048e-23
aadA1,ST167,87,189,15,255,13.647058823529411,5.966302781959501e-24,5.846976726320311e-23
blaNDM-5,ST10,0,104,158,340,0.0,5.961264333878363e-24,5.846976726320311e-23
tet(D),ST167,93,189,20,255,11.3828125,1.845154898774603e-23,1.6952360632491664e-22
tet(D),ST131,1,151,112,293,0.010773809523809524,3.8546412473208653e-23,3.3331309609186304e-22
dfrA1,ST131,0,151,99,293,0.0,1.4752234445438322e-21,1.2047658130441296e-20
aadA1,ST131,1,151,101,293,0.012673267326732674,2.4023688008844266e-20,1.8586748091053196e-19
sul1,ST131,124,151,111,293,7.530196863530197,1.551734751431091e-19,1.1405250423018517e-18
dfrA17,ST167,22,189,129,255,0.1286728867845704,1.1358115573793009e-18,7.950680901655107e-18
aadA5,ST167,22,189,128,255,0.1307073353293413,1.3792788006542764e-18,9.21609016800812e-18
sul1,ST10,17,104,218,340,0.1093535800906886,2.3727890159558802e-18,1.51652167541528e-17
aac(3)-IId,ST10,7,104,171,340,0.07132091396877073,1.0359841087576547e-17,6.345402666140636e-17
tet(A),ST131,122,151,117,293,6.328323017978191,5.660999845813774e-17,3.3286679093384995e-16
aadA2,ST131,1,151,84,293,0.016587301587301588,2.274240349152004e-16,1.2858205050974791e-15
dfrA12,ST131,1,151,81,293,0.017448559670781894,1.7022408901993559e-15,9.267755957752047e-15
rmtB,ST131,0,151,70,293,0.0,1.56764971400873e-14,8.230160998545833e-14
erm(B),ST167,50,189,7,255,12.744090441932169,5.354824751402556e-14,2.71434220157302e-13
blaCTX-M-27,ST131,29,151,1,293,69.40983606557377,8.036334961765112e-14,3.937804131264905e-13
blaTEM-35,ST167,32,189,0,255,inf,2.6221367411495143e-13,1.2434003256418664e-12
dfrA17,ST10,8,104,143,340,0.1148018648018648,3.7404621495779966e-12,1.7182747999623923e-11
aadA5,ST10,8,104,142,340,0.11619718309859155,4.166335278076832e-12,1.8559129875069523e-11
aac(6')-Ib-cr,ST10,3,104,112,340,0.060466760961810466,5.210857748227843e-12,2.2529296734985084e-11
mph(A),ST167,161,189,141,255,4.648936170212766,1.1460670607728637e-11,4.813481655246028e-11
blaOXA-1,ST10,3,104,108,340,0.0638063806380638,2.021728870160695e-11,8.255392886489505e-11
dfrA14,ST10,19,104,4,340,18.776470588235295,1.0291701170681454e-09,4.088865059703172e-09
rmtB,ST10,0,104,70,340,0.0,1.83547046485217e-09,7.100372587717605e-09
catB3,ST10,5,104,107,340,0.109978287548381,2.1991908804888525e-09,8.289257934150289e-09
qepA,ST167,23,189,1,255,35.19277108433735,1.9442791259768495e-08,7.145225787964921e-08
tet(A),ST167,73,189,166,255,0.3374013294557541,3.567827429573352e-08,1.2791966637738603e-07
aac(3)-IId,ST167,104,189,74,255,2.9926868044515103,3.696428662035848e-08,1.2937500317125467e-07
aac(3)-IIe,ST131,29,151,12,293,5.566256830601093,8.703352228502907e-07,2.9753320409068075e-06
blaCTX-M-27,ST167,1,189,29,255,0.04145267791636097,1.0438852863892142e-06,3.4875258431639656e-06
blaTEM-35,ST131,0,151,32,293,0.0,1.9477995406492175e-06,6.264561664284195e-06
blaCTX-M-55,ST167,15,189,0,255,inf,1.960339024197775e-06,6.264561664284195e-06
dfrA12,ST10,4,104,78,340,0.13435897435897437,2.0813958442104765e-06,6.509897640402979e-06
erm(B),ST10,1,104,56,340,0.049237170596393896,2.6404972038113158e-06,8.086522686672154e-06
aadA2,ST10,5,104,80,340,0.16414141414141414,6.230350647552933e-06,1.86910519426588e-05
erm(B),ST131,6,151,51,293,0.19634888438133874,2.155711218542082e-05,6.337790982513721e-05
qepA,ST131,0,151,24,293,0.0,6.31174504425768e-05,0.00018192676892272137
blaOXA-1,ST131,55,151,56,293,2.4246651785714284,0.00011971233382679651,0.0003384175590872901
aac(6')-Ib-cr,ST131,56,151,59,293,2.337912578055308,0.00015464985051019,0.0004289344910376968
mph(A),ST131,120,151,182,293,2.3608649415101026,0.00017109139923817684,0.00046574880903725916
blaTEM-35,ST10,0,104,32,340,0.0,0.00028192144696133033,0.0007534991400602828
catB3,ST131,54,151,58,293,2.2555990046214007,0.00033486081197211983,0.0008790096314268146
qepA4,ST167,9,189,0,255,inf,0.0004103533843373494,0.00105827978065948
blaCTX-M-27,ST10,0,104,30,340,0.0,0.0004660515693005274,0.0011811996670203022
dfrA14,ST131,1,151,22,293,0.08212121212121212,0.0010996530094788185,0.002739813430396378
aph(6)-Id,ST10,47,104,214,340,0.485489424495819,0.0014545603811528562,0.0035636729338244977
aac(3)-IIe,ST167,8,189,33,255,0.2973380210949272,0.0015089104426343307,0.003636226804381092
dfrA1,ST10,12,104,87,340,0.3793103448275862,0.0019557471459159164,0.004637013394349027
aph(6)-Id,ST131,104,151,157,293,1.9167908930749424,0.002229048873497618,0.0052011140381611086
blaCTX-M-55,ST131,0,151,15,293,0.0,0.0035715517359140225,0.00807720161814402
qnrS1,ST131,0,151,15,293,0.0,0.0035715517359140225,0.00807720161814402
dfrA14,ST167,3,189,20,255,0.18951612903225806,0.0038795122580479024,0.008640731847470329
aph(3'')-Ib,ST131,104,151,160,293,1.8393617021276596,0.004240931786315082,0.009304730934153986
catA1,ST131,1,151,18,293,0.10185185185185185,0.005328849748241634,0.011519719308698825
blaTEM-1,ST10,47,104,206,340,0.5363651848066768,0.006551984655757789,0.013958576005744853
aadA1,ST10,14,104,88,340,0.44545454545454544,0.007721124277590611,0.016214360982940285
sul2,ST131,103,151,161,293,1.7593167701863355,0.007950303394703609,0.016460487310160993
aph(3'')-Ib,ST10,50,104,214,340,0.5451713395638629,0.008554577024256254,0.017465594757856518
tet(A),ST10,44,104,195,340,0.5452991452991452,0.009540103109579319,0.019210892563125477
qnrS1,ST10,8,104,7,340,3.9642857142857144,0.010331634888222583,0.020523653088766483
catA2,ST167,5,189,0,255,inf,0.013553320268895887,0.02656450772703594
blaTEM-1,ST167,120,189,133,255,1.5952925792742727,0.0199607766524165,0.03860834431454244
qepA,ST10,1,104,23,340,0.13381173490924442,0.023026837162422494,0.04396032549189748
blaCTX-M-55,ST10,0,104,15,340,0.0,0.027283284573975816,0.05141849785095442
dfrA8,ST10,4,104,2,340,6.76,0.0289504589168376,0.05386984127563452
sul2,ST10,52,104,212,340,0.6037735849056604,0.029972253973238702,0.055074016675826114
catA1,ST167,13,189,6,255,3.065340909090909,0.030428416842189793,0.05522194167656667
qepA4,ST131,0,151,9,293,0.0,0.03149990670675808,0.056469344949919974
aac(3)-IIe,ST10,4,104,37,340,0.32756756756756755,0.032305548026390345,0.05721585011902869
dfrA8,ST167,0,189,6,255,0.0,0.04067066229044252,0.07117365900827441
tet(D),ST10,19,104,94,340,0.5849812265331664,0.07111148532852443,0.1229810393328599
tet(B),ST10,28,104,122,340,0.6583261432269197,0.09813670867478158,0.16774530436270804
blaCTX-M-14,ST131,2,151,0,293,inf,0.11515465804404855,0.19457166359166825
qepA4,ST10,0,104,9,340,0.0,0.12438877767302706,0.20778579906744293
aac(6')-Ib-cr,ST167,56,189,59,255,1.3987511150758252,0.12668217291219458,0.20923909458531015
catA2,ST131,0,151,5,293,0.0,0.17142012883187452,0.27998621042539507
blaOXA-48,ST167,2,189,0,255,inf,0.18064791653956438,0.2918158651792963
sul3,ST10,2,104,2,340,3.3137254901960786,0.234856775972545,0.3487267279592335
blaOXA-1,ST167,53,189,58,255,1.323656186612576,0.22328699408269453,0.3487267279592335
qnrB1,ST10,1,104,0,340,inf,0.23423423423423423,0.3487267279592335
aac(3)-IId,ST131,67,151,111,293,1.3078078078078077,0.2199537917390354,0.3487267279592335
cmlA,ST10,1,104,0,340,inf,0.23423423423423423,0.3487267279592335
tet(M),ST10,1,104,0,340,inf,0.23423423423423423,0.3487267279592335
dfrA5,ST10,1,104,0,340,inf,0.23423423423423423,0.3487267279592335
blaCTX-M-15,ST131,79,151,171,293,0.7828135152696556,0.2275867254814506,0.3487267279592335
sul1,ST167,94,189,141,255,0.8,0.25044462422629554,0.3681535976126545
catB3,ST167,53,189,59,255,1.2946161515453638,0.26937565946850606,0.39206160338485535
sul3,ST131,0,151,4,293,0.0,0.3045121347566479,0.4388557236198749
qnrB4,ST10,1,104,1,340,3.29126213592233,0.4140076871453846,0.5687769159847808
tet(C),ST10,1,104,1,340,3.29126213592233,0.4140076871453846,0.5687769159847808
blaDHA-1,ST10,1,104,1,340,3.29126213592233,0.4140076871453846,0.5687769159847808
floR,ST10,1,104,1,340,3.29126213592233,0.4140076871453846,0.5687769159847808
dfrA7,ST10,1,104,1,340,3.29126213592233,0.4140076871453846,0.5687769159847808
mph(B),ST167,1,189,0,255,inf,0.4256756756756757,0.5740763699479295
mcr-1,ST167,1,189,0,255,inf,0.4256756756756757,0.5740763699479295
blaCTX-M-14,ST167,0,189,2,255,0.0,0.5099444817277774,0.6575599895963445
tet(C),ST167,0,189,2,255,0.0,0.5099444817277774,0.6575599895963445
qnrB4,ST167,0,189,2,255,0.0,0.5099444817277774,0.6575599895963445
blaDHA-1,ST167,0,189,2,255,0.0,0.5099444817277774,0.6575599895963445
dfrA7,ST167,0,189,2,255,0.0,0.5099444817277774,0.6575599895963445
floR,ST131,0,151,2,293,0.0,0.5501291359079169,0.6971464049867567
blaOXA-48,ST131,0,151,2,293,0.0,0.5501291359079169,0.6971464049867567
sul2,ST167,109,189,155,255,0.8790322580645161,0.5577001754933613,0.700700220491659
catA2,ST10,0,104,5,340,0.0,0.5953045437082845,0.7416082027552358
blaCMY-2,ST131,2,151,2,293,1.9530201342281879,0.6077771922755514,0.750783590458034
blaCMY-2,ST167,1,189,3,255,0.44680851063829785,0.6398385337437256,0.7838022038360638
aph(3'')-Ib,ST167,110,189,154,255,0.9132007233273056,0.6959268207443146,0.8454648152844152
catA1,ST10,5,104,14,340,1.176046176046176,0.7829052547770374,0.9433366594444631
qnrS1,ST167,7,189,8,255,1.1875,0.794258754898207,0.9492360729271253
tet(M),ST131,0,151,1,293,0.0,1.0,1.0
tet(M),ST167,0,189,1,255,0.0,1.0,1.0
blaTEM-1,ST131,86,151,167,293,0.9982496545370797,1.0,1.0
cmlA,ST131,0,151,1,293,0.0,1.0,1.0
cmlA,ST167,0,189,1,255,0.0,1.0,1.0
dfrA8,ST131,2,151,4,293,0.9697986577181208,1.0,1.0
blaOXA-48,ST10,0,104,2,340,0.0,1.0,1.0
mcr-1,ST131,0,151,1,293,0.0,1.0,1.0
mcr-1,ST10,0,104,1,340,0.0,1.0,1.0
dfrA5,ST131,0,151,1,293,0.0,1.0,1.0
blaCTX-M-14,ST10,0,104,2,340,0.0,1.0,1.0
blaCMY-2,ST10,1,104,3,340,1.0906148867313916,1.0,1.0
mph(B),ST131,0,151,1,293,0.0,1.0,1.0
mph(B),ST10,0,104,1,340,0.0,1.0,1.0
qnrB1,ST167,0,189,1,255,0.0,1.0,1.0
qnrB1,ST131,0,151,1,293,0.0,1.0,1.0
sul3,ST167,2,189,2,255,1.3529411764705883,1.0,1.0
tet(C),ST131,1,151,1,293,1.9466666666666668,1.0,1.0
qnrB4,ST131,1,151,1,293,1.9466666666666668,1.0,1.0
floR,ST167,1,189,1,255,1.351063829787234,1.0,1.0
blaDHA-1,ST131,1,151,1,293,1.9466666666666668,1.0,1.0
dfrA7,ST131,1,151,1,293,1.9466666666666668,1.0,1.0
dfrA5,ST167,0,189,1,255,0.0,1.0,1.0
aph(6)-Id,ST167,110,189,151,255,0.9590074608097913,0.8458596354351022,1.0
